1937,9,17,17,0,0,44N50,0W34
1889,8,13,12,20,40,48N50,2E20
1926,11,16,6,0,0,43N18,5E22
1905,12,17,15,50,40,43N42,7E16
1937,8,29,3,30,0,48N 0,4W 6
1923,4,17,1,0,0,45N46,4E50
1904,4,12,22,50,40,47N 5,2E23
1933,5,14,10,0,0,43N37,3E53
1913,12,11,11,0,0,46N59,3E 9
1900,7,24,1,50,40,48N50,2E11
1931,12,31,23,0,0,50N39,3E 5
1920,8,2,5,0,0,46N19,0W27
1942,3,6,17,0,0,43N12,2E21
1916,3,14,5,0,0,44N56,4E54
1935,12,25,16,30,0,45N34,5E55
1930,1,14,1,0,0,43N42,7E16
1888,12,21,0,38,32,43N18,5E22
1916,2,15,6,0,0,49N 7,6E11
1918,7,29,0,0,0,44N12,0E38
1938,9,2,10,0,0,43N18,0W22
1918,6,30,19,0,0,44N56,2E26
1936,9,4,4,0,0,48N42,6E12
1925,12,8,7,50,0,49N26,1E 5
1933,7,5,18,20,0,48N27,1E30
1929,2,18,23,30,0,48N 7,5E 8
1923,10,5,8,0,0,43N37,3E53
1920,5,28,21,0,0,43N42,7E16
1924,5,20,5,0,0,43N37,1E26
1930,2,20,10,30,0,48N33,2E40
1901,6,28,14,50,40,50N39,3E 5
1935,1,2,1,10,0,50N39,3E 5
1905,2,27,9,50,40,43N37,3E53
1911,12,11,16,0,0,43N18,0W22
1905,5,1,0,50,40,43N18,0W22
1940,6,20,5,45,0,50N39,3E 5
1928,10,27,9,45,0,36N47,3E 0
1933,1,18,3,0,0,49N26,2E 5
1917,4,27,14,30,0,46N35,0E20
1939,1,21,8,0,0,45N11,5E43
1934,1,13,10,0,0,48N47,2E29
1899,10,1,1,50,40,45N50,1E15
1932,7,9,15,5,0,48N35,7E45
1925,7,31,5,30,0,48N35,7E45
1921,9,7,0,0,0,45N16,1E46
1931,3,2,14,20,0,48N47,2E29
1936,6,13,0,15,0,50N39,3E 5
1917,2,21,15,0,0,43N18,0W22
1913,12,15,21,45,0,50N39,3E 5
1906,12,10,4,50,40,44N50,0W34
1937,1,12,4,0,0,45N11,0E44
1914,8,28,10,0,0,43N14,0E 5
1920,2,18,9,0,0,50N39,3E 5
1936,9,8,10,0,0,48N31,2W45
1901,2,21,22,50,40,44N50,0W34
1923,5,27,15,30,0,49N26,1E 5
1932,4,3,15,0,0,49N54,2E18
1920,3,31,1,0,0,43N42,7E16
1901,11,10,0,50,40,48N33,2E40
1917,4,11,13,20,0,48N50,2E11
1925,10,14,6,30,0,43N42,7E16
1906,7,2,17,50,40,43N42,7E16
1888,3,5,16,1,28,43N18,0W22
1908,12,1,1,50,40,48N50,2E11
1903,1,27,10,50,40,50N18,2E46
1910,4,22,9,50,40,44N50,0W34
1901,8,29,0,50,40,45N47,3E 5
1939,3,13,10,0,0,42N58,1E35
1902,5,22,22,50,40,43N37,3E53
1913,4,20,12,0,0,49N 1,1E11
1931,6,26,22,0,0,49N 0,2E 0
1901,4,2,11,35,40,43N14,0E 5
1912,12,23,12,0,0,44N50,0W34
1935,5,14,4,0,0,46N19,0W27
1927,6,22,16,30,0,47N 5,2E23
1919,8,2,12,0,0,46N12,5E13
1920,12,24,13,0,0,43N14,0E 5
1895,7,22,18,50,40,50N39,3E 5
1923,7,21,6,30,0,47N15,6E 2
1923,7,21,6,0,0,47N15,6E 2
1928,2,24,20,0,0,50N18,2E46
1906,2,6,13,0,0,48N 5,7E21
1899,12,1,19,50,40,48N57,4E22
1921,2,24,1,0,0,50N51,4E15
1937,2,5,2,0,0,50N51,4E15
1920,8,6,2,0,0,51N13,3E15
1901,7,19,12,41,28,52N22,4E38
1921,2,16,1,0,0,43N42,7E16
1899,8,3,17,50,40,43N42,7E16
1896,12,28,22,50,40,49N26,1E 5
1913,7,5,4,0,0,48N50,2E 8
1908,4,2,20,50,40,48N50,2E11
1908,10,4,13,10,40,50N39,3E 5
1884,8,3,4,43,40,48N18,4E 5
1908,3,17,6,50,40,45N47,3E 5
1905,11,5,2,50,40,45N47,3E 5
1906,8,31,22,50,40,49N46,4E44
1917,10,30,8,0,0,43N57,4E50
1918,7,13,12,0,0,45N30,9E15
1888,9,15,0,10,4,45N24,11E 0
1898,10,18,15,30,0,40N48,8E30
1903,6,9,8,15,0,45N30,11E 0
1887,11,22,10,40,4,45N 0,8E 0
1913,1,10,17,40,0,45N30,9E15
1898,9,28,1,15,0,42N30,13E 0
1893,3,24,16,40,4,43N42,11E30
1905,12,27,10,30,0,45N24,8E30
1930,10,10,18,25,0,45N30,9E15
1907,1,25,20,0,0,45N30,11E 0
1903,2,9,14,0,0,45N30,9E 0
1888,5,21,1,40,4,45N 0,8E 0
1881,10,24,21,10,4,45N24,8E30
1905,12,19,19,22,0,45N48,9E15
1928,6,5,4,20,0,45N24,8E30
1929,5,22,19,30,0,45N30,9E15
1884,6,2,1,10,4,45N30,9E15
1892,11,16,8,10,4,45N12,11E 0
1901,12,30,2,0,0,44N18,8E45
1919,6,1,9,0,0,45N30,11E 0
1868,10,18,19,10,4,45N 0,8E 0
1906,10,12,18,0,0,41N54,12E30
1925,4,16,2,40,0,45N 0,8E 0
1904,8,8,12,0,0,45N30,9E 0
1912,4,7,22,45,0,49N26,1E 5
1916,7,25,5,0,0,45N11,5E43
1895,9,7,21,50,40,48N50,2E11
1897,8,15,3,20,40,47N15,6E 2
1905,9,26,22,35,40,48N50,2E 8
1881,8,25,16,50,40,48N36,2E20
1917,11,5,20,0,0,46N40,1W25
1879,5,19,5,50,40,48N50,2E20
1889,1,8,22,20,40,48N50,2E20
1898,2,27,18,50,40,45N50,1E15
1880,2,8,20,44,28,43N37,3E53
1896,10,25,6,50,40,49N26,2E 5
1923,1,30,21,30,0,50N18,2E46
1894,6,7,14,50,40,46N34,3E20
1890,5,16,6,52,56,45N16,1E46
1920,11,16,12,30,0,48N36,2E20
1889,5,25,11,54,40,44N 1,1E20
1888,12,4,5,41,4,49N46,4E44
1880,1,2,11,50,40,48N50,2E20
1892,2,8,16,50,40,48N31,2W45
1913,1,1,4,0,0,50N39,3E 5
1884,10,2,4,50,40,48N50,2E20
1893,9,23,3,50,40,41N55,8E45
1882,1,18,1,50,48,49N54,2E18
1884,7,1,20,50,48,49N54,2E18
1898,7,20,5,50,40,48N57,4E22
1902,4,26,16,20,40,44N50,0W34
1896,5,1,17,50,40,49N34,3E37
1892,7,16,7,50,40,47N13,1W35
1904,3,18,1,50,40,43N37,1E26
1898,1,23,3,50,40,43N42,7E16
1892,11,4,13,50,40,44N 1,1E20
1888,10,4,3,13,16,46N49,1E41
1928,6,24,4,30,0,48N50,2E11
1911,11,20,1,30,0,48N47,2E29
1892,11,2,18,50,40,48N31,2W45
1901,12,8,5,20,40,43N57,4E50
1891,11,28,2,20,40,47N15,6E 2
1891,1,2,12,50,0,48N55,2E30
1872,3,13,20,22,24,47N54,1E54
1894,11,19,17,50,40,49N34,3E37
1890,8,24,21,42,32,48N57,4E22
1930,9,4,5,0,0,48N47,2E29
1883,6,9,0,52,0,49N 0,2E 0
1905,2,21,16,20,40,50N39,3E 5
1894,3,26,20,20,40,48N10,6E28
1915,4,12,5,0,0,50N18,2E46
1890,8,7,18,40,40,45N46,4E50
1889,7,19,17,48,56,50N18,2E46
1920,6,18,14,0,0,47N54,1E54
1890,10,8,16,5,40,46N40,1W25
1902,5,29,11,50,40,48N57,4E22
1894,12,24,10,20,40,48N50,2E20
1896,9,13,1,50,40,47N38,6E52
1894,6,8,7,50,40,47N37,6E 9
1882,4,15,9,21,28,48N50,2E 8
1893,5,20,19,50,40,47N13,1W35
1901,3,7,17,50,40,48N50,2E11
1896,4,29,10,50,40,49N 7,1W 5
1900,3,2,5,50,40,48N50,2E20
1884,7,15,10,2,16,43N40,0E36
1924,6,7,0,0,0,44N50,0W34
1817,3,25,5,16,24,48N 0,4W 6
1899,2,22,3,50,40,47N40,2W44
1891,7,11,23,20,40,49N54,2E18
1903,11,12,17,50,40,49N34,3E37
1882,12,24,2,51,16,48N50,2E11
1888,9,13,3,59,40,48N26,0E 5
1908,8,20,3,20,40,48N 0,4W 6
1885,3,23,0,25,56,47N40,2W44
1877,5,24,17,50,40,48N50,2E20
1885,3,14,16,47,40,45N47,3E 5
1869,6,2,5,35,52,47N15,6E 2
1920,11,24,10,30,0,49N26,1E 5
1912,2,5,3,0,0,50N39,3E 5
1875,2,20,18,20,16,44N56,2E26
1901,12,9,1,50,40,49N34,3E37
1886,11,5,9,42,36,43N51,4E21
1893,10,19,15,20,40,46N 9,1W10
1920,1,3,17,30,0,48N47,2E29
1886,3,10,17,50,40,48N50,2E20
1915,3,21,14,0,0,47N13,1W35
1914,8,21,10,0,0,48N47,2E29
1904,3,13,13,50,40,46N12,5E13
1895,8,8,7,20,40,48N33,2E40
1898,5,20,21,20,40,48N42,6E12
1889,10,31,17,36,40,48N 7,1W40
1921,4,15,22,15,0,43N42,7E16
1898,8,25,19,20,40,46N 9,1W10
1883,7,19,20,44,28,43N37,3E53
1889,6,13,5,37,8,45N11,5E43
1892,3,9,20,20,40,43N40,0E36
1888,1,1,20,55,40,49N26,1E 5
1891,9,30,11,20,40,49N54,2E18
1887,5,17,2,40,56,47N40,2W44
1911,7,25,10,30,0,47N48,3E35
1926,1,6,12,0,0,47N54,1E54
1901,12,1,10,50,40,48N55,2E30
1877,1,27,6,50,40,48N50,2E20
1894,1,28,19,20,40,46N18,4E50
1900,6,29,9,5,40,45N46,4E50
1907,10,22,17,50,40,36N47,3E 0
1914,10,31,12,0,0,41N55,8E45
1897,5,5,7,50,40,45N47,3E 5
1909,5,4,18,20,40,45N11,5E43
1877,8,4,6,35,12,48N42,6E12
1907,8,11,15,0,0,48N35,7E45
1884,4,24,11,50,40,48N50,2E20
1896,10,2,6,20,40,47N40,2W44
1892,1,5,14,20,40,46N40,5E33
1912,11,27,11,0,0,48N42,6E12
1897,1,30,5,20,40,46N18,4E50
1898,5,14,0,50,40,45N50,1E15
1895,8,6,6,5,40,47N54,1E54
1880,2,5,19,25,40,45N46,4E50
1889,10,17,6,35,12,48N42,6E12
1894,11,7,0,15,0,45N48,9E15
1902,12,27,18,0,0,45N30,9E15
1895,10,5,2,0,0,38N 0,15E30
1877,3,1,0,40,4,41N54,12E30
1879,10,4,2,55,4,44N48,10E45
1894,2,5,13,0,0,40N42,15E15
1902,9,10,12,0,0,45N36,9E45
1893,3,24,22,15,4,45N30,12E30
1894,9,28,3,30,0,40N24,18E45
1891,5,5,14,40,4,45N36,9E45
1885,9,4,3,20,4,43N42,8E 0
1897,4,3,19,0,0,44N18,8E45
1896,11,15,16,0,0,45N30,12E30
1890,9,22,18,10,4,45N30,9E15
1878,5,10,21,10,4,40N36,18E 0
1879,2,19,12,55,4,43N42,13E45
1884,6,21,3,10,4,40N54,14E 0
1879,7,2,19,40,4,45N 0,12E15
1894,3,5,13,0,0,40N54,14E 0
1871,9,28,0,10,4,44N54,8E30
1882,8,31,0,10,4,44N24,9E 0
1896,6,5,18,30,0,44N42,12E30
1897,8,4,13,0,0,44N24,9E 0
1888,5,9,15,40,4,44N24,12E15
1895,7,28,22,0,0,44N 0,10E30
1891,2,25,10,10,4,46N 0,13E30
1895,7,18,1,0,0,45N 0,12E15
1886,1,19,12,10,4,37N12,13E30
1886,7,12,0,25,4,42N24,12E 0
1902,5,4,4,0,0,45N30,9E15
1887,6,8,7,15,4,40N30,17E30
1891,1,24,10,10,4,45N30,9E15
1887,9,24,0,10,4,41N54,12E30
1892,7,7,15,40,4,44N24,7E15
1900,10,31,-1,45,0,45N24,12E15
1893,6,6,15,20,4,41N12,17E 0
1901,6,7,13,30,0,43N 0,13E 0
1888,3,17,0,10,4,43N42,8E 0
1894,12,23,9,15,0,45N30,9E15
1886,3,4,15,10,4,44N12,12E30
1886,3,4,18,10,4,44N36,10E45
1874,11,28,0,10,4,44N24,7E15
1900,10,15,6,5,0,44N48,10E45
1872,2,1,0,10,4,44N12,12E30
1902,12,22,15,45,0,45N30,9E15
1885,3,1,16,10,4,45N12,11E 0
1883,6,3,22,25,4,44N24,7E15
1891,9,4,2,20,4,45N 0,8E 0
1893,1,13,9,25,4,45N12,9E 0
1889,6,2,19,40,4,45N 0,9E 0
1901,12,25,-1,30,0,44N24,7E15
1883,5,2,18,10,4,45N 0,8E 0
1886,10,26,8,10,4,45N24,11E 0
1879,10,10,12,50,4,45N24,11E 0
1892,4,13,12,10,4,45N 0,8E 0
1886,7,3,11,10,4,46N 0,12E 0
1892,7,6,8,20,4,43N42,13E45
1896,2,6,9,0,0,45N30,12E 0
1877,8,4,15,10,4,39N24,9E 0
1892,9,3,4,58,4,41N54,12E30
1890,5,19,3,40,4,45N48,9E15
1890,7,21,17,40,4,45N 0,8E 0
1897,1,31,15,30,0,45N 0,9E 0
1878,11,21,13,25,4,44N 0,13E 0
1893,12,23,2,10,0,45N30,9E15
1894,3,20,1,30,0,45N30,9E15
1888,4,3,3,20,4,46N12,10E 0
1888,9,21,12,40,4,45N30,12E 0
1887,8,13,11,10,4,45N36,9E45
1887,4,12,11,10,4,45N12,11E 0
1904,9,13,17,10,0,41N54,12E30
1888,5,10,22,10,4,43N42,11E30
1890,3,1,1,27,4,45N 0,8E 0
1895,3,10,4,10,0,45N30,11E 0
1865,11,16,12,28,0,43N 0,13E 0
1878,3,31,4,25,4,41N54,12E30
1904,11,25,14,0,0,41N12,17E 0
1892,7,18,22,40,4,45N48,9E 0
1885,4,8,21,10,4,44N30,11E 0
1895,6,20,13,0,0,43N42,11E30
1894,8,10,3,0,0,43N 0,13E 0
1895,5,1,1,0,0,41N36,15E30
1878,7,16,6,25,4,45N30,12E30
1888,2,11,17,40,4,45N30,9E15
1883,8,25,3,40,4,45N12,9E 0
1889,7,21,22,15,4,43N42,8E 0
1886,2,19,0,40,4,45N 0,8E 0
1894,12,24,8,45,0,43N42,11E30
1892,8,8,7,10,4,45N30,12E30
1902,1,13,7,0,0,45N30,12E 0
1902,6,12,0,0,0,45N30,9E15
1893,7,1,10,10,4,40N30,15E45
1892,4,6,12,10,4,45N30,12E30
1880,8,11,10,10,4,41N30,13E 0
1885,10,7,21,10,4,40N54,14E 0
1897,8,21,22,30,0,43N42,11E 0
1874,1,18,5,10,4,41N 0,15E 0
1875,4,27,19,10,4,40N54,14E 0
1890,2,16,3,10,4,40N54,14E 0
1894,1,17,15,30,0,44N12,12E30
1879,12,11,18,40,4,43N42,10E30
1880,7,25,13,50,4,44N 0,10E15
1895,2,13,18,0,0,45N30,12E 0
1896,12,17,1,0,0,45N30,12E 0
1888,7,28,3,25,4,45N30,9E15
1896,2,13,20,20,0,44N48,10E45
1891,4,20,15,30,4,45N24,11E 0
1892,1,20,7,10,4,45N30,11E 0
1903,12,29,13,30,0,45N30,9E15
1883,8,8,2,40,4,45N30,9E15
1854,8,4,16,32,0,44N48,10E45
1892,3,22,19,10,4,40N54,14E 0
1893,11,23,14,0,0,41N54,12E30
1891,2,1,12,10,4,43N42,11E30
1879,4,17,7,40,4,45N 0,8E 0
1873,5,23,5,10,4,45N12,9E 0
1901,6,15,19,0,0,40N54,14E 0
1887,10,22,2,25,4,45N30,9E15
1887,5,4,13,10,4,40N54,14E 0
1885,1,8,2,15,4,44N18,8E45
1889,5,22,5,10,4,45N24,8E30
1893,10,25,4,10,4,43N42,8E 0
1870,10,13,4,10,4,45N 0,8E 0
1893,10,31,11,10,4,45N24,11E 0
1876,8,4,4,10,4,43N 0,13E45
1899,5,15,12,0,0,39N 0,17E30
1891,9,30,6,33,4,42N18,14E15
1884,9,30,7,40,4,43N30,12E 0
1884,12,12,20,10,4,44N 0,10E15
1897,2,28,12,30,0,44N 0,13E 0
1897,5,8,14,30,0,41N54,12E30
1883,12,20,2,10,4,43N 0,13E45
1891,4,24,2,50,4,44N24,7E15
1883,4,14,5,10,4,38N 0,13E30
1886,7,25,15,10,4,43N42,11E30
1887,8,11,2,10,4,39N 0,17E30
1895,5,6,5,0,0,41N 6,14E30
1880,7,15,9,10,4,45N 0,8E 0
1880,9,6,20,10,4,43N42,10E30
1892,2,6,19,15,4,45N30,9E15
1882,11,21,8,10,4,40N54,14E 0
1890,2,24,6,10,4,43N42,11E 0
1890,5,22,4,10,4,45N30,9E15
1872,9,12,13,10,4,40N36,16E45
1877,7,10,22,40,4,43N 0,13E45
1888,10,9,8,10,4,44N 0,10E15
1886,11,10,11,10,4,38N 0,15E30
1896,8,19,6,15,0,45N 0,8E 0
1895,4,19,7,0,0,45N36,9E45
1883,8,8,3,55,4,45N 0,8E 0
1894,1,4,19,30,0,45N30,11E 0
1885,11,10,18,10,4,41N54,12E30
1894,4,11,6,0,0,40N54,14E 0
1894,1,5,11,0,0,44N 0,13E 0
1894,12,14,12,30,0,45N 0,12E15
1883,1,11,14,10,4,45N30,9E15
1887,3,2,8,40,4,44N54,8E30
1898,8,21,2,0,0,38N 0,13E30
1869,1,2,14,10,4,45N30,9E15
1884,11,9,12,10,4,45N30,9E15
1881,3,10,1,10,4,44N24,7E15
1884,7,12,0,10,4,42N24,12E 0
1888,10,29,18,10,4,45N 0,9E45
1878,7,16,11,10,4,44N48,10E45
1895,4,4,17,0,0,45N30,12E 0
1895,9,5,16,0,0,46N 0,13E30
1873,6,16,8,0,4,45N 0,9E 0
1896,8,19,12,0,0,40N42,15E15
1895,8,24,16,0,0,45N24,12E15
1881,12,12,19,10,4,43N42,10E30
1877,11,22,9,10,4,43N24,13E15
1899,8,3,21,0,0,44N30,11E 0
1871,7,3,19,10,4,45N36,9E45
1891,2,10,7,40,4,44N36,11E15
1892,1,17,14,10,4,41N54,12E30
1827,5,28,19,8,0,43N 0,13E 0
1895,1,19,0,0,0,41N54,12E30
1875,4,15,15,10,4,45N30,9E15
1888,5,29,6,10,4,42N18,14E15
1888,7,26,18,50,4,44N24,9E 0
1877,8,27,0,25,4,44N24,7E15
1883,9,20,11,10,4,40N30,15E45
1884,9,25,10,55,4,44N30,11E 0
1895,3,31,17,0,0,45N30,11E 0
1893,6,9,22,20,4,45N24,12E15
1887,6,16,6,10,4,42N24,13E15
1881,7,30,2,10,4,43N42,11E30
1894,7,7,16,0,0,45N30,9E 0
1911,6,4,17,0,0,44N24,9E 0
1878,5,26,14,40,4,44N30,11E 0
1908,4,24,21,0,0,45N 0,8E 0
1889,12,20,11,10,4,40N54,14E 0
1883,3,23,22,10,4,45N36,9E45
1877,8,6,13,25,4,45N48,8E 0
1894,11,18,5,0,0,41N36,14E45
1882,3,21,12,40,4,45N12,9E 0
1895,1,14,18,30,0,45N30,9E15
1887,1,1,6,10,4,43N42,11E30
1893,4,21,16,40,4,41N54,12E30
1895,7,24,-1,10,0,45N 0,9E 0
1891,3,3,15,50,4,44N30,11E 0
1874,9,2,1,25,4,44N 0,10E15
1888,8,28,11,10,4,44N30,11E 0
1890,8,26,18,40,4,43N 0,13E 0
1896,10,20,3,30,0,45N30,9E15
1886,4,7,3,10,4,45N24,8E30
1862,9,12,10,0,0,41N 0,15E 0
1890,5,21,3,40,4,44N54,8E30
1881,2,2,16,40,4,45N24,8E30
1871,3,21,9,40,4,45N48,9E 0
1880,9,27,4,10,4,41N54,12E30
1882,3,5,0,10,4,45N30,12E 0
1880,10,28,4,30,4,45N 0,9E 0
1898,2,8,10,0,0,44N48,10E45
1891,1,12,18,10,4,40N48,8E30
1888,3,28,14,10,4,43N24,13E15
1877,11,12,18,40,4,45N30,9E15
1891,10,8,8,20,4,45N12,9E 0
1884,3,13,10,10,4,45N30,9E15
1890,5,28,1,10,4,45N 0,9E45
1891,1,30,4,40,4,40N30,15E45
1874,8,14,5,10,4,41N54,12E30
1878,12,23,15,10,4,44N24,9E 0
1879,10,30,19,10,4,45N30,9E 0
1892,9,9,5,30,4,45N 0,9E45
1891,11,7,10,10,4,43N 0,13E 0
1887,3,19,15,10,4,45N 0,8E 0
1890,4,2,1,10,4,45N30,9E15
1892,11,19,1,40,4,42N24,13E30
1894,3,1,22,30,0,40N24,18E45
1894,4,12,14,0,0,44N12,12E30
1895,3,3,19,0,0,45N30,9E15
1895,10,16,15,0,0,41N54,12E30
1904,8,1,21,0,0,45N30,9E15
1874,6,30,1,40,4,45N30,9E 0
1896,11,20,19,30,0,43N18,11E45
1891,7,20,14,30,4,45N30,9E15
1879,11,20,10,10,4,41N 6,14E30
1884,2,4,4,40,4,45N 0,8E 0
1904,3,30,9,15,0,45N30,12E 0
1893,5,12,19,10,4,45N30,11E 0
1880,8,27,22,25,4,40N54,14E 0
1889,7,28,21,10,4,43N 0,13E45
1893,10,20,12,40,4,44N 0,13E 0
1895,4,20,15,30,0,45N30,9E 0
1872,4,16,12,10,4,41N54,12E30
1879,3,30,3,10,4,45N30,9E15
1884,10,8,1,45,4,40N48,8E30
1888,5,10,5,55,4,44N30,11E 0
1887,1,4,4,10,4,41N12,17E 0
1882,3,1,15,40,4,41N54,12E30
1899,8,28,5,0,0,46N 0,12E 0
1886,9,3,5,40,4,44N24,9E 0
1888,7,19,14,50,4,44N18,8E45
1895,9,23,15,0,0,40N54,14E 0
1894,5,24,5,0,0,45N30,9E15
1886,10,24,4,10,4,42N24,13E15
1877,4,8,5,40,4,45N30,9E15
1889,9,21,0,10,4,45N36,9E45
1896,10,3,4,0,0,45N30,9E15
1885,2,20,6,10,4,37N 0,15E30
1884,11,17,4,30,4,45N30,9E15
1890,12,20,19,10,4,44N42,12E30
1903,7,30,4,0,0,45N24,8E30
1897,5,31,21,30,0,45N 0,8E 0
1881,3,24,4,20,4,43N42,11E 0
1898,12,18,6,0,0,45N30,9E15
1883,11,24,20,10,4,45N24,11E 0
1916,7,1,11,30,0,51N14,4E30
1894,12,28,22,0,0,51N13,3E15
1916,7,3,15,0,0,50N51,4E15
1883,5,14,5,42,0,51N14,4E30
1889,4,17,20,43,0,50N51,4E15
1893,10,2,23,30,0,51N 5,3E45
1874,7,11,17,38,0,50N39,5E30
1915,8,14,1,0,0,51N 5,3E45
1901,1,8,16,20,40,50N18,2E46
1935,2,1,4,0,0,49N26,1E 5
1922,7,22,21,45,0,48N50,2E11
1926,9,7,8,0,0,48N50,2E11
1935,9,18,12,0,0,49N26,1E 5
1930,5,10,1,30,0,48N36,2E20
1902,7,12,20,20,40,47N28,0W32
1909,7,29,18,50,40,47N13,1W35
1940,10,6,21,0,0,44N50,0W34
1936,7,5,19,45,0,48N 5,7E21
1920,2,22,10,30,0,48N50,2E11
1932,8,5,20,0,0,43N55,2E 8
1911,7,4,18,0,0,50N39,3E 5
1922,12,4,12,30,0,48N 0,4W 6
1922,11,12,21,0,0,44N44,4E36
1914,9,14,3,0,0,43N32,6E28
1930,7,13,6,0,0,45N26,4E23
1920,11,28,8,0,0,47N 5,2E23
1938,4,4,6,0,0,48N35,7E45
1939,11,18,11,30,0,50N39,3E 5
1925,5,27,16,0,0,47N15,6E 2
1925,9,16,7,0,0,46N12,5E13
1921,9,4,1,0,0,45N11,5E43
1912,8,31,14,0,0,49N54,2E18
1920,6,18,3,0,0,43N37,3E53
1907,9,8,1,20,40,48N47,2E29
1929,10,31,0,30,0,49N11,0W22
1916,11,11,5,0,0,47N 5,2E23
1934,9,14,7,0,0,44N56,4E54
1926,1,6,4,0,0,47N35,1E20
1911,4,26,16,0,0,43N18,0W22
1927,2,21,4,0,0,43N37,3E53
1930,8,13,14,0,0,43N37,3E53
1927,11,17,13,0,0,49N 0,2E 0
1924,10,12,7,0,0,48N55,2E30
1920,3,1,20,0,0,43N45,7E25
1921,12,22,7,0,0,48N50,2E11
1905,5,21,2,0,0,48N 5,7E21
1928,1,1,11,30,0,35N40,0W30
1925,3,14,4,0,0,47N24,0E42
1927,10,12,19,0,0,45N26,4E23
1901,8,17,10,50,40,43N37,1E26
1901,2,8,1,50,40,43N18,0W22
1872,12,20,2,51,40,49N26,2E 5
1869,1,21,2,43,40,48N18,4E 5
1910,1,24,11,50,40,45N26,4E23
1893,10,20,15,50,40,45N26,4E23
1890,8,10,16,50,0,48N55,2E30
1925,12,1,4,0,0,42N42,2E55
1909,6,21,5,40,28,52N22,4E53
1910,3,7,18,45,0,48N 5,7E21
1933,7,14,2,0,0,43N37,3E53
1926,9,20,15,0,0,47N 5,2E23
1929,10,5,10,0,0,49N 1,1E11
1927,10,14,7,30,0,45N26,4E23
1929,4,11,22,0,0,46N18,4E50
1926,4,7,3,0,0,48N55,2E30
1929,9,20,18,0,0,49N54,2E18
1929,1,20,8,0,0,49N11,0W22
1926,11,26,16,0,0,43N18,5E22
1927,7,23,9,0,0,49N 0,2E 0
1928,1,24,16,0,0,48N55,2E30
1929,3,5,19,0,0,50N18,2E46
1930,5,2,0,30,0,47N40,2W44
1926,11,13,6,0,0,45N50,1E15
1930,11,22,11,0,0,49N 7,1W 5
1894,1,12,17,50,40,50N18,2E46
1926,10,15,3,0,0,43N37,3E53
1925,2,22,20,0,0,44N33,6E 0
1916,7,22,21,0,0,35N20,0W45
1928,1,17,5,30,0,49N 1,1E11
1918,6,23,11,0,0,46N35,0E20
1926,3,4,16,10,0,37N 0,7E45
1932,5,27,19,0,0,49N 7,6E11
1931,3,13,0,0,0,48N55,2E30
1931,2,12,17,15,0,48N31,2W45
1930,11,15,21,0,0,37N 0,7E45
1929,1,7,23,0,0,47N13,1W35
1931,1,18,9,30,0,49N26,1E 5
1893,8,15,5,50,40,48N50,2E20
1929,7,22,16,0,0,43N18,5E22
1923,12,8,5,0,0,41N55,8E45
1924,2,20,12,0,0,49N34,3E37
1927,2,8,15,0,0,49N46,4E44
1915,10,22,1,0,0,48N50,2E20
1913,9,11,22,0,0,48N50,2E 8
1930,9,15,15,30,0,43N18,0W22
1930,9,16,11,0,0,48N50,2E11
1929,1,23,10,0,0,48N55,2E30
1927,5,28,22,0,0,43N37,3E53
1922,2,24,2,0,0,50N39,3E 5
1920,1,11,1,0,0,50N39,3E 5
1924,11,8,18,30,0,50N39,3E 5
1927,3,2,13,0,0,36N47,3E 0
1929,1,13,19,30,0,35N40,0W30
1931,3,5,2,30,0,50N39,3E 5
1929,4,27,4,0,0,35N40,0W30
1929,4,10,8,0,0,43N14,0E 5
1930,11,29,13,0,0,45N11,0E44
1930,5,4,4,0,0,43N18,5E22
1928,12,26,1,0,0,50N39,3E 5
1930,1,5,22,30,0,49N11,0W22
1928,3,7,18,20,0,49N 1,1E11
1907,9,5,10,50,40,50N39,3E 5
1926,11,7,20,30,0,44N12,0E38
1928,6,18,9,30,0,48N57,4E22
1923,8,5,7,0,0,50N39,3E 5
1906,1,21,17,20,40,48N18,4E 5
1907,2,8,20,50,40,48N57,4E22
1908,12,17,16,50,40,50N39,3E 5
1927,5,18,1,0,0,50N18,2E46
1927,8,27,19,30,0,49N46,4E44
1928,1,7,21,0,0,35N40,0W30
1927,5,8,0,0,0,49N54,2E18
1926,3,16,14,30,0,43N18,0W22
1930,6,23,15,0,0,50N39,3E 5
1933,5,9,3,0,0,41N55,8E45
1925,3,31,1,0,0,49N 1,1E11
1931,6,13,0,0,0,48N57,4E22
1927,8,26,11,0,0,48N57,4E22
1924,2,17,5,0,0,46N34,3E20
1921,2,3,7,0,0,49N34,3E37
1928,5,27,6,30,0,46N18,4E50
1929,1,8,21,0,0,48N31,2W45
1892,10,27,2,50,40,46N59,3E 9
1927,3,28,8,0,0,49N34,3E37
1929,12,29,20,0,0,49N11,0W22
1911,1,26,10,50,40,45N26,4E23
1927,10,23,17,45,0,48N26,0E 5
1928,11,7,16,0,0,36N47,3E 0
1926,8,3,16,0,0,47N15,6E 2
1902,4,8,7,50,40,50N39,3E 5
1930,6,15,0,40,0,50N18,2E46
1926,4,3,9,0,0,48N10,6E28
1928,3,15,1,0,0,47N35,1E20
1926,4,18,4,0,0,45N11,0E44
1918,6,24,3,0,0,46N59,3E 9
1928,5,8,6,0,0,48N57,4E22
1927,11,19,1,0,0,50N18,2E46
1929,6,8,9,30,0,48N57,4E22
1929,12,22,21,0,0,48N42,6E12
1929,5,27,17,0,0,49N34,3E37
1919,12,1,10,0,0,43N37,1E26
1930,5,10,1,0,0,49N26,1E 5
1931,3,4,19,0,0,36N47,3E 0
1924,6,20,15,0,0,49N34,3E37
1930,12,5,3,0,0,45N54,6E 7
1928,8,25,9,0,0,48N31,2W45
1929,4,4,4,30,0,43N18,0W22
1926,10,16,15,40,0,47N15,6E 2
1934,4,6,23,50,0,48N27,1E30
1906,9,2,5,50,40,45N47,3E 5
1931,3,28,3,0,0,43N18,5E22
1921,2,20,12,0,0,43N18,5E22
1929,5,31,0,25,0,48N50,2E11
1927,9,26,5,25,0,48N50,2E11
1930,11,7,9,35,0,50N18,2E46
1905,2,5,6,50,40,43N18,5E22
1929,12,24,1,30,0,50N39,3E 5
1927,12,9,10,0,0,35N40,0W30
1928,6,11,7,0,0,44N56,4E54
1900,7,16,11,50,40,44N50,0W34
1929,12,12,5,0,0,48N57,4E22
1924,9,10,19,0,0,43N42,7E16
1927,8,11,2,15,0,48N 5,7E21
1929,8,8,17,0,0,48N55,2E30
1925,7,27,9,0,0,47N48,3E35
1923,2,12,11,0,0,47N48,3E35
1929,6,15,15,0,0,43N42,7E16
1929,12,8,22,0,0,45N26,4E23
1930,7,13,4,0,0,36N40,4E 0
1932,6,2,12,30,0,35N40,0W30
1927,2,13,12,30,0,49N26,1E 5
1904,5,29,21,50,40,48N 7,5E 8
1929,3,23,5,45,0,48N35,7E45
1927,1,13,23,30,0,47N19,5E 2
1923,6,29,1,0,0,50N39,3E 5
1924,10,21,15,0,0,50N18,2E46
1931,4,3,0,0,0,50N39,3E 5
1930,1,2,19,25,0,48N35,7E45
1927,2,27,20,0,0,36N47,3E 0
1930,12,12,17,0,0,46N18,4E50
1923,4,21,15,0,0,44N 0,13E 0
1922,10,5,17,0,0,41N12,17E 0
1928,2,9,20,10,0,45N24,12E15
1932,7,11,-1,30,0,42N24,12E 0
1924,7,7,10,20,0,41N36,15E30
1929,11,20,9,20,0,45N36,9E45
1928,5,12,0,0,0,44N30,11E 0
1925,8,1,10,30,0,41N54,12E30
1930,2,9,17,0,0,41N54,12E30
1922,2,27,6,0,0,45N 0,12E15
1926,5,29,16,0,0,43N30,12E 0
1927,8,26,6,0,0,41N54,12E30
1926,1,18,11,45,0,45N 0,12E15
1931,5,12,3,0,0,41N54,12E30
1926,11,2,8,0,0,43N42,11E 0
1931,10,4,8,0,0,45N30,9E15
1930,1,13,7,0,0,40N18,10E 0
1925,2,9,21,0,0,45N24,12E15
1929,4,19,15,40,0,45N36,14E 0
1929,2,25,10,30,0,42N24,12E 0
1927,1,11,17,0,0,42N42,11E30
1921,1,28,16,30,0,45N36,12E45
1929,5,16,19,0,0,39N24,9E 0
1928,4,2,9,0,0,45N30,12E30
1922,12,5,17,0,0,44N12,12E30
1926,7,12,22,45,0,45N36,14E 0
1931,3,24,6,30,0,45N 0,8E 0
1931,12,11,20,0,0,43N36,9E30
1926,10,12,1,30,0,43N42,11E 0
1919,9,19,5,0,0,45N36,12E45
1929,8,10,21,0,0,42N42,11E30
1931,10,12,4,0,0,45N12,11E 0
1928,5,4,6,30,0,39N18,16E30
1927,2,9,17,45,0,39N24,9E 0
1929,10,14,12,0,0,43N42,13E45
1932,3,16,18,15,0,41N54,12E30
1924,11,22,22,10,0,45N48,8E 0
1933,4,24,21,30,0,40N30,17E30
1930,1,28,2,30,0,41N54,12E30
1932,11,23,15,0,0,44N 0,10E15
1928,3,1,9,0,0,39N24,9E 0
1908,11,18,18,30,0,50N51,4E15
1928,7,27,1,0,0,51N13,3E15
1903,3,20,1,0,0,50N20,4E30
1931,8,11,3,0,0,50N51,4E15
1924,12,29,21,0,0,50N23,4E30
1917,11,17,5,0,0,50N39,5E30
1930,10,21,14,45,0,50N51,4E15
1908,7,19,9,0,0,50N23,4E30
1926,8,26,8,30,0,50N23,4E30
1927,5,22,10,30,0,50N23,4E30
1929,2,16,9,0,0,50N23,4E30
1902,5,24,1,0,0,51N14,4E30
1926,4,24,3,30,0,50N51,4E15
1932,9,25,4,0,0,51N13,3E15
1921,4,11,1,0,0,50N39,5E30
1928,10,17,23,0,0,50N23,4E30
1924,1,29,15,0,0,50N39,5E30
1929,7,21,7,0,0,50N23,4E30
1925,11,7,21,0,0,51N13,3E15
1925,11,21,20,30,0,51N13,3E15
1910,3,11,9,0,0,51N14,4E30
1906,8,30,21,30,0,50N39,5E30
1914,2,14,21,0,0,51N13,3E15
1914,2,13,17,0,0,51N14,4E30
1923,1,1,3,0,0,51N13,3E15
1920,10,23,21,40,28,52N 5,4E28
1907,9,26,5,42,8,52N 5,4E28
1922,12,24,7,40,28,52N 5,4E28
1929,2,21,13,0,0,54N 4,9E59
1926,4,14,12,15,0,51N30,7E30
1922,7,12,6,0,0,51N30,7E30
1927,7,24,9,0,0,48N47,2E29
1941,4,28,17,0,0,43N32,6E28
1888,4,1,6,47,40,50N39,3E 5
1933,7,6,22,30,0,49N 7,6E11
1934,1,8,10,30,0,49N26,1E 5
1908,8,30,4,50,40,48N50,2E20
1925,12,18,23,30,0,48N50,2E11
1920,9,7,19,15,0,45N46,4E50
1927,12,25,7,30,0,49N54,2E18
1881,2,25,10,54,40,44N 1,1E20
1887,3,4,4,51,16,48N50,2E11
1924,10,14,13,0,0,44N50,0W34
1925,10,1,22,0,0,50N18,2E46
1905,8,27,21,20,40,48N 7,5E 8
1918,3,22,17,0,0,47N24,0E42
1903,12,23,11,50,40,46N34,3E20
1925,3,12,23,0,0,48N 7,1W40
1920,8,8,15,45,0,47N37,6E 9
1904,2,10,16,50,40,47N54,1E54
1877,1,14,3,57,28,44N12,0E38
1883,1,19,3,42,32,48N57,4E22
1921,1,23,22,0,0,48N47,2E29
1925,1,11,2,0,0,49N 0,2E 0
1891,12,14,14,50,40,49N 7,1W 5
1914,3,2,10,0,0,48N57,4E22
1916,4,4,10,0,0,48N50,2E 8
1910,7,14,22,20,40,48N50,2E11
1885,1,22,0,50,40,48N50,2E20
1915,9,27,5,0,0,43N54,0W30
1909,3,14,4,50,40,48N 0,4W 6
1915,10,11,14,0,0,47N35,1E20
1924,2,8,5,0,0,43N32,6E28
1919,6,4,10,0,0,48N 0,4W 6
1929,4,24,9,0,0,43N54,0W30
1943,3,11,6,0,0,49N 7,1W 5
1921,10,6,9,15,0,49N11,0W22
1921,1,6,23,0,0,50N18,2E46
1865,1,31,4,50,40,48N50,2E20
1912,7,3,15,0,0,47N 5,2E23
1915,10,16,9,0,0,49N 0,2E 0
1928,3,27,10,0,0,47N13,1W35
1926,6,30,17,0,0,45N50,1E15
1928,6,19,9,0,0,42N58,1E35
1926,5,14,2,30,0,46N49,1E41
1899,8,26,5,50,40,48N47,2E29
1922,4,3,0,0,0,48N55,2E30
1892,6,18,22,20,40,43N18,0W22
1912,2,3,21,0,0,50N39,3E 5
1913,7,23,13,0,0,48N57,4E22
1892,3,28,0,50,40,43N18,5E22
1924,9,22,17,0,0,44N56,4E54
1916,4,12,13,0,0,46N18,4E50
1925,6,12,1,30,0,45N47,3E 5
1881,11,21,5,57,12,47N24,0E42
1912,8,12,22,0,0,48N50,2E11
1913,3,28,19,0,0,47N40,2W44
1922,3,31,5,0,0,48N50,2E11
1918,12,1,19,30,0,47N13,1W35
1933,5,26,3,30,0,47N 5,2E23
1921,12,7,2,30,0,49N34,3E37
1876,5,10,0,46,40,46N34,3E20
1909,12,4,7,50,40,46N40,1W25
1885,9,16,17,42,32,48N57,4E22
1920,7,19,1,0,0,49N34,3E37
1924,7,8,8,45,0,48N50,2E11
1875,3,31,9,39,52,47N19,5E 2
1942,7,11,3,0,0,48N31,2W45
1897,11,4,4,20,40,48N50,2E20
1920,9,10,22,0,0,47N37,6E 9
1916,11,28,9,0,0,43N54,0W30
1911,1,16,20,50,40,43N18,0W22
1913,6,6,14,45,0,48N 5,7E21
1925,10,16,3,30,0,50N18,2E46
1909,3,14,9,50,40,48N 0,4W 6
1903,10,10,6,50,40,47N40,2W44
1904,2,27,3,5,40,48N55,2E30
1909,6,17,20,50,40,48N36,2E20
1918,2,18,4,0,0,47N40,2W44
1912,4,29,11,0,0,49N26,1E 5
1943,1,29,22,0,0,48N31,2W45
1907,7,25,12,50,40,49N54,2E18
1910,7,12,5,50,40,49N 0,2E 0
1904,2,15,21,50,40,44N56,2E26
1913,5,3,16,30,0,49N26,1E 5
1911,2,8,0,50,40,43N37,1E26
1910,2,27,23,20,40,47N54,1E54
1913,8,20,9,0,0,43N18,0W22
1906,9,29,20,50,40,44N21,2E34
1903,11,17,14,50,40,48N55,2E30
1908,6,19,14,50,40,43N42,7E16
1909,5,22,22,20,40,48N50,2E 8
1903,11,27,9,50,40,48N50,2E11
1909,11,18,0,50,40,48N33,2E40
1913,4,18,12,0,0,49N 0,2E 0
1904,2,12,22,50,40,47N28,0W32
1894,6,13,0,50,40,48N50,2E20
1882,10,18,1,6,20,47N13,1W35
1921,6,28,9,0,0,48N50,2E20
1940,8,28,4,0,0,46N12,5E13
1879,6,5,23,19,20,48N33,2E40
1936,4,15,1,0,0,46N17,1E52
1904,11,10,0,50,40,45N50,1E15
1919,10,25,19,0,0,43N18,5E22
1925,5,29,17,0,0,43N37,1E26
1910,7,23,11,50,40,48N50,2E20
1924,10,20,8,30,0,48N47,2E29
1936,2,23,1,0,0,45N26,4E23
1862,6,3,6,51,16,48N50,2E11
1921,6,10,1,0,0,49N46,4E44
1914,1,22,4,0,0,43N42,7E16
1920,4,15,13,0,0,48N57,4E22
1888,2,25,21,51,16,48N50,2E11
1922,12,19,22,30,0,48N50,2E11
1913,12,28,19,0,0,48N50,2E11
1884,4,7,21,2,16,43N40,0E36
1932,5,21,22,30,0,50N39,3E 5
1912,6,6,13,0,0,47N13,1W35
1919,12,11,16,0,0,43N42,7E16
1908,5,31,19,50,40,46N18,4E50
1910,5,30,9,50,40,50N39,3E 5
1907,5,20,3,50,40,50N18,2E46
1929,5,1,22,0,0,46N40,1W25
1929,2,5,8,0,0,44N50,0W34
1934,9,6,22,0,0,48N55,2E30
1914,2,17,6,0,0,43N42,7E16
1927,3,2,22,0,0,46N34,3E20
1902,7,21,21,50,40,48N42,6E12
1929,6,15,13,35,0,45N30,9E15
1927,8,11,20,0,0,45N24,8E30
1928,3,9,10,0,0,45N48,9E15
1930,9,15,11,0,0,45N12,11E 0
1933,1,26,5,30,0,44N12,12E30
1927,3,11,2,0,0,43N42,11E30
1914,7,18,10,0,0,43N42,11E30
1892,8,27,6,40,4,45N12,11E 0
1927,1,18,2,30,0,44N 0,11E15
1909,9,29,20,0,0,45N12,11E 0
1918,10,22,0,0,0,45N30,12E30
1920,3,12,20,0,0,44N 0,11E15
1905,11,26,19,30,0,45N48,9E15
1902,8,11,9,30,0,45N48,9E 0
1933,4,14,6,0,0,43N42,11E30
1894,8,1,22,0,0,45N36,12E45
1925,6,16,16,30,0,45N24,12E15
1932,4,13,10,0,0,44N42,12E30
1929,11,3,18,15,0,45N30,9E15
1926,8,3,7,0,0,45N12,11E 0
1876,2,26,21,25,4,44N36,10E45
1921,7,11,1,0,0,45N48,9E 0
1929,12,14,5,30,0,45N 0,9E 0
1931,7,20,9,0,0,44N18,8E45
1928,8,26,19,0,0,43N42,11E30
1909,5,29,5,0,0,43N42,11E30
1927,8,14,6,40,0,45N 0,8E 0
1925,3,13,7,10,0,45N 0,8E 0
1919,9,15,19,30,0,45N 0,9E 0
1920,2,7,19,0,0,38N 0,15E30
1932,3,24,0,20,0,45N 0,8E 0
1931,5,21,2,15,0,45N 0,9E 0
1908,6,7,3,0,0,43N42,10E30
1934,3,15,7,0,0,41N54,12E30
1933,7,18,8,40,0,45N24,12E15
1934,5,4,11,15,0,45N30,9E 0
1932,1,1,2,0,0,42N18,14E15
1931,1,25,18,0,0,45N 0,8E 0
1885,6,4,4,10,4,44N54,8E30
1929,6,23,19,0,0,45N 0,8E 0
1924,4,1,7,0,0,45N 0,9E 0
1921,8,3,9,15,0,43N42,10E30
1893,3,18,16,10,4,45N 0,9E 0
1931,6,11,9,30,0,43N 0,13E45
1921,7,28,14,0,0,45N48,9E 0
1901,12,22,19,0,0,45N 0,8E 0
1907,1,19,16,0,0,44N30,11E 0
1931,9,23,4,0,0,44N24,12E15
1902,10,14,15,6,0,45N12,11E 0
1927,7,29,16,0,0,44N 0,13E 0
1928,12,5,2,30,0,44N 0,10E15
1896,10,15,1,0,0,43N42,11E30
1920,12,7,0,0,0,43N42,11E30
1903,10,2,7,0,0,45N48,9E 0
1910,5,12,16,30,0,44N18,8E45
1921,2,18,14,0,0,43N42,11E30
1931,2,16,7,10,0,45N 0,9E 0
1931,3,14,0,0,0,45N30,12E 0
1881,5,29,5,10,4,44N36,10E45
1930,3,18,19,20,0,45N24,8E30
1925,7,26,18,35,0,45N 0,9E 0
1928,3,18,19,0,0,44N24,12E15
1878,11,11,0,20,4,45N12,9E 0
1930,6,12,3,0,0,41N54,12E30
1925,1,15,16,0,0,44N24,9E 0
1931,1,2,14,0,0,45N36,9E45
1934,2,7,16,0,0,46N 0,12E 0
1911,2,17,1,10,0,45N12,11E 0
1930,3,1,10,0,0,43N42,11E30
1911,11,22,3,0,0,44N18,8E45
1925,1,6,0,10,0,45N12,9E 0
1918,1,25,2,0,0,45N12,11E 0
1908,1,17,21,30,0,45N36,9E45
1929,8,23,13,0,0,44N 0,11E15
1926,3,6,2,4,0,45N 0,9E 0
1921,2,8,5,0,0,44N24,12E15
1893,3,24,15,40,4,44N12,12E30
1930,1,2,12,30,0,45N30,9E15
1903,1,11,19,0,0,45N30,9E 0
1932,10,5,2,30,0,45N36,12E45
1931,1,21,1,0,0,46N 0,12E 0
1932,9,13,-1,30,0,44N48,10E45
1923,2,16,10,0,0,44N18,8E45
1926,1,6,5,25,0,43N42,11E30
1928,4,3,10,30,0,45N30,11E 0
1925,5,2,22,0,0,44N 0,11E15
1924,2,17,16,30,0,45N30,9E15
1893,2,2,10,10,4,45N 0,8E 0
1931,7,16,12,30,0,45N36,12E45
1913,9,23,5,0,0,45N 0,8E 0
1899,5,6,14,0,0,45N30,9E 0
1910,7,6,1,0,0,45N 0,8E 0
1924,9,29,19,30,0,45N24,12E15
1926,12,10,12,0,0,45N48,9E 0
1896,1,14,8,15,0,45N24,12E15
1931,6,3,15,0,0,44N42,12E30
1932,6,6,6,0,0,51N14,4E30
1907,9,8,23,0,0,50N51,4E15
1933,8,18,2,0,0,50N51,4E15
1900,5,17,23,0,0,50N23,4E30
1891,6,2,22,43,0,50N51,4E15
1907,10,10,5,0,0,51N 5,3E45
1888,1,9,23,38,0,50N39,5E30
1926,10,29,22,0,0,51N13,3E15
1941,1,26,2,0,0,51N13,3E15
1907,9,26,16,30,0,51N 5,3E45
1941,5,11,2,30,0,51N13,3E15
1939,5,25,13,30,0,51N 5,3E45
1912,10,12,20,30,0,51N 5,3E45
1930,7,12,4,0,0,50N39,5E30
1931,11,6,4,0,0,51N 5,3E45
1918,12,20,17,0,0,51N 5,3E45
1911,11,30,18,0,0,51N 5,3E45
1889,11,11,4,45,0,51N 5,3E45
1932,7,9,18,30,0,51N14,4E30
1924,6,22,18,30,0,51N13,3E15
1907,2,11,8,30,0,50N39,5E30
1920,1,7,2,0,0,50N51,4E15
1921,11,26,18,0,0,50N20,4E30
1924,9,22,21,0,0,51N13,3E15
1918,11,24,23,0,0,51N 5,3E45
1925,2,5,19,30,0,51N 5,3E45
1891,6,16,5,47,0,51N13,3E15
1898,4,17,8,0,0,51N13,3E15
1930,4,6,1,30,0,50N47,5E30
1930,10,21,4,0,0,51N 5,3E45
1900,7,24,1,0,0,50N51,4E15
1913,7,1,11,0,0,51N 5,3E45
1930,9,2,13,30,0,51N 5,3E45
1927,4,20,4,30,0,51N13,3E15
1923,8,8,19,0,0,51N 5,3E45
1904,3,5,4,0,0,51N13,3E15
1925,7,11,19,0,0,51N14,4E30
1914,7,22,5,0,0,51N13,3E15
1896,6,26,8,0,0,51N13,3E15
1928,1,6,13,0,0,51N13,3E15
1894,2,14,4,0,0,51N13,3E15
1903,9,1,2,0,0,51N13,3E15
1910,6,3,10,0,0,50N23,4E30
1913,6,24,12,0,0,51N 5,3E45
1930,3,28,19,30,0,50N39,5E30
1889,4,25,14,47,0,51N13,3E15
1928,3,29,16,0,0,51N 5,3E45
1932,8,19,2,0,0,51N13,3E15
1905,4,1,3,0,0,51N 5,3E45
1931,3,8,23,0,0,51N 5,3E45
1906,3,11,4,0,0,51N 5,3E45
1903,6,12,19,0,0,50N23,4E30
1915,4,29,3,0,0,51N13,3E15
1929,11,2,16,0,0,51N13,3E15
1906,9,27,11,0,0,51N 5,3E45
1920,4,28,0,0,0,51N13,3E15
1931,2,3,20,0,0,51N13,3E15
1910,7,7,15,30,0,51N14,4E30
1896,12,27,22,0,0,51N13,3E15
1896,1,1,12,0,0,51N 5,3E45
1914,11,17,21,0,0,50N23,4E30
1895,3,14,15,0,0,51N 5,3E45
1884,1,25,0,42,0,50N23,4E30
1919,3,10,6,0,0,51N 5,3E45
1932,12,23,10,30,0,51N 5,3E45
1899,11,4,14,0,0,49N36,6E 9
1903,3,27,9,0,0,50N39,5E30
1905,11,22,6,0,0,51N13,3E15
1899,11,11,22,0,0,51N 5,3E45
1921,10,22,2,0,0,50N47,5E30
1943,7,2,2,30,0,51N 5,3E45
1899,10,30,20,0,0,51N 5,3E45
1879,6,18,18,38,0,50N39,5E30
1915,12,12,20,0,0,51N 5,3E45
1907,3,10,12,0,0,51N 5,3E45
1884,3,14,10,45,0,51N 5,3E45
1905,9,27,17,0,0,51N 5,3E45
1910,12,15,5,0,0,50N51,4E15
1883,12,15,13,47,0,51N13,3E15
1916,6,19,12,0,0,51N14,4E30
1925,10,19,2,30,0,50N51,4E15
1931,12,30,19,0,0,51N14,4E30
1927,7,5,20,30,0,51N14,4E30
1904,4,22,2,0,0,50N23,4E30
1914,6,3,21,0,0,51N14,4E30
1920,6,13,8,0,0,50N51,4E15
1914,9,20,7,30,0,51N13,3E15
1905,4,30,11,0,0,50N39,5E30
1889,5,26,12,42,0,50N20,4E30
1905,1,15,3,0,0,50N47,5E30
1913,10,6,23,0,0,51N 5,3E45
1930,11,7,3,0,0,51N 5,3E45
1931,7,11,15,0,0,50N47,5E30
1931,3,25,5,0,0,50N39,5E30
1918,4,23,13,30,0,51N13,3E15
1912,8,10,8,0,0,51N13,3E15
1909,8,27,15,0,0,51N13,3E15
1929,3,19,22,0,0,51N14,4E30
1898,12,26,1,0,0,51N13,3E15
1888,10,16,19,42,0,50N20,4E30
1915,10,1,19,0,0,50N39,5E30
1924,4,9,2,0,0,51N 5,3E45
1897,10,10,5,0,0,51N13,3E15
1885,12,15,7,45,0,51N 5,3E45
1945,6,17,9,0,0,50N51,4E15
1922,3,3,13,0,0,51N14,4E30
1886,11,19,16,47,0,51N13,3E15
1906,10,20,19,0,0,51N 5,3E45
1912,9,22,5,0,0,50N23,4E30
1910,3,10,22,0,0,51N 5,3E45
1911,10,16,21,0,0,51N 5,3E45
1888,7,7,23,42,0,50N23,4E30
1922,7,1,17,0,0,51N13,3E15
1931,11,29,7,0,0,51N13,3E15
1920,2,3,5,0,0,51N14,4E30
1920,10,27,18,0,0,50N51,4E15
1888,8,3,3,45,0,51N 5,3E45
1922,9,11,4,30,0,51N13,3E15
1915,6,13,2,0,0,50N20,4E30
1934,5,5,13,0,0,51N13,3E15
1944,4,5,14,0,0,51N 5,3E45
1930,11,26,1,0,0,50N51,4E15
1872,12,1,3,38,0,50N39,5E30
1905,1,29,13,0,0,51N13,3E15
1919,10,25,4,0,0,51N 5,3E45
1941,12,25,6,0,0,51N13,3E15
1912,8,18,21,0,0,51N 5,3E45
1906,3,4,23,30,0,51N14,4E30
1914,10,8,3,0,0,51N13,3E15
1924,11,23,15,0,0,51N13,3E15
1934,2,27,6,0,0,51N13,3E15
1890,12,27,10,38,0,50N39,5E30
1890,1,27,3,47,40,50N39,3E 5
1924,7,20,3,0,0,51N 5,3E45
1926,1,12,1,0,0,50N47,5E30
1935,12,19,10,0,0,51N13,3E15
1909,2,17,1,0,0,50N51,4E15
1931,9,4,19,0,0,50N51,4E15
1919,9,7,4,0,0,51N13,3E15
1931,5,9,13,0,0,50N47,5E30
1933,11,11,7,0,0,50N47,5E30
1932,12,9,15,0,0,50N51,4E15
1888,3,19,5,42,0,50N20,4E30
1893,1,2,22,0,0,50N20,4E30
1941,8,29,5,0,0,51N14,4E30
1918,1,26,20,0,0,51N14,4E30
1944,6,27,16,0,0,51N13,3E15
1930,7,19,7,0,0,50N51,4E15
1907,1,30,7,0,0,51N13,3E15
1917,5,29,8,0,0,51N14,4E30
1930,12,14,18,0,0,51N 5,3E45
1888,11,5,11,42,0,51N14,4E30
1922,12,1,22,0,0,51N14,4E30
1893,12,28,2,0,0,51N13,3E15
1889,10,8,0,43,0,50N51,4E15
1895,1,31,17,0,0,51N 5,3E45
1934,4,6,4,0,0,51N13,3E15
1930,5,30,9,0,0,51N14,4E30
1931,12,2,22,30,0,50N51,4E15
1933,2,24,8,0,0,51N13,3E15
1887,3,5,18,47,0,51N13,3E15
1941,3,10,4,0,0,51N14,4E30
1928,2,15,16,0,0,51N14,4E30
1890,5,5,7,17,0,51N13,3E15
1889,5,15,2,45,0,51N 5,3E45
1924,10,4,15,0,0,50N47,5E30
1932,1,22,14,0,0,50N47,5E30
1917,2,10,22,0,0,51N 5,3E45
1895,3,10,1,0,0,51N13,3E15
1891,1,29,15,47,0,51N13,3E15
1933,12,20,2,0,0,51N14,4E30
1935,2,8,6,0,0,50N47,5E30
1912,5,4,16,0,0,51N13,3E15
1918,10,14,2,0,0,51N 5,3E45
1902,3,25,20,0,0,51N13,3E15
1943,8,14,20,0,0,51N14,4E30
1924,9,9,5,0,0,51N14,4E30
1915,8,15,18,0,0,51N 5,3E45
1932,8,20,15,0,0,51N14,4E30
1930,1,31,2,30,0,51N13,3E15
1897,2,20,18,0,0,51N13,3E15
1931,10,24,19,0,0,51N13,3E15
1898,12,21,15,0,0,51N 5,3E45
1888,12,2,21,47,0,51N13,3E15
1922,6,10,5,0,0,51N14,4E30
1897,2,10,23,0,0,51N14,4E30
1907,4,11,9,0,0,51N13,3E15
1899,11,3,10,0,0,51N13,3E15
1912,7,24,20,0,0,51N14,4E30
1945,3,23,0,30,0,51N 5,3E45
1931,3,17,16,0,0,51N14,4E30
1929,3,5,13,0,0,50N47,5E30
1916,4,21,2,0,0,50N51,4E15
1931,8,18,11,0,0,50N51,4E15
1906,2,19,5,0,0,50N51,4E15
1915,4,12,17,30,0,50N51,4E15
1931,3,20,14,0,0,51N14,4E30
1912,1,6,5,10,28,52N 5,4E28
1917,10,17,20,10,28,51N42,5E19
1869,12,26,4,37,20,50N51,5E40
1934,7,20,8,40,28,51N42,5E19
1934,11,15,23,10,28,51N42,5E19
1919,1,23,1,40,28,51N42,5E19
1873,10,19,9,33,44,53N13,6E34
1935,3,17,21,40,28,52N22,4E38
1934,11,10,23,10,28,50N51,5E40
1932,3,22,9,10,28,52N 6,5E 8
1932,12,2,13,10,28,50N51,5E40
1879,12,2,10,7,20,50N51,5E40
1914,2,23,17,0,0,51N 5,3E45
1893,11,14,4,42,8,52N 5,4E28
1913,5,10,4,10,28,51N42,5E19
1920,7,31,9,40,28,52N22,4E38
1906,2,8,5,8,44,51N42,5E19
1918,10,19,2,40,28,52N22,4E38
1876,2,8,17,41,28,52N22,4E38
1916,1,7,10,40,28,52N22,4E38
1912,6,11,6,40,28,51N42,5E19
1934,10,28,12,40,28,50N51,5E40
1932,7,21,1,40,28,50N51,5E40
1934,8,11,12,40,28,51N42,5E19
1923,3,25,15,10,28,51N42,5E19
1898,12,12,21,42,8,52N 5,4E28
1899,3,1,15,41,28,52N22,4E38
1916,3,18,15,40,28,52N 5,4E28
1932,2,15,15,40,28,52N22,4E38
1923,1,18,22,55,28,52N22,4E38
1930,11,12,8,40,28,52N 5,4E28
1929,11,10,0,40,28,51N42,5E19
1876,2,16,22,11,40,50N20,8E20
1911,7,29,5,30,0,51N30,7E30
1882,11,4,14,24,8,48N19,8E58
1883,9,12,0,30,0,51N30,7E30
1864,5,13,13,23,0,50N30,9E15
1883,3,8,11,37,48,46N40,5E33
1911,1,7,15,50,40,43N37,3E53
1893,12,21,5,50,40,49N11,0W22
1912,4,5,4,0,0,44N50,0W34
1892,7,28,10,20,40,48N 7,1W40
1907,12,27,4,50,40,47N28,0W32
1911,10,24,3,0,0,48N 0,4W 6
1913,5,8,15,0,0,48N10,6E28
1909,2,25,8,20,40,48N10,6E28
1886,9,27,6,48,56,50N18,2E46
1891,7,18,7,50,40,44N50,0W34
1922,6,7,10,0,0,43N51,4E21
1884,12,1,4,50,40,48N50,2E20
1928,10,3,20,0,0,42N42,2E55
1911,5,24,16,30,0,48N31,2W45
1904,3,21,21,50,40,47N54,1E54
1927,5,24,9,0,0,43N37,3E53
1920,11,26,2,0,0,35N50,0W 0
1897,11,26,21,50,40,49N11,0W22
1920,12,3,10,0,0,47N37,6E 9
1908,3,19,8,50,40,43N42,7E16
1922,4,23,9,0,0,44N50,0W34
1912,5,16,1,10,0,49N26,2E 5
1915,11,23,4,0,0,35N20,0W45
1923,6,7,22,0,0,50N39,3E 5
1904,4,7,13,50,40,37N 0,7E45
1915,6,21,10,0,0,35N40,0W30
1919,7,2,22,0,0,48N57,4E22
1883,12,21,12,44,28,43N37,3E53
1912,4,15,2,10,0,50N39,3E 5
1927,7,23,22,0,0,36N47,3E 0
1932,1,27,1,0,0,43N55,2E 8
1918,6,1,2,0,0,48N47,2E29
1932,11,3,3,30,0,50N18,2E46
1915,10,22,7,0,0,50N18,2E46
1916,9,2,22,30,0,49N26,1E 5
1932,10,18,19,0,0,48N57,4E22
1921,3,19,3,0,0,48N50,2E11
1931,9,4,0,0,0,49N 0,2E 0
1899,7,28,1,50,40,48N50,2E20
1932,1,1,4,0,0,48N47,2E29
1913,2,24,2,0,0,50N18,2E46
1925,12,30,23,30,0,50N39,3E 5
1901,2,13,10,50,40,48N47,2E29
1921,3,26,7,0,0,49N 7,6E11
1913,3,10,15,0,0,35N20,0W45
1882,1,2,17,50,40,48N50,2E20
1927,2,19,0,25,0,49N34,3E37
1921,1,14,18,30,0,50N39,3E 5
1892,5,2,1,50,40,48N50,2E20
1908,5,30,3,50,40,50N39,3E 5
1938,2,20,21,0,0,43N18,5E22
1929,8,11,9,0,0,49N 7,6E11
1905,12,31,13,50,40,43N32,6E28
1928,9,4,3,0,0,41N55,8E45
1936,1,29,4,0,0,43N18,5E22
1895,2,11,14,50,40,48N50,2E20
1924,7,19,3,0,0,45N 3,3E53
1929,4,24,10,0,0,48N 5,7E21
1921,6,29,15,0,0,48N33,2E40
1919,11,2,3,0,0,43N37,3E53
1918,6,28,1,0,0,43N18,5E22
1898,8,27,20,50,40,43N37,3E53
1909,6,19,22,50,40,50N18,2E46
1927,6,26,11,0,0,50N39,3E 5
1907,11,1,20,50,40,48N36,2E20
1907,2,15,12,20,40,48N47,2E29
1930,6,22,8,0,0,50N18,2E46
1899,3,9,5,50,40,48N50,2E20
1909,1,1,9,50,40,43N18,5E22
1931,9,26,22,0,0,48N33,2E40
1924,1,15,16,0,0,43N18,5E22
1928,12,28,1,0,0,45N46,4E50
1935,5,16,9,45,0,49N 1,1E11
1893,11,5,18,50,40,50N39,3E 5
1924,6,3,12,25,0,50N39,3E 5
1914,2,4,9,0,0,49N 0,2E 0
1936,12,7,2,20,0,46N34,3E20
1909,7,8,7,50,40,48N47,2E29
1923,3,13,21,0,0,49N46,4E44
1930,11,26,20,30,0,43N54,0W30
1914,6,16,15,0,0,43N37,3E53
1905,9,2,23,20,40,48N50,2E11
1888,7,3,2,44,28,43N37,3E53
1890,7,22,1,50,4,48N47,2E29
1928,2,10,1,0,0,45N34,5E55
1925,11,9,19,30,0,50N39,3E 5
1928,2,19,6,0,0,50N18,2E46
1892,8,26,3,50,40,46N34,3E20
1922,7,20,15,30,0,44N56,4E54
1932,3,21,14,0,0,43N57,4E50
1923,6,1,17,30,0,48N 7,1W40
1936,9,23,21,30,0,47N40,2W44
1889,11,6,1,48,56,50N18,2E46
1931,1,29,17,50,0,49N34,3E37
1914,7,18,19,0,0,48N35,7E45
1938,2,21,16,0,0,49N26,2E 5
1896,8,13,9,20,40,48N50,2E20
1923,8,3,5,0,0,46N34,3E20
1924,1,9,9,15,0,47N15,6E 2
1925,5,3,9,0,0,48N50,2E20
1879,4,23,18,47,40,50N39,3E 5
1932,1,31,13,5,0,48N 5,7E21
1906,4,21,5,50,40,48N47,2E29
1931,10,13,9,0,0,50N18,2E46
1908,4,20,6,30,0,48N 5,7E21
1926,1,13,21,0,0,48N50,2E20
1906,12,30,9,50,40,48N47,2E29
1907,12,10,0,20,40,48N47,2E29
1932,5,10,22,0,0,48N57,4E22
1918,12,30,14,0,0,50N18,2E46
1921,1,22,15,30,0,50N39,3E 5
1930,12,6,15,0,0,49N26,1E 5
1908,3,22,5,20,40,35N40,0W30
1913,7,14,13,0,0,42N42,2E55
1925,2,12,9,0,0,47N15,6E 2
1930,3,4,12,25,0,50N18,2E46
1890,9,15,10,50,40,48N50,2E20
1936,10,21,23,0,0,35N50,0W 0
1931,6,13,10,0,0,43N32,6E28
1924,3,5,13,0,0,49N46,4E44
1905,12,24,11,20,40,47N38,6E52
1924,7,22,10,0,0,48N50,2E11
1934,9,3,0,30,0,48N35,7E45
1913,6,9,7,30,0,48N50,2E11
1899,11,4,22,50,40,48N50,2E20
1930,7,12,10,0,0,35N50,0W 0
1913,12,18,15,0,0,50N18,2E46
1905,8,15,1,50,40,47N37,6E 9
1926,11,26,16,0,0,47N40,2W44
1899,10,8,9,20,40,43N54,0W30
1920,2,10,21,40,0,47N54,1E54
1931,12,26,14,0,0,48N46,5E10
1921,4,5,4,0,0,43N18,5E22
1925,2,13,12,0,0,48N42,6E12
1921,2,1,12,0,0,50N39,3E 5
1918,9,30,22,30,0,49N 7,1W 5
1919,9,12,15,0,0,47N40,2W44
1925,7,18,23,15,0,48N50,2E 8
1933,2,12,1,0,0,36N35,2E45
1928,8,8,22,30,0,48N35,7E45
1890,12,12,4,51,16,48N50,2E11
1873,10,24,10,35,24,47N37,6E 9
1913,2,13,9,0,0,50N18,2E46
1921,7,25,1,0,0,43N18,5E22
1920,10,17,1,0,0,35N20,0W45
1910,4,30,15,50,40,48N47,2E29
1932,11,9,4,0,0,47N19,5E 2
1939,3,17,20,30,0,46N17,1E52
1889,11,7,11,21,16,48N50,2E11
1931,1,29,7,30,0,48N35,7E45
1925,7,29,16,0,0,43N18,5E22
1933,3,19,14,0,0,48N55,2E30
1924,7,8,2,0,0,48N42,6E12
1921,12,3,14,0,0,41N55,8E45
1924,2,29,22,0,0,41N55,8E45
1922,1,4,0,45,0,50N39,3E 5
1934,1,11,7,0,0,50N39,3E 5
1937,9,21,8,0,0,50N39,3E 5
1928,2,23,3,0,0,50N18,2E46
1920,1,1,8,0,0,50N39,3E 5
1936,3,14,20,45,0,50N18,2E46
1938,1,22,23,30,0,46N17,1E52
1926,11,27,8,0,0,48N55,2E30
1918,9,29,21,0,0,48N50,2E11
1906,7,30,14,20,40,48N 0,4W 6
1937,9,18,15,0,0,46N34,3E20
1908,12,30,21,5,40,50N39,3E 5
1923,4,27,8,25,0,48N47,2E29
1907,6,12,1,30,0,49N 7,6E11
1909,7,15,5,35,40,50N39,3E 5
1926,8,12,19,30,0,43N37,3E53
1930,11,29,18,0,0,50N18,2E46
1899,7,3,10,50,40,49N54,2E18
1927,5,5,2,0,0,50N18,2E46
1934,4,29,21,0,0,48N35,7E45
1937,2,1,10,15,0,50N18,2E46
1912,12,21,13,0,0,36N10,3E45
1927,5,18,17,30,0,50N18,2E46
1928,10,19,5,0,0,36N47,3E 0
1925,4,20,1,30,0,42N24,13E30
1914,5,30,5,0,0,45N 0,8E 0
1921,7,26,21,0,0,41N54,12E30
1922,5,3,6,0,0,42N24,12E 0
1925,5,24,9,15,0,45N30,9E15
1924,5,6,22,0,0,41N54,12E30
1928,1,17,9,10,0,45N48,8E 0
1915,9,15,1,0,0,45N30,9E15
1927,10,25,22,30,0,45N 0,9E 0
1929,8,27,7,0,0,45N30,11E 0
1931,6,17,14,0,0,43N42,11E30
1907,9,5,6,30,0,44N18,8E45
1924,3,12,1,0,0,44N18,8E45
1922,3,11,12,0,0,44N24,12E15
1914,7,27,10,15,0,45N24,12E15
1924,5,24,6,45,0,44N30,11E 0
1922,1,10,6,0,0,45N30,12E30
1924,11,28,14,0,0,45N30,12E 0
1897,7,27,7,0,0,45N 0,9E 0
1925,9,8,2,30,0,45N30,12E 0
1910,1,7,19,0,0,45N24,11E 0
1927,9,26,9,0,0,46N 0,13E30
1925,3,16,12,0,0,44N24,9E 0
1929,1,7,10,30,0,45N12,11E 0
1928,4,24,19,30,0,44N 0,10E15
1906,1,1,20,30,0,41N54,12E30
1932,8,9,4,30,0,45N36,9E45
1915,9,23,2,0,0,43N42,10E30
1924,1,14,13,0,0,43N42,11E 0
1931,1,15,9,0,0,45N30,11E 0
1914,4,20,20,0,0,43N42,11E 0
1915,4,4,1,45,0,44N30,11E 0
1909,7,22,20,0,0,45N48,9E 0
1911,7,26,14,0,0,45N36,12E45
1933,12,21,9,0,0,43N24,13E15
1912,12,4,1,30,0,44N18,8E45
1915,1,26,17,0,0,45N30,9E15
1928,7,4,1,30,0,45N30,9E 0
1908,4,22,15,30,0,45N12,11E 0
1923,2,14,19,0,0,45N30,9E15
1913,1,3,22,0,0,45N36,9E45
1925,5,9,10,0,0,45N36,12E45
1929,7,18,0,0,0,46N 0,13E30
1932,9,23,5,0,0,44N36,11E15
1928,1,2,7,20,0,44N 0,10E15
1914,4,14,21,30,0,45N12,9E 0
1929,12,19,4,20,0,46N 0,13E30
1928,9,23,21,0,0,45N30,9E15
1912,2,23,9,0,0,41N 6,14E30
1927,10,10,9,0,0,46N 0,13E30
1915,2,1,0,30,0,44N48,10E45
1909,2,9,18,0,0,45N24,8E30
1911,2,9,6,0,0,45N 0,8E 0
1930,2,27,16,30,0,45N36,9E45
1914,7,14,12,5,0,45N30,9E 0
1919,4,7,13,0,0,45N30,9E15
1920,6,2,-1,0,0,45N24,12E15
1922,7,1,14,10,0,41N36,15E30
1930,3,6,7,30,0,41N54,12E30
1922,4,10,19,0,0,45N36,9E45
1922,2,28,12,30,0,45N48,9E 0
1925,5,31,11,0,0,45N 0,8E 0
1921,2,9,9,0,0,45N24,8E30
1925,7,3,9,30,0,45N30,9E 0
1923,2,27,12,15,0,45N24,11E 0
1925,5,20,1,0,0,45N 0,12E15
1910,6,14,1,0,0,45N36,9E45
1929,3,22,9,0,0,45N24,12E15
1930,2,15,5,0,0,44N30,11E 0
1924,9,28,6,0,0,45N30,9E15
1916,4,19,12,0,0,46N 0,13E30
1927,1,29,0,0,0,43N24,13E15
1914,3,4,6,0,0,46N 0,13E30
1931,7,3,16,0,0,45N30,9E15
1902,12,20,21,0,0,45N 0,8E 0
1933,2,28,17,30,0,45N30,9E15
1913,3,16,0,0,0,44N36,11E15
1932,7,7,-1,0,0,44N36,11E15
1908,1,9,14,0,0,45N12,11E 0
1921,10,27,10,0,0,40N30,17E30
1931,5,4,10,0,0,45N48,8E 0
1932,8,9,2,30,0,45N 0,9E 0
1913,3,12,21,0,0,45N24,8E30
1927,7,1,4,0,0,40N24,18E45
1894,2,3,9,0,0,45N30,9E15
1916,10,28,4,0,0,41N54,12E30
1905,3,30,1,25,0,44N36,11E15
1921,11,16,11,0,0,44N24,12E15
1927,7,4,20,30,0,43N24,13E15
1907,12,6,5,30,0,45N 0,9E 0
1914,8,24,0,30,0,44N36,10E45
1926,12,7,10,0,0,45N30,9E15
1912,2,15,6,0,0,45N24,8E30
1915,7,15,14,15,0,44N30,11E 0
1911,1,20,19,0,0,46N 0,13E30
1922,2,24,14,0,0,45N24,12E15
1921,11,7,10,45,0,45N30,9E15
1932,3,1,15,15,0,44N36,11E15
1923,1,19,21,30,0,44N 0,13E 0
1916,2,24,7,0,0,45N 0,8E 0
1922,10,16,13,0,0,43N 0,13E 0
1915,7,22,4,0,0,45N48,9E15
1917,9,23,6,0,0,45N 0,8E 0
1931,3,6,5,0,0,44N 0,11E15
1921,2,8,19,0,0,45N30,11E 0
1912,3,1,15,0,0,45N 0,8E 0
1930,7,11,17,0,0,44N12,12E30
1928,1,18,8,30,0,45N24,12E15
1925,12,17,3,0,0,44N30,11E 0
1930,8,16,2,0,0,45N24,8E30
1932,9,23,9,15,0,46N 0,13E30
1927,3,6,22,0,0,45N36,12E45
1917,4,20,3,0,0,45N30,9E15
1923,12,22,12,0,0,45N36,12E45
1931,8,26,1,30,0,45N30,9E15
1928,8,11,17,0,0,41N12,17E 0
1926,12,9,17,0,0,38N 0,15E30
1925,12,20,6,0,0,44N 0,11E15
1909,8,8,4,0,0,46N 0,13E30
1927,7,20,16,0,0,45N30,9E15
1930,7,7,0,45,0,43N24,13E15
1922,10,7,5,0,0,43N42,10E30
1923,3,9,14,30,0,44N30,11E 0
1928,10,21,8,0,0,44N 0,11E15
1908,2,29,4,0,0,41N54,12E30
1932,2,5,6,20,0,45N36,14E 0
1919,10,30,3,0,0,45N24,8E30
1924,12,10,5,30,0,46N 0,13E30
1920,5,22,12,0,0,43N42,10E30
1924,10,17,14,0,0,45N12,11E 0
1931,3,30,13,0,0,44N 0,11E15
1925,6,26,0,0,0,45N30,12E 0
1923,5,27,10,20,0,45N12,11E 0
1925,7,7,9,45,0,42N24,13E30
1907,11,22,4,30,0,45N24,11E 0
1924,6,3,0,0,0,45N12,11E 0
1919,1,26,22,0,0,45N30,9E15
1910,8,23,9,0,0,45N30,9E15
1925,7,13,14,30,0,45N24,11E 0
1919,9,5,13,0,0,45N30,12E 0
1923,1,7,0,45,0,45N12,11E 0
1912,9,7,12,30,0,46N 0,13E30
1917,3,6,13,0,0,43N42,11E 0
1921,10,3,2,0,0,45N48,9E 0
1913,7,6,16,0,0,45N 0,9E 0
1928,1,17,21,0,0,45N48,9E15
1909,8,11,16,0,0,45N30,12E30
1933,12,30,10,30,0,46N 0,13E30
1911,8,12,1,30,0,45N48,9E 0
1911,6,5,21,45,0,44N36,11E15
1927,7,28,7,0,0,44N24,12E15
1925,10,22,1,0,0,45N 0,8E 0
1910,9,12,19,35,0,44N24,12E15
1916,1,1,0,0,0,44N24,12E15
1924,6,30,16,0,0,44N36,11E15
1925,6,8,17,0,0,43N42,11E30
1910,10,2,10,30,0,45N24,11E 0
1935,1,1,14,0,0,43N 0,13E45
1914,7,12,9,0,0,45N30,9E15
1926,6,11,10,30,0,45N 0,9E 0
1921,8,23,-1,25,0,45N48,9E 0
1911,12,14,20,0,0,46N 0,13E30
1926,2,17,7,0,0,43N42,11E30
1921,9,20,14,45,0,45N 0,8E 0
1934,7,7,15,0,0,45N30,9E 0
1934,6,20,7,0,0,45N30,12E 0
1926,9,13,20,10,0,45N48,9E 0
1911,6,7,2,0,0,45N24,12E15
1918,6,10,2,0,0,45N24,11E 0
1907,10,30,19,0,0,45N30,11E 0
1906,5,22,10,30,0,45N12,9E 0
1920,7,21,1,0,0,43N36,9E30
1923,1,25,3,0,0,41N54,12E30
1913,9,22,21,30,0,45N12,9E 0
1933,3,27,9,30,0,45N24,11E 0
1931,4,26,20,0,0,45N12,11E 0
1929,12,29,7,20,0,45N24,11E 0
1910,2,11,11,0,0,45N 0,8E 0
1920,12,25,18,30,0,43N42,10E30
1914,4,10,2,0,0,45N24,8E30
1916,1,21,17,0,0,45N 0,9E 0
1908,6,5,0,0,0,45N48,9E 0
1917,11,17,16,0,0,45N24,11E 0
1929,6,15,22,0,0,45N30,12E30
1911,12,10,16,0,0,45N 0,9E 0
1913,10,8,9,30,0,44N24,12E15
1934,3,7,19,50,0,46N 0,13E30
1932,5,1,8,35,0,45N12,9E 0
1922,10,9,2,0,0,45N30,9E 0
1902,2,24,6,30,0,45N24,8E30
1932,7,18,19,0,0,45N36,9E45
1918,6,10,18,10,0,44N48,10E45
1931,2,23,3,20,0,45N30,9E15
1916,6,17,6,0,0,44N 0,10E30
1930,5,3,15,30,0,45N30,12E 0
1920,7,1,21,0,0,44N36,11E15
1926,12,28,14,30,0,44N36,11E15
1906,12,12,1,30,0,45N30,12E30
1921,6,14,12,30,0,45N30,12E30
1927,11,13,7,30,0,45N30,12E 0
1921,3,3,7,0,0,45N30,12E 0
1920,9,22,0,15,0,45N30,9E15
1924,3,3,14,0,0,45N24,12E15
1920,11,8,0,0,0,46N 0,13E30
1931,2,25,19,0,0,46N 0,13E30
1931,10,26,9,30,0,44N36,11E15
1923,7,5,14,0,0,45N48,9E 0
1929,5,18,1,0,0,44N36,11E15
1931,1,25,20,30,0,45N30,12E 0
1926,6,20,1,0,0,45N 0,8E 0
1935,7,24,15,30,0,46N 0,13E30
1926,7,21,4,0,0,44N48,10E45
1928,1,6,6,10,0,40N54,14E 0
1932,4,18,2,0,0,45N 0,8E 0
1917,1,2,4,0,0,44N36,11E15
1903,5,3,17,0,0,50N51,4E15
1881,2,1,1,43,0,50N51,4E15
1922,8,19,19,30,0,50N39,5E30
1909,6,25,6,30,0,50N51,4E15
1938,10,28,11,0,0,50N39,5E30
1900,3,4,16,0,0,51N14,4E30
1892,5,9,17,0,0,50N51,4E15
1899,1,19,9,0,0,51N 5,3E45
1900,10,26,6,0,0,50N47,5E30
1907,4,28,13,30,0,51N14,4E30
1884,1,5,22,47,0,51N13,3E15
1913,10,26,1,0,0,50N39,5E30
1925,1,7,15,15,0,50N39,5E30
1899,11,15,22,0,0,50N51,4E15
1918,10,8,8,0,0,51N 5,3E45
1908,6,18,3,0,0,50N51,4E15
1918,10,3,15,0,0,51N14,4E30
1930,4,29,11,0,0,51N14,4E30
1912,3,16,12,0,0,50N39,5E30
1919,2,19,15,0,0,51N14,4E30
1921,11,18,7,30,0,51N14,4E30
1906,9,14,2,0,0,51N14,4E30
1927,7,7,0,0,0,51N14,4E30
1929,9,19,11,0,0,51N14,4E30
1898,2,8,22,0,0,51N14,4E30
1897,11,2,3,30,0,50N39,5E30
1936,12,29,2,30,0,50N51,4E15
1907,6,21,21,0,0,50N51,4E15
1941,8,8,21,15,0,50N51,4E15
1900,12,29,15,0,0,50N47,5E30
1928,10,11,10,0,0,51N14,4E30
1937,2,24,17,0,0,50N51,4E15
1897,5,8,11,0,0,51N14,4E30
1924,5,18,1,0,0,51N14,4E30
1934,10,8,14,30,0,50N51,4E15
1920,8,27,10,30,0,50N51,4E15
1927,1,26,8,0,0,51N14,4E30
1922,2,16,16,0,0,51N14,4E30
1900,3,9,17,30,0,50N51,4E15
1892,10,13,18,0,0,50N51,4E15
1908,2,17,10,0,0,51N14,4E30
1931,10,6,21,0,0,51N 5,3E45
1912,11,29,12,0,0,51N14,4E30
1931,1,18,9,0,0,50N39,5E30
1941,8,24,21,0,0,50N51,4E15
1943,2,18,15,0,0,51N13,3E15
1937,3,16,17,30,0,50N47,5E30
1887,11,26,0,47,0,51N13,3E15
1911,1,17,14,30,0,50N51,4E15
1938,10,8,7,30,0,51N 5,3E45
1907,11,2,3,0,0,51N14,4E30
1892,6,30,14,0,0,50N51,4E15
1922,12,6,1,0,0,51N14,4E30
1897,4,29,12,0,0,51N14,4E30
1927,6,24,7,0,0,51N14,4E30
1936,10,11,12,30,0,50N51,4E15
1924,1,9,23,0,0,51N14,4E30
1930,1,20,14,0,0,51N14,4E30
1895,3,21,16,0,0,51N13,3E15
1943,10,8,5,0,0,50N51,4E15
1886,3,25,5,47,0,51N13,3E15
1891,6,6,5,43,0,50N51,4E15
1939,4,16,14,0,0,51N13,3E15
1908,12,5,1,0,0,51N13,3E15
1910,5,11,4,30,0,51N14,4E30
1908,9,12,23,15,0,51N14,4E30
1920,1,14,2,10,28,52N 5,4E28
1926,5,27,2,40,28,51N42,5E19
1931,3,22,17,25,28,52N 5,4E28
1903,1,16,15,50,40,48N 7,1W40
1918,8,29,19,0,0,44N50,0W34
1903,12,21,1,50,40,47N24,0E42
1898,12,11,4,50,40,48N50,2E 8
1918,8,2,4,0,0,45N11,0E44
1902,5,3,0,50,40,44N50,0W34
1877,7,6,12,1,28,43N18,0W22
1905,7,12,6,50,40,43N18,0W22
1915,8,20,7,45,0,48N 5,7E21
1926,12,20,8,0,0,48N50,2E11
1894,5,9,17,20,40,46N59,3E 9
1908,2,2,14,0,0,48N 5,7E21
1882,3,24,17,58,40,46N35,0E20
1906,9,28,19,50,40,46N59,3E 9
1872,2,24,2,47,40,50N39,3E 5
1911,8,10,0,0,0,49N 7,6E11
1904,5,10,20,50,40,48N50,2E11
1924,11,25,10,45,0,48N55,2E30
1917,1,13,2,0,0,48N27,1E30
1922,2,2,3,30,0,47N38,6E52
1909,7,19,19,20,40,50N39,3E 5
1905,11,13,12,50,40,48N 4,0W45
1893,7,12,5,50,40,48N55,2E30
1924,5,31,17,0,0,50N39,3E 5
1912,9,23,7,0,0,43N37,3E53
1924,3,15,10,0,0,43N37,3E53
1900,10,7,20,20,40,44N56,4E54
1888,3,17,11,50,40,48N50,2E20
1926,9,22,20,0,0,43N37,3E53
1908,4,21,9,50,40,45N26,4E23
1924,9,5,1,0,0,48N55,2E30
1923,6,4,5,0,0,43N37,3E53
1912,6,23,23,0,0,49N 1,1E11
1903,11,3,16,50,40,48N50,2E 8
1915,7,9,2,0,0,46N35,0E20
1936,4,10,5,0,0,43N37,3E53
1931,6,27,12,0,0,48N36,2E20
1936,9,27,18,0,0,45N11,0E44
1919,5,19,4,30,0,47N40,2W44
1919,8,18,5,0,0,48N 5,7E21
1904,3,1,6,40,40,48N50,2E11
1925,9,20,7,0,0,49N 0,2E 0
1910,12,5,10,50,40,47N48,3E35
1905,8,29,14,50,40,48N33,2E40
1910,6,30,2,50,40,50N39,3E 5
1921,11,10,4,30,0,48N50,2E 8
1899,6,14,18,35,40,48N 0,4W 6
1918,6,15,4,0,0,50N18,2E46
1890,7,20,1,20,4,48N47,2E29
1924,5,10,19,0,0,50N39,3E 5
1913,6,17,11,0,0,50N39,3E 5
1916,1,20,4,0,0,44N56,2E26
1915,2,9,8,0,0,46N49,1E41
1919,9,17,21,0,0,48N50,2E11
1902,6,22,8,50,40,45N50,1E15
1927,6,5,4,0,0,45N47,3E 5
1909,11,3,21,50,40,50N39,3E 5
1909,6,25,17,5,40,45N46,4E50
1920,3,10,19,0,0,48N10,6E28
1902,11,5,3,20,40,50N39,3E 5
1903,9,22,21,50,40,48N 0,4W 6
1882,6,9,20,50,40,48N50,2E20
1912,7,21,9,30,0,50N18,2E46
1914,4,9,21,0,0,46N59,3E 9
1939,11,14,16,0,0,50N18,2E46
1914,3,16,12,45,0,48N27,1E30
1914,2,17,1,0,0,48N27,1E30
1933,6,20,4,0,0,43N18,5E22
1935,3,19,15,30,0,48N18,4E 5
1911,10,13,21,45,0,50N18,2E46
1927,11,11,22,53,0,50N39,3E 5
1938,2,22,1,0,0,43N18,5E22
1883,7,3,21,19,20,48N33,2E40
1894,5,10,11,20,40,50N39,3E 5
1908,3,3,4,50,40,50N39,3E 5
1913,1,6,11,45,0,48N47,2E29
1929,1,5,9,0,0,43N37,1E26
1932,1,12,23,0,0,43N37,1E26
1910,7,14,0,50,40,48N50,2E20
1928,3,29,22,0,0,48N55,2E30
1906,2,26,14,50,40,50N39,3E 5
1915,11,18,7,0,0,36N30,6E15
1898,5,15,0,50,40,50N39,3E 5
1931,10,17,10,30,0,49N26,1E 5
1945,1,2,2,0,0,43N18,5E22
1909,7,6,8,50,40,48N50,2E 8
1927,10,21,3,30,0,49N54,2E18
1930,1,22,8,0,0,49N54,2E18
1884,10,10,18,47,40,50N39,3E 5
1922,9,14,21,30,0,48N18,4E 5
1930,4,18,2,0,0,51N14,4E30
1905,3,25,15,50,40,50N39,3E 5
1899,10,21,22,50,40,44N50,0W34
1912,1,6,3,0,0,44N50,0W34
1922,3,17,1,0,0,43N18,0W22
1922,9,27,13,0,0,43N18,0W22
1913,9,25,7,0,0,43N18,0W22
1918,10,27,15,0,0,43N18,0W22
1881,5,20,6,1,28,43N18,0W22
1900,12,6,7,50,40,43N18,0W22
1913,9,9,9,0,0,43N18,0W22
1907,11,16,14,50,40,43N18,0W22
1924,11,27,7,0,0,43N18,0W22
1917,1,7,6,0,0,43N18,0W22
1898,4,10,12,50,40,43N18,0W22
1909,6,19,17,50,40,43N18,0W22
1913,7,23,18,0,0,43N18,0W22
1894,1,31,21,50,40,42N42,2E55
1905,8,6,21,20,40,43N18,0W22
1905,12,18,8,35,40,43N18,0W22
1912,10,22,2,30,0,43N18,0W22
1924,11,24,2,0,0,43N18,0W22
1934,12,3,17,0,0,43N37,1E26
1908,12,21,10,50,40,43N18,0W22
1933,12,14,6,30,0,43N54,0W30
1923,5,26,6,0,0,43N18,0W22
1873,9,17,12,50,40,48N50,2E20
1928,4,15,9,0,0,43N12,2E21
1927,6,1,8,0,0,43N14,0E 5
1904,10,12,9,50,40,42N42,2E55
1917,5,20,6,30,0,48N50,2E11
1928,3,3,6,0,0,43N37,3E53
1932,7,22,4,0,0,43N14,0E 5
1934,8,30,6,10,0,43N18,0W22
1921,7,13,20,30,0,44N12,0E38
1914,4,1,20,0,0,45N16,1E46
1930,10,21,10,0,0,43N18,0W22
1894,12,7,8,50,40,50N39,3E 5
1900,10,19,20,50,40,43N18,0W22
1898,10,18,17,50,40,43N18,0W22
1935,12,21,13,25,0,45N26,4E23
1932,1,21,1,0,0,43N12,2E21
1929,9,23,22,0,0,43N12,2E21
1922,11,11,5,0,0,43N18,0W22
1914,1,11,10,0,0,43N18,0W22
1924,5,8,12,0,0,43N37,1E26
1924,2,15,4,0,0,43N55,2E 8
1937,6,28,5,30,0,43N18,0W22
1930,1,11,1,0,0,43N18,0W22
1898,3,16,18,50,40,43N18,0W22
1901,3,17,10,50,40,43N37,1E26
1911,12,24,20,0,0,43N12,2E21
1909,4,11,2,20,40,49N26,1E 5
1934,8,14,20,0,0,43N54,0W30
1937,3,6,7,30,0,43N54,0W30
1899,12,8,10,50,40,43N14,0E 5
1922,5,11,17,0,0,43N14,0E 5
1933,7,3,20,30,0,45N11,5E43
1927,1,6,11,0,0,43N18,0W22
1899,8,14,9,50,40,43N37,3E53
1901,2,4,20,50,40,43N55,2E 8
1929,8,12,0,0,0,43N14,0E 5
1936,1,31,5,0,0,43N54,0W30
1921,8,28,6,0,0,42N42,2E55
1922,12,23,8,30,0,45N34,5E55
1912,10,12,1,0,0,48N50,2E11
1917,2,13,1,0,0,43N18,0W22
1885,9,18,21,44,28,43N37,3E53
1918,4,29,21,0,0,43N18,0W22
1923,6,7,20,0,0,43N37,3E53
1933,5,13,14,0,0,43N14,0E 5
1937,7,15,11,0,0,43N54,0W30
1905,2,9,3,50,40,43N37,1E26
1899,5,7,3,50,40,43N14,0E 5
1927,3,10,23,0,0,44N21,2E34
1932,5,8,9,0,0,43N18,0W22
1930,4,5,5,0,0,42N42,2E55
1934,9,17,6,30,0,42N42,2E55
1938,7,15,16,30,0,43N14,0E 5
1931,1,22,6,30,0,43N14,0E 5
1888,7,31,11,53,40,42N58,1E35
1931,2,8,13,0,0,43N54,0W30
1930,7,4,7,0,0,43N18,0W22
1925,9,6,23,15,0,46N17,1E52
1909,5,22,18,50,40,46N34,3E20
1920,2,29,15,0,0,43N37,1E26
1885,9,11,7,21,40,49N26,2E 5
1936,9,24,6,0,0,43N55,2E 8
1925,4,5,11,0,0,44N12,0E38
1899,2,7,14,50,40,43N54,0W30
1932,9,24,21,0,0,48N46,5E10
1934,7,6,0,0,0,43N54,0W30
1925,1,1,7,0,0,42N42,2E55
1929,6,4,15,0,0,43N37,1E26
1937,1,13,5,30,0,43N54,0W30
1919,11,12,4,0,0,43N18,0W22
1929,1,28,5,0,0,44N12,0E38
1875,3,6,5,50,40,48N50,2E20
1931,7,21,20,0,0,42N42,2E55
1927,12,16,13,0,0,43N12,2E21
1926,2,9,7,0,0,42N42,2E55
1912,2,1,20,0,0,42N42,2E55
1929,10,4,0,20,0,43N54,0W30
1932,8,9,2,0,0,43N14,0E 5
1933,5,3,7,0,0,43N12,2E21
1924,5,1,11,0,0,43N37,1E26
1931,5,28,15,0,0,44N 1,1E20
1933,7,8,17,0,0,43N40,0E36
1924,8,27,0,0,0,43N54,0W30
1881,8,19,18,1,28,43N18,0W22
1906,5,1,19,50,40,43N54,0W30
1899,4,11,5,50,40,43N14,0E 5
1910,10,14,22,50,40,48N50,2E11
1934,5,25,10,30,0,43N14,0E 5
1922,7,3,22,0,0,43N37,1E26
1934,6,18,19,0,0,43N18,0W22
1929,6,21,2,0,0,43N18,0W22
1935,9,8,14,0,0,43N18,0W22
1937,5,4,2,30,0,47N13,1W35
1933,2,13,4,0,0,43N18,0W22
1935,9,7,17,0,0,43N55,2E 8
1934,2,24,7,0,0,43N55,2E 8
1884,11,30,4,1,28,43N18,0W22
1889,8,15,8,4,40,46N 9,1W10
1941,12,23,8,0,0,43N14,0E 5
1905,3,20,7,50,40,42N42,2E55
1904,3,17,17,20,40,45N50,1E15
1897,11,3,7,40,40,49N34,3E37
1900,10,11,5,50,40,42N42,2E55
1939,8,14,16,0,0,42N42,2E55
1904,1,22,9,50,40,42N42,2E55
1935,12,9,21,55,0,44N56,4E54
1937,9,30,22,30,0,44N12,0E38
1931,4,26,10,0,0,43N18,0W22
1923,7,8,6,0,0,43N18,0W22
1898,2,18,14,50,40,43N18,0W22
1931,4,20,5,0,0,43N57,4E50
1929,5,9,17,0,0,43N18,0W22
1923,3,16,5,0,0,43N18,0W22
1920,9,11,3,0,0,43N54,0W30
1928,4,27,1,0,0,43N18,0W22
1929,2,9,1,0,0,43N12,2E21
1931,4,7,10,0,0,43N12,2E21
1930,12,12,11,0,0,44N56,2E26
1940,3,5,5,0,0,43N18,0W22
1934,5,4,13,0,0,43N18,0W22
1935,1,23,17,0,0,44N12,0E38
1883,1,23,2,50,40,48N50,2E20
1889,3,2,2,1,28,43N18,0W22
1924,2,15,5,0,0,43N37,1E26
1895,10,9,20,50,40,43N18,0W22
1936,9,19,19,30,0,49N34,3E37
1890,4,22,22,57,36,44N50,0W34
1924,3,11,2,0,0,44N12,0E38
1930,11,6,3,0,0,42N42,2E55
1936,4,24,10,0,0,43N12,2E21
1891,7,21,13,50,40,44N12,0E38
1934,3,27,0,30,0,44N 1,1E20
1934,8,12,17,0,0,42N42,2E55
1904,8,11,3,5,40,48N50,2E11
1927,12,19,9,0,0,43N18,0W22
1936,3,5,11,0,0,43N18,0W22
1934,6,14,19,30,0,43N18,0W22
1937,11,21,17,30,0,43N18,0W22
1920,9,28,12,30,0,43N18,0W22
1930,1,3,2,0,0,43N18,0W22
1931,3,14,22,0,0,43N12,2E21
1920,6,23,4,0,0,43N18,0W22
1887,5,27,23,10,40,45N46,4E50
1921,7,7,6,15,0,46N12,5E13
1929,4,12,16,0,0,43N12,2E21
1937,6,16,4,0,0,44N50,0W34
1929,9,26,12,0,0,44N27,1E26
1930,9,28,13,0,0,44N31,3E30
1932,4,1,21,0,0,43N18,0W22
1923,5,1,9,30,0,44N50,0W34
1934,1,2,13,0,0,42N42,2E55
1937,3,7,20,0,0,43N57,4E50
1931,7,6,22,0,0,43N12,2E21
1887,2,9,12,59,40,43N14,0E 5
1895,8,24,8,50,40,43N18,0W22
1935,7,30,12,0,0,42N42,2E55
1926,9,21,10,0,0,43N54,0W30
1932,10,24,0,15,0,43N55,2E 8
1923,1,10,16,0,0,42N42,2E55
1901,6,15,12,50,40,42N42,2E55
1899,5,14,6,50,40,43N18,0W22
1930,1,16,4,0,0,41N55,8E45
1924,3,18,11,30,0,46N12,5E13
1923,8,1,8,0,0,43N14,0E 5
1928,9,17,10,0,0,43N14,0E 5
1912,7,15,17,0,0,43N18,5E22
1894,12,4,20,50,40,44N27,1E26
1940,9,28,17,15,0,43N12,2E21
1924,3,24,1,30,0,50N26,7E24
1932,2,17,10,0,0,42N58,1E35
1902,3,29,16,50,40,42N42,2E55
1934,8,18,13,30,0,43N18,0W22
1933,2,6,14,0,0,43N12,2E21
1931,4,19,17,0,0,43N57,4E50
1902,6,14,4,50,40,42N42,2E55
1932,10,18,18,0,0,43N37,3E53
1925,2,17,2,0,0,44N 1,1E20
1937,11,7,7,0,0,43N18,5E22
1932,8,13,3,30,0,42N42,2E55
1933,4,19,9,30,0,43N51,4E21
1912,7,15,6,0,0,44N12,0E38
1909,4,16,16,50,40,43N37,1E26
1929,8,4,22,0,0,42N42,2E55
1930,9,18,0,0,0,43N51,4E21
1890,12,12,13,1,28,43N18,0W22
1934,8,1,22,0,0,43N37,3E53
1902,11,8,7,50,40,43N37,3E53
1922,11,28,16,0,0,43N14,0E 5
1891,3,11,3,54,16,43N37,1E26
1920,8,7,4,0,0,43N18,0W22
1931,3,14,7,0,0,43N12,2E21
1923,1,3,2,0,0,46N12,5E13
1914,4,16,23,0,0,45N47,3E 5
1931,12,31,7,30,0,42N42,2E55
1921,11,20,6,0,0,42N42,2E55
1931,7,27,14,0,0,48N46,5E10
1897,2,14,2,30,40,45N34,5E55
1928,6,29,13,0,0,44N21,2E34
1906,5,28,3,50,40,45N50,1E15
1934,4,11,19,30,0,42N42,2E55
1937,4,17,13,30,0,43N37,3E53
1926,12,5,17,0,0,44N56,2E26
1926,8,28,12,0,0,45N54,6E 7
1912,2,25,11,0,0,45N54,6E 7
1937,3,21,12,25,0,49N34,3E37
1932,12,15,16,0,0,45N54,6E 7
1920,5,4,4,0,0,45N54,6E 7
1921,7,6,22,30,0,45N54,6E 7
1934,11,7,11,30,0,45N54,6E 7
1945,9,28,13,15,0,43N32,6E28
1943,8,30,3,10,0,48N50,2E11
1927,12,18,21,0,0,46N40,5E33
1934,1,25,1,0,0,48N10,6E28
1929,12,30,12,0,0,45N54,6E 7
1920,8,7,9,0,0,43N42,7E16
1924,7,23,20,30,0,45N54,6E 7
1940,2,24,16,45,0,45N54,6E 7
1914,7,8,22,0,0,43N14,0E 5
1937,6,19,11,0,0,45N54,6E 7
1899,1,1,20,20,40,50N39,3E 5
1909,5,21,15,50,40,48N50,2E11
1904,12,19,16,20,40,47N28,0W32
1912,10,4,20,20,0,48N27,1E30
1887,7,12,6,2,0,43N54,0W30
1897,3,15,15,20,40,49N26,2E 5
1920,2,1,15,0,0,42N42,2E55
1894,7,27,8,0,40,48N 1,0E12
1885,10,25,8,19,20,48N33,2E40
1910,6,7,19,35,40,47N37,6E 9
1876,9,9,15,24,0,48N27,1E30
1939,11,9,6,45,0,46N12,5E13
1903,11,2,0,50,40,45N54,6E 7
1916,9,19,1,0,0,45N54,6E 7
1903,1,19,5,50,40,48N42,6E12
1902,8,25,8,50,40,48N31,2W45
1914,5,18,20,0,0,50N39,3E 5
1886,12,12,8,57,36,44N50,0W34
1912,2,27,18,30,0,44N50,0W34
1898,8,13,16,50,40,43N18,0W22
1908,3,5,4,50,40,43N32,6E28
1895,5,11,10,20,40,48N50,2E20
1928,2,2,10,15,0,48N47,2E29
1901,12,14,10,50,40,45N46,4E50
1882,9,24,8,50,40,48N50,2E20
1901,12,14,23,40,40,48N50,2E11
1926,11,29,20,10,0,48N42,6E12
1902,7,6,10,50,40,43N37,1E26
1882,11,15,17,16,40,46N34,3E20
1921,5,2,17,30,0,45N46,4E50
1890,9,30,16,50,40,48N50,2E20
1931,9,26,11,30,0,43N18,0W22
1904,7,10,9,50,40,47N13,1W35
1928,4,2,23,50,0,36N47,3E 0
1906,8,6,1,20,40,44N50,0W34
1904,7,2,4,50,40,48N50,2E20
1931,11,6,9,30,0,50N39,3E 5
1899,5,24,18,50,40,48N50,2E20
1910,6,24,5,30,40,49N26,1E 5
1908,1,31,11,35,40,48N50,2E11
1931,8,21,11,45,0,48N50,2E20
1920,3,21,0,30,0,43N18,0W22
1917,7,10,19,0,0,43N18,0W22
1933,9,15,2,50,0,48N50,2E11
1901,3,12,10,50,40,43N18,0W22
1909,2,24,15,50,40,43N42,7E16
1895,5,5,5,50,40,44N50,0W34
1922,4,13,5,0,0,43N42,7E16
1904,2,8,0,9,28,52N 6,5E 8
1904,11,10,17,50,40,47N24,0E42
1900,7,19,22,50,40,50N39,3E 5
1894,1,28,12,50,40,48N 7,5E 8
1906,1,23,3,20,40,49N26,1E 5
1914,5,4,16,0,0,43N51,4E21
1901,4,20,16,50,40,48N42,6E12
1899,12,12,7,20,40,44N50,0W34
1876,5,29,3,57,36,44N50,0W34
1903,4,27,16,50,40,49N26,2E 5
1909,3,21,15,20,40,49N 1,1E11
1893,11,17,10,50,40,48N 4,0W45
1890,7,25,22,51,28,48N50,2E 8
1928,10,22,9,30,0,47N13,1W35
1916,8,25,12,0,0,43N42,7E16
# End of data from Volume A
1935,1,5,18,6,36,49N10,05E51
1945,3,15,2,19,32,48N50,10E07
1937,11,14,7,48,44,44N48,10E19
1942,6,16,6,19,8,45N33,10E13
1951,11,2,8,59,20,43N23,00E10
1934,4,7,13,48,4,43N17,02E59
1939,11,2,18,19,24,44N02,10E09
1950,5,5,7,52,0,56N28,03W00
1914,3,11,13,55,40,49N26,01E05
1949,5,21,0,53,32,46N28,10E22
1937,10,3,8,30,56,43N42,07E16
1942,1,1,9,4,48,41N37,13E48
1944,4,13,15,29,40,44N30,07E35
1938,7,2,16,28,36,48N20,04E06
1948,8,28,14,24,12,43N37,01E27
1940,6,17,11,33,24,43N16,06E39
1949,8,17,23,24,36,45N17,06E21
1945,5,8,7,6,36,43N23,01W39
1949,2,14,15,16,40,50N48,03E20
1942,8,20,7,48,0,36N50,03E00
1928,7,9,15,16,8,39N52,04W02
1940,1,11,22,59,8,45N20,07E43
1945,11,22,5,21,8,16N14,61W32
1942,10,19,7,18,16,50N32,02E56
1892,4,29,10,40,40,45N46,04E50
1950,11,26,19,26,4,43N53,00E59
1927,4,24,14,5,56,49N37,06E01
1926,2,24,1,37,20,49N20,05E40
1945,6,1,13,23,52,45N33,11E32
1949,4,11,7,34,0,43N36,01W00
1947,9,26,15,53,52,49N37,01E32
1949,5,30,8,56,12,47N45,08E27
1907,11,19,1,23,12,45N28,09E12
1939,10,8,1,42,28,45N24,11E53
1938,2,1,9,54,12,43N37,01E27
1940,9,27,14,15,12,51N02,03E42
1956,9,21,2,48,28,47N31,10E23
1944,8,29,7,3,4,43N29,00W46
1930,3,22,4,1,8,49N06,00W17
1939,4,20,11,51,0,44N34,02E15
1946,5,11,3,42,28,45N26,04E23
1945,2,26,16,33,40,46N31,00W55
1947,7,28,5,19,12,43N43,01W03
1939,5,19,19,59,20,45N04,07E40
1944,1,7,20,45,36,43N53,11E06
1949,12,6,7,0,8,43N15,00W02
1946,4,7,19,34,0,45N36,01W00
1944,3,4,8,10,40,47N02,04E50
1932,7,30,16,38,32,43N18,05E22
1943,4,11,6,57,28,43N56,00E38
1940,12,7,0,12,52,50N52,08E02
1897,3,13,6,40,40,56N15,02W40
1940,9,1,19,15,0,43N47,11E15
1888,5,11,21,12,0,55N57,03W00
1943,12,1,19,19,40,47N32,01W10
1918,4,26,1,38,56,52N13,05E16
1947,3,20,5,50,36,42N57,02E21
1933,9,14,19,5,40,48N52,02E20
1943,5,31,0,50,16,44N56,02E26
1930,6,22,3,21,20,45N42,09E40
1943,11,13,11,16,52,45N10,10E47
1939,1,4,5,46,8,43N23,03E28
1905,1,23,10,44,32,51N58,07E37
1942,6,19,23,4,0,46N22,06E30
1946,12,1,22,57,8,47N36,03W02
1944,10,13,11,4,4,48N07,01W01
1917,11,12,3,47,0,55N53,04W15
1947,2,20,4,50,0,49N31,02E30
1923,3,19,17,45,12,56N00,03W48
1949,3,6,15,8,16,57N10,02W04
1945,6,28,4,37,52,55N57,03W13
1940,5,21,3,49,52,50N27,02E32
1922,5,14,3,18,56,50N17,02E46
1939,4,25,11,7,4,46N04,13E14
1944,11,12,3,41,32,50N38,04E37
1934,4,4,8,56,0,49N47,01E00
1933,4,11,2,26,44,40N34,08E19
1946,9,22,2,17,40,50N39,03E05
1909,5,26,4,5,12,55N41,03W48
1936,5,13,17,14,8,44N15,01E28
1947,2,27,13,41,8,16N14,61W32
1927,7,3,1,49,0,43N29,02E45
1936,5,17,8,5,12,49N39,01W18
1948,1,25,2,18,32,43N18,05E22
1944,3,30,8,0,8,43N06,00W02
1948,5,11,1,51,24,44N03,02E09
1942,8,30,17,33,40,43N28,00W55
1901,1,30,15,1,4,50N34,07E14
1943,6,20,23,29,12,47N52,03W33
1945,11,12,21,34,48,48N55,02E33
1906,10,25,13,8,40,46N10,12E50
1942,8,13,22,45,48,43N39,03E33
1950,1,6,6,17,0,55N53,04W15
1923,5,21,14,14,16,49N15,01E26
1943,7,27,5,59,40,43N14,00E05
1941,5,5,3,30,56,43N42,07E16
1943,12,4,1,30,20,33N39,07W35
1942,7,27,16,55,40,43N37,01E05
1934,5,9,9,4,20,14N36,61W05
1945,4,12,10,39,8,46N12,05E13
1934,2,24,23,30,52,50N22,03E32
1950,12,25,9,30,20,33N39,07W35
1936,3,4,15,36,56,56N23,02W59
1943,9,16,5,15,56,47N27,03E31
1920,6,30,11,32,0,44N06,10E45
1923,4,26,7,49,12,42N42,02E42
1943,9,27,18,41,24,43N48,04E39
1917,1,5,2,16,0,45N26,11E00
1942,8,21,20,30,40,45N46,04E50
1944,7,25,17,32,16,44N50,00W34
1946,7,17,19,52,52,55N57,03W13
1942,3,27,23,23,8,50N11,01E43
1909,7,7,17,6,4,52N23,09E44
1941,6,10,15,51,24,44N03,02E09
1919,6,16,15,46,48,55N50,04W12
1943,10,12,-1,56,24,48N53,02E09
1947,4,25,12,50,24,52N21,04E54
1942,5,8,8,18,48,45N28,10E18
1916,2,16,8,36,28,49N32,05E53
1942,5,8,22,32,16,43N45,00W34
1946,2,22,21,47,4,51N13,03E14
1954,7,21,9,18,20,45N33,06E40
1933,5,8,22,54,12,43N37,01E27
1936,12,25,13,42,16,51N45,04E26
1939,11,17,15,51,0,48N53,02E15
1919,9,23,8,18,8,44N22,10E28
1939,10,5,9,48,32,50N00,02E52
1941,3,6,19,52,28,45N26,04E23
1947,4,19,10,51,8,43N03,02E13
1941,4,21,8,12,4,51N55,04E29
1946,4,20,21,39,32,52N06,05E07
1947,10,2,1,42,4,51N02,04E29
1931,1,23,18,46,16,50N53,03E26
1939,1,9,19,38,40,46N10,05E20
1926,3,10,13,36,8,49N13,05E58
1910,11,10,8,36,0,5N20,54W00
1947,10,27,2,15,32,50N50,03E37
1943,4,20,13,40,40,45N46,04E50
1947,11,21,17,16,40,45N53,10E50
1939,10,27,8,55,0,45N46,05E00
1915,9,7,21,24,56,56N01,03W44
1942,10,17,5,8,32,43N18,05E22
1946,2,22,18,12,4,51N55,04E29
1950,1,12,8,48,0,36N50,03E00
1948,11,20,17,4,52,43N46,01W13
1924,9,15,8,47,40,50N22,03E05
1950,12,6,3,48,8,50N30,02E58
1947,8,18,5,27,4,45N12,00E44
1943,7,17,16,5,52,43N30,01W28
1937,5,24,4,11,0,48N31,02W45
1948,3,3,0,47,8,50N34,03E13
1940,7,24,16,41,0,45N40,12E15
1942,12,25,6,53,0,36N50,03E00
1947,12,23,4,33,32,45N51,06E37
1947,2,18,10,47,44,53N05,10E34
1939,12,20,5,38,48,47N17,02W12
1946,9,15,23,22,12,43N18,01E57
1942,7,18,3,51,40,45N32,09E35
1944,6,16,19,1,32,43N17,00W23
1945,3,1,6,29,16,55N39,04W49
1933,11,24,3,36,0,49N22,06E00
1947,12,28,12,16,0,48N42,04W00
1933,8,18,1,32,0,31N49,08W00
1941,6,19,1,32,52,55N57,03W13
1925,3,29,1,26,12,45N45,08E27
1947,7,24,6,57,36,43N40,00E36
1919,11,5,2,35,48,49N15,06E03
1934,6,26,1,56,4,49N53,04E44
1919,4,13,6,36,56,43N56,05E46
1951,6,30,1,6,0,48N52,01W30
1871,3,3,16,30,44,45N43,07E19
1941,5,26,0,54,12,43N37,01E27
1922,5,1,13,17,0,55N53,04W15
1834,3,29,15,35,16,44N52,06E11
1932,12,8,2,5,28,49N37,06E08
1934,4,6,3,9,32,52N06,05E07
1935,3,10,18,2,0,50N56,07E00
1945,5,5,23,3,40,46N02,04E05
1942,9,29,17,31,20,45N42,09E40
1944,6,9,17,33,28,45N56,06E38
1939,9,26,3,37,0,50N58,05E45
1942,5,17,6,54,40,47N36,01E20
1941,8,6,9,48,0,43N11,03E00
1937,1,21,2,43,24,47N45,03W21
1937,7,10,0,33,24,44N53,06E39
1948,1,17,16,37,0,55N53,04W15
1942,9,11,5,27,52,55N57,03W13
1941,12,17,-1,59,0,48N35,07E45
1881,3,24,8,59,52,40N50,15E02
1954,10,30,14,37,40,45N02,06E50
1921,8,27,6,45,44,48N52,03E34
1943,6,28,9,5,4,45N15,11E14
1874,8,3,4,26,56,45N43,08E16
1872,10,28,9,56,56,45N43,08E16
1941,3,3,13,29,8,46N12,05E13
1932,2,18,0,33,20,36N22,06E40
1948,1,11,23,29,0,55N57,04W45
1950,10,24,0,57,0,55N53,04W15
1937,3,22,9,31,44,49N20,07E04
1941,1,6,5,2,32,45N55,06E52
1941,10,28,10,9,0,48N35,07E45
1908,6,11,2,35,0,53N33,10E00
1940,9,23,20,26,24,49N00,08E24
1945,8,17,8,47,36,49N15,03E06
1939,3,30,5,25,40,48N52,02E20
1938,1,28,1,47,48,43N22,03E03
1919,1,15,3,10,40,45N46,04E50
1940,2,17,10,22,16,53N47,09E26
1951,4,11,20,35,40,55N39,03W55
1924,9,14,13,41,40,46N52,04E35
1948,12,20,10,30,12,48N33,07E27
1944,7,22,10,12,0,56N28,03W00
1929,5,1,1,27,4,45N02,00E44
1947,9,22,11,13,56,56N04,03W29
1941,12,18,6,42,44,50N46,04E19
1945,1,1,19,57,36,50N50,04E21
1941,7,6,12,5,48,43N24,01W27
1942,3,19,12,20,24,52N21,04E54
1941,11,27,-1,59,8,45N43,03E58
1940,5,19,9,10,24,52N21,04E54
1913,12,29,1,2,32,35N45,00W38
1942,2,9,1,2,16,44N50,00W34
1934,10,28,22,18,48,40N39,04W42
1940,1,6,17,50,52,47N14,06E02
1942,1,14,0,7,32,52N04,04E22
1910,5,22,11,0,36,47N45,07E21
1951,2,7,23,12,0,55N53,04W15
1945,9,30,9,59,32,52N23,07E37
1930,9,2,22,36,4,50N57,05E59
1935,1,27,23,18,40,50N26,02E50
1947,5,24,0,48,48,50N25,02E48
1949,2,3,10,47,0,52N23,07E00
1921,7,17,11,5,32,45N54,06E07
1937,9,13,15,50,12,48N44,02E27
1948,11,5,14,52,40,42N48,00E35
1948,11,5,14,42,40,42N48,00E35
1905,4,14,22,26,36,53N35,08E21
1925,9,28,15,18,44,44N48,10E19
1947,9,8,23,1,28,43N18,00W22
1940,11,29,10,56,4,43N53,00E59
1937,1,2,7,2,0,50N56,07E00
1938,5,18,5,22,24,47N54,01E54
1940,2,24,22,58,16,57N10,02W04
1945,6,2,4,48,8,50N25,02E58
1922,2,13,14,46,36,50N33,03E21
1938,7,13,6,12,36,47N50,03W09
1941,6,26,17,23,4,45N53,01E44
1929,3,7,17,38,56,48N32,02W14
1946,7,17,4,47,32,50N51,03E07
1941,6,18,3,6,32,49N28,01W38
1941,4,30,2,36,52,44N53,05E47
1936,1,5,16,8,0,48N39,02W00
1937,8,9,15,10,48,45N59,12E18
1939,12,18,11,38,12,45N28,09E12
1946,12,14,11,22,0,56N28,03W00
1946,1,21,3,2,16,43N40,06E56
1926,10,31,28,4,0,14N47,61W00
1921,1,2,9,30,56,43N42,07E16
1946,1,9,19,4,12,43N43,01W03
1913,4,2,22,2,0,55N53,04W15
1951,7,12,6,35,40,46N17,06E05
1934,11,14,6,12,52,55N57,03W13
1913,10,26,12,17,0,55N53,04W15
1946,9,23,13,17,0,55N53,04W15
1936,7,18,2,47,0,55N53,04W15
1940,4,15,17,37,0,55N53,04W15
1949,10,28,9,9,56,56N43,02W29
1942,10,13,22,0,12,55N41,03W48
1944,6,6,16,54,52,48N13,01E17
1949,1,13,5,11,16,48N57,12E11
1941,6,4,15,37,40,43N17,05E35
1950,4,2,4,10,0,45N50,01E15
1934,2,4,20,12,28,39N25,03W07
1945,4,22,4,56,24,43N29,00E54
1948,9,20,16,14,44,42N21,03W41
1934,4,15,20,6,12,49N15,05E57
1944,12,27,11,54,8,43N37,01E28
1932,1,14,-1,53,12,45N28,09E12
1940,12,3,10,1,20,45N34,05E55
1946,7,24,16,2,16,44N50,00W34
1943,12,18,7,48,56,43N12,02E46
1938,10,3,0,47,28,43N40,10E38
1945,6,16,18,35,4,46N11,06E14
1931,1,4,11,6,52,38N05,13E17
1948,8,1,23,28,16,43N34,04E11
1947,10,28,3,38,12,43N31,05E27
1937,1,7,16,47,20,50N44,03E10
1937,11,23,12,13,52,49N27,07E47
1924,12,24,0,53,16,46N49,01E41
1940,2,5,19,5,28,47N05,02E23
1949,3,2,19,58,48,42N48,00E18
1947,5,28,9,48,20,44N22,02E55
1948,9,21,10,39,0,48N35,07E45
1945,1,19,7,3,52,56N24,03W28
1948,9,8,23,17,28,50N57,03E08
1928,1,23,10,11,4,46N44,12E14
1938,11,4,0,12,28,45N24,11E53
1944,7,24,22,24,8,46N12,05E13
1949,9,9,5,51,0,48N53,02E15
1951,6,19,0,14,32,46N08,11E22
1943,3,13,5,36,56,45N32,09E31
1925,10,13,5,32,32,35N45,00W38
1940,3,27,5,41,40,45N08,12E05
1947,3,15,5,7,36,46N03,05E36
1935,9,26,2,3,36,53N10,06E36
1949,9,5,5,36,52,43N50,05E47
1942,8,22,10,29,32,51N58,07E37
1946,7,18,9,42,0,43N45,04E30
1945,6,9,21,39,16,40N26,02W19
1944,2,22,18,0,24,52N21,04E54
1922,12,23,2,52,56,50N28,01E46
1943,6,27,11,41,4,52N38,04E44
1942,11,23,13,23,12,45N28,09E12
1944,6,3,21,12,0,43N33,07E00
1949,3,3,15,20,20,48N42,02E25
1935,8,16,7,16,32,44N09,12E07
1914,9,26,3,5,40,56N02,03W55
1947,8,8,20,43,20,51N02,04E10
1941,10,30,17,5,40,49N26,01E05
1949,1,17,8,40,40,45N46,04E50
1936,12,27,11,15,12,43N28,03W48
1937,1,27,-1,57,40,45N24,04E20
1951,2,14,8,47,0,56N28,03W00
1934,1,5,14,40,28,52N21,04E53
1940,5,27,7,36,36,49N10,05E51
1942,12,26,6,36,4,48N55,02E14
1943,12,13,9,13,12,45N28,09E12
1933,11,1,13,40,4,51N19,04E59
1939,4,21,13,5,12,48N42,06E12
1947,10,8,10,41,44,50N50,04E34
1945,1,15,13,7,0,55N53,04W15
1941,3,12,6,32,52,47N26,06E47
1937,3,16,0,51,20,49N05,02E10
1948,12,20,0,48,56,48N44,02E46
1921,5,7,7,38,32,43N18,05E22
1941,12,23,4,42,36,50N50,04E21
1946,10,5,18,38,24,49N10,05E24
1942,12,5,9,52,4,46N57,01E59
1932,6,27,8,40,40,45N46,04E50
1945,10,5,6,35,28,48N47,02E23
1942,11,6,13,40,28,48N47,02E23
1943,8,18,12,10,32,44N55,08E37
1943,11,24,19,43,16,50N10,04E11
1883,9,23,9,8,16,57N10,02W04
1941,5,10,6,37,8,46N30,01W47
1935,11,5,5,30,56,43N42,07E16
1940,9,20,4,36,12,48N51,02E12
1935,5,29,4,6,36,49N10,05E51
1941,10,15,13,43,40,44N08,04E05
1943,8,18,0,18,44,45N01,07E49
1928,1,30,7,8,36,42N24,12E51
1946,11,26,13,11,48,51N11,04E33
1948,1,14,13,45,44,43N45,07E19
1936,3,22,7,40,48,46N10,04E48
1925,1,8,11,3,44,36N05,00W56
1924,6,13,19,17,40,50N22,03E05
1938,3,7,17,5,0,43N38,01W15
1946,12,22,20,17,32,45N55,06E52
1941,6,20,3,57,36,44N24,00E36
1943,7,5,13,4,20,14N36,61W05
1949,6,7,22,47,52,43N39,03E02
1942,5,27,15,40,40,45N46,04E50
1912,10,29,3,24,56,49N10,08E46
1938,9,27,2,10,8,48N16,07E28
1942,12,27,5,31,40,51N30,07E05
1940,8,17,0,35,28,49N37,06E08
1939,3,31,6,4,0,50N48,06E30
1944,7,20,13,6,8,16N14,61W32
1950,12,16,6,45,24,52N21,04E54
1941,5,15,13,35,40,49N28,06E05
1942,4,4,16,20,56,44N31,02E16
1936,11,5,10,20,0,53N33,10E00
1943,10,24,19,12,52,46N33,11E47
1934,6,20,22,43,40,44N15,04E05
1939,9,24,14,30,56,43N42,07E16
1941,3,20,10,7,24,49N43,01W51
1942,9,13,13,54,12,43N37,01E27
1949,10,1,21,54,12,43N37,01E27
1911,9,24,23,10,24,55N57,03W51
1938,11,5,11,1,36,39N29,00W24
1948,6,5,17,52,56,43N18,01E46
1943,12,21,16,52,56,43N18,01E46
1949,11,1,23,10,40,45N46,04E50
1943,7,11,1,42,52,50N52,08E02
1933,1,10,7,42,28,46N40,04E23
1938,5,24,11,3,32,47N04,00W53
1942,12,28,15,38,52,51N02,05E17
1931,7,24,10,6,20,47N14,01W35
1951,12,5,10,39,48,48N38,02W27
1946,9,6,8,17,0,55N53,04W15
1944,5,23,14,47,40,45N47,03E05
1948,8,10,17,43,36,50N53,04E06
1907,7,7,6,40,40,45N46,04E50
1945,9,25,12,58,52,44N13,04E02
1935,11,17,18,48,40,50N23,02E50
1948,1,10,11,43,4,46N26,04E14
1944,5,15,2,50,8,48N47,02E28
1944,10,27,18,58,28,43N58,00E23
1921,11,29,3,48,4,42N39,02E59
1943,5,14,22,9,0,43N15,02W15
1940,10,27,8,11,32,50N43,04E37
1946,10,20,4,14,8,50N55,03E58
1949,7,28,2,42,28,51N10,04E23
1947,10,9,14,3,20,50N55,02E55
1951,2,21,16,47,44,44N20,03E04
1940,5,1,8,36,12,43N29,01W33
1938,10,6,11,50,36,43N13,02E21
1905,11,16,5,43,28,44N03,04E08
1949,10,22,6,21,36,51N00,02E06
1946,10,20,9,19,48,45N39,10E03
1942,6,21,9,45,56,45N32,11E01
1946,11,1,9,25,40,49N55,01E05
1943,7,5,7,54,28,45N24,01E23
1947,8,24,13,30,44,51N11,03E34
1928,10,12,17,40,40,45N46,04E50
1933,1,18,19,9,8,36N50,10E13
1942,1,29,13,20,40,50N23,02E20
1946,12,26,14,11,44,51N32,04E34
1920,10,31,20,43,52,49N27,07E47
1945,10,11,18,57,20,50N42,03E10
1947,4,8,5,0,48,56N07,03W57
1939,9,2,5,8,12,48N38,02W03
1926,7,24,4,1,20,51N15,07E10
1946,3,31,13,29,32,49N23,11E22
1938,12,27,3,32,0,50N56,07E00
1947,1,18,10,32,0,55N53,04W15
1946,9,25,13,52,56,45N16,01E46
1901,2,14,5,51,20,41N25,02E10
1941,9,24,3,29,20,45N04,07E40
1940,11,15,21,21,40,47N30,11E05
1946,12,3,16,57,56,52N05,04E16
1938,12,5,13,25,0,41N53,12E30
1943,3,13,7,10,0,41N53,12E30
1940,11,13,2,10,0,41N53,12E30
1943,9,4,2,25,0,41N53,12E30
1924,7,29,7,17,0,41N53,12E30
1930,1,12,17,0,20,33N39,07W35
1931,7,5,1,30,20,33N39,07W35
1942,3,22,10,30,20,33N39,07W35
1936,9,22,22,0,20,33N39,07W35
1945,7,21,10,22,28,33N53,05W37
1947,12,26,6,30,56,43N42,07E16
1949,12,2,5,48,12,48N23,02E57
1949,3,11,13,53,32,43N18,05E22
1941,1,20,12,8,32,43N18,05E22
1950,1,15,6,5,32,16N13,61W23
1948,7,21,13,47,8,43N28,03E13
1893,6,9,8,3,48,43N33,10E18
1942,2,28,3,35,32,45N57,13E37
# End of data from Volume D6
1934,2,5,26,25,0,30N41,88W3
1945,7,13,13,16,0,40N22,80W37
1928,3,10,24,45,0,38N37,90W12
1950,11,24,13,40,0,34N0,81W3
1940,8,3,29,4,0,29N46,95W22
1933,6,1,26,0,0,42N35,87W49
1932,10,17,10,30,0,34N35,83W19
1938,4,27,12,38,0,47N14,122W20
1939,10,1,31,5,0,37N47,122W25
1946,8,29,20,8,0,39N7,94W38
1943,7,10,16,55,0,37N33,77W27
1929,5,10,20,30,0,33N54,118W13
1962,12,12,14,18,0,33N50,118W23
1957,1,31,22,5,0,33N58,118W3
1915,6,11,24,30,0,39N44,104W59
1931,10,4,10,15,0,37N0,101W54
1940,11,2,10,51,0,43N4,89W24
1951,9,30,18,58,0,30N20,81W39
1931,1,30,10,0,0,32N47,96W49
1906,7,16,22,0,0,40N45,111W53
1944,3,28,18,32,0,40N40,74W13
1910,5,1,27,31,0,41N5,81W31
1938,8,3,13,0,0,32N39,87W53
1927,12,1,8,20,0,37N47,86W28
1946,8,5,30,6,0,37N47,122W25
1939,7,24,15,55,0,35N7,77W3
1922,3,28,5,0,0,41N30,81W42
1925,5,12,8,0,0,38N37,90W12
1933,2,27,29,40,0,27N47,97W24
1950,2,26,6,59,0,44N57,93W6
1919,8,6,7,50,0,39N45,84W12
1928,3,20,16,45,0,39N44,104W59
1924,12,11,24,30,0,34N13,80W15
1919,1,5,24,0,0,40N52,74W6
1927,12,31,23,0,0,38N37,90W12
1948,3,31,16,38,0,34N4,118W15
1921,1,1,26,10,0,34N4,118W15
1936,8,8,16,49,0,37N20,121W53
1933,10,25,29,15,0,41N52,87W39
1935,5,15,19,20,0,39N44,75W28
1935,8,14,11,20,0,37N47,122W25
1941,12,8,9,15,0,41N30,81W42
1937,5,1,10,0,0,37N8,76W50
1940,9,16,15,25,0,38N37,90W12
1939,7,20,11,35,0,39N38,74W12
1915,6,13,10,0,0,37N49,122W16
1940,3,4,17,20,0,39N9,123W13
1942,12,9,26,20,0,41N52,87W39
1929,7,18,19,34,0,40N54,73W59
1933,9,12,19,22,0,40N37,74W25
1913,4,19,18,0,0,33N54,118W13
1923,12,15,6,0,0,33N34,81W43
1931,6,24,18,24,0,32N43,117W9
1934,3,2,11,20,0,39N58,83W0
1960,5,1,26,43,0,39N5,84W31
1945,2,4,16,24,0,37N27,122W10
1918,11,9,27,25,0,32N43,117W9
1921,7,7,26,0,0,33N57,83W59
1916,9,1,22,30,0,34N4,118W15
1942,1,17,24,35,0,38N15,85W46
1949,10,20,26,8,0,34N4,118W15
1946,10,30,22,10,0,37N15,83W12
1945,1,7,24,52,0,42N25,71W1
1934,9,17,20,7,0,32N43,117W9
1920,12,28,16,30,0,33N31,86W48
1933,8,17,5,35,0,40N44,74W10
1948,10,25,9,28,0,39N5,84W30
1906,10,12,20,0,0,37N47,122W25
1946,12,25,10,53,0,41N10,81W26
1950,8,15,11,24,0,34N25,119W42
1926,3,6,31,59,0,37N47,122W25
1950,10,20,16,19,0,33N46,117W52
1938,4,24,9,40,0,36N59,82W35
1947,11,15,18,25,0,37N33,77W27
1943,6,8,28,0,0,31N48,85W58
1930,10,29,25,0,0,34N9,118W9
1924,12,26,14,40,0,34N6,117W43
1921,1,5,10,21,0,36N40,121W39
1930,9,11,12,15,0,35N13,101W50
1932,7,12,14,0,0,33N12,87W34
1935,6,20,27,30,0,40N55,81W6
1940,10,16,17,58,0,42N20,83W3
1938,9,16,14,25,0,40N44,74W4
1956,4,21,14,57,0,37N47,122W25
1947,1,12,7,22,0,43N2,87W55
1923,7,8,12,32,0,41N30,81W42
1936,7,23,17,10,0,34N11,118W26
1911,7,9,27,0,0,37N35,122W21
1934,7,14,14,0,0,32N47,96W49
1942,2,25,7,18,0,36N6,80W15
1940,2,24,27,58,0,38N15,85W46
1937,3,26,15,55,0,39N55,83W49
1947,2,25,20,40,0,36N57,120W3
1932,4,10,20,30,0,39N27,74W44
1929,3,6,26,45,0,42N20,83W3
1954,8,14,16,13,0,42N16,71W48
1946,8,25,7,20,0,40N22,80W37
1948,7,27,22,39,0,37N20,121W53
1938,1,18,26,30,0,29N46,95W22
1927,4,27,17,45,0,33N31,86W48
1949,1,10,27,15,0,32N33,94W23
1931,3,28,6,0,0,40N19,80W37
1947,3,6,20,7,0,45N32,122W37
1935,1,16,7,25,0,29N46,95W22
1960,8,2,16,34,0,34N14,118W33
1944,1,17,11,0,0,34N42,80W47
1920,9,6,27,25,0,34N9,118W9
1927,6,30,17,35,0,41N5,81W31
1927,12,6,29,20,0,41N52,87W39
1940,7,6,23,0,0,21N19,157W52
1939,2,21,9,40,0,40N37,111W57
1931,7,21,22,35,0,40N37,111W57
1948,10,25,12,10,0,41N26,85W1
1940,8,5,27,5,0,34N14,77W55
1926,2,26,29,15,0,44N59,93W16
1937,9,1,12,16,0,40N11,122W15
1927,8,25,14,0,0,33N43,80W17
1930,8,16,10,10,0,34N1,118W29
1945,8,7,16,0,0,34N12,82W10
1944,2,3,20,52,0,43N4,89W24
1933,8,22,11,52,0,41N49,71W24
1928,5,9,12,45,0,34N4,118W15
1943,11,4,23,20,0,41N30,81W42
1921,12,6,7,50,0,42N22,87W50
1946,9,25,11,0,0,31N6,97W21
1936,9,30,13,45,0,45N32,122W37
1932,7,14,6,0,0,31N46,84W48
1954,8,21,22,0,0,39N58,83W0
1926,10,7,26,45,0,40N6,80W44
1924,1,25,7,15,0,40N6,80W44
1935,4,25,8,40,0,33N45,118W19
1940,2,15,8,4,0,38N58,95W14
1941,8,13,18,42,0,35N9,79W0
1956,7,26,26,18,0,41N52,87W39
1951,11,2,14,57,0,38N35,121W29
1940,12,29,9,50,0,29N6,97W17
1936,1,6,31,32,0,34N4,118W15
1941,9,4,25,30,0,34N45,82W2
1918,7,3,8,30,0,37N38,76W35
1950,3,7,8,50,0,40N0,74W35
1925,6,20,13,0,0,38N37,90W12
1940,4,8,13,40,0,40N6,80W44
1942,12,20,19,29,0,30N20,81W39
1945,11,11,28,0,0,32N28,91W45
1934,8,26,17,31,0,40N45,74W2
1927,10,25,16,0,0,34N4,118W15
1945,12,8,14,32,0,37N52,122W16
1954,5,29,15,43,0,34N1,118W25
1949,11,17,7,26,0,29N58,90W4
1923,6,17,28,45,0,43N3,88W0
1955,11,28,13,26,0,35N13,80W51
1935,12,23,14,55,0,38N15,85W46
1937,11,3,14,0,0,40N48,81W32
1936,8,8,16,0,0,39N58,83W0
1944,7,11,12,10,0,36N4,79W48
1936,6,29,22,0,0,41N5,81W31
1937,5,9,13,0,0,,
1913,8,21,10,20,0,34N4,118W15
1940,5,19,8,20,0,40N29,86W8
1950,4,15,18,0,0,32N43,117W9
1938,12,9,25,0,0,28N37,81W23
1935,1,26,22,10,0,36N41,77W32
1917,3,19,10,50,0,33N58,118W3
1934,8,23,10,45,0,34N14,77W55
1924,5,18,13,0,0,35N36,82W33
1943,4,13,15,55,0,44N29,73W12
1918,6,27,19,30,0,41N52,87W39
1939,9,5,29,15,0,39N3,95W40
1943,11,22,19,45,0,33N47,118W11
1936,2,13,31,40,0,36N13,119W21
1906,6,20,19,0,0,34N4,118W15
1921,3,16,26,57,0,37N47,122W25
1938,10,17,21,40,0,46N0,112W32
1939,7,15,14,57,0,43N2,87W55
1930,7,27,10,0,0,38N35,121W29
1936,1,23,24,30,0,47N19,106W55
1921,8,1,9,45,0,36N10,115W9
1938,5,31,11,51,0,38N15,85W46
1952,7,8,14,0,0,41N9,81W15
1945,8,21,4,40,0,36N50,78W44
1925,4,17,10,0,0,37N44,122W9
1926,12,19,15,20,0,32N47,96W49
1930,1,7,22,20,0,37N58,122W32
1937,9,9,13,15,0,39N52,83W27
1920,8,1,15,5,0,36N44,119W47
1934,2,25,28,14,0,37N49,122W16
1933,4,25,23,0,0,34N0,81W14
1939,7,26,16,0,0,33N22,98W45
1946,3,9,31,45,0,47N40,117W24
1949,9,11,21,16,0,40N49,74W13
1930,7,21,16,23,0,32N43,117W9
1949,6,10,8,51,0,33N46,117W52
1940,9,12,27,4,0,45N32,122W37
1957,1,6,24,0,0,33N50,118W19
1953,9,10,29,1,0,37N47,122W25
1940,3,30,8,0,0,39N31,84W24
1916,6,16,16,30,0,37N47,122W25
1943,11,1,13,45,0,41N30,81W42
1935,8,31,8,43,0,39N6,84W31
1943,11,21,25,34,0,44N56,123W2
1949,8,16,17,5,0,33N47,118W11
1934,6,13,23,50,0,40N45,111W53
1934,9,10,19,0,0,47N25,92W55
1931,10,13,22,0,0,33N26,94W6
1930,11,17,15,47,0,36N13,119W21
1945,3,5,25,50,0,32N23,94W53
1930,5,1,19,0,0,30N57,95W22
1931,5,6,28,30,0,33N22,86W58
1951,9,25,24,38,0,36N4,79W48
1938,1,10,18,15,0,30N41,88W3
1946,1,10,10,0,0,33N37,95W3
1940,9,20,10,35,0,43N37,83W50
1928,12,31,14,45,0,34N4,118W15
1941,1,5,7,20,0,38N37,90W12
1921,1,6,17,0,0,35N53,89W24
1924,6,18,19,0,0,41N32,88W5
1948,8,10,25,44,0,32N43,117W9
1911,4,3,9,0,0,39N6,84W31
1947,4,29,30,46,0,37N47,122W25
1949,5,30,6,59,0,39N34,75W28
1943,9,19,26,20,0,33N35,96W11
1942,10,15,24,30,0,42N32,71W46
1935,10,15,18,5,0,26N12,97W42
1939,8,8,18,51,0,45N32,122W37
1947,6,7,18,50,0,41N5,81W31
1949,6,4,9,10,0,40N44,74W10
1956,1,20,15,26,0,42N3,87W41
1953,8,6,20,0,0,34N4,118W15
1940,1,21,8,10,0,39N58,83W0
1936,12,29,24,30,0,41N56,87W49
1915,3,16,14,0,0,34N4,118W15
1932,1,28,26,4,0,34N1,118W29
1942,7,5,16,44,0,41N52,87W39
1940,9,15,8,30,0,41N44,111W50
1938,1,5,26,26,0,44N58,89W38
1943,5,2,21,18,0,41N30,81W42
1945,8,7,24,23,0,40N48,81W23
1935,1,4,19,30,0,35N22,81W26
1924,11,16,21,7,0,34N4,118W15
1934,12,22,7,0,0,34N56,81W57
1940,7,25,22,46,0,35N8,90W3
1916,6,6,24,0,0,36N13,83W18
1943,8,16,8,21,0,33N31,86W48
1944,10,17,26,48,0,42N16,89W6
1936,10,30,17,10,0,35N51,77W4
1932,12,12,11,4,0,30N27,91W11
1937,7,2,13,45,0,35N49,79W48
1936,2,5,9,45,0,32N56,85W58
1947,12,5,10,30,0,37N20,121W53
1922,7,9,30,50,0,37N49,122W16
1926,3,24,7,35,0,42N15,84W24
1951,1,25,16,5,0,43N22,124W13
1942,7,27,15,37,0,35N23,119W1
1942,6,25,25,40,0,32N49,92W39
1953,3,8,7,6,0,34N31,82W39
1926,2,20,26,0,0,40N7,88W15
1935,8,19,10,0,0,33N55,80W21
1952,12,12,26,45,0,33N47,118W11
1918,2,25,9,0,0,34N4,118W15
1918,6,8,15,40,0,34N4,118W15
1951,12,31,25,7,0,37N39,121W0
1926,9,30,17,45,0,39N48,89W39
1948,4,7,27,55,0,32N43,117W9
1941,5,3,26,49,0,40N0,74W47
1938,4,3,15,45,0,32N43,117W9
1926,10,21,17,20,0,37N47,122W25
1941,4,14,17,0,0,39N6,84W31
1947,4,29,23,0,0,37N42,97W20
1945,1,9,8,18,0,38N35,121W29
1941,9,1,8,30,0,40N48,81W23
1932,3,25,19,0,0,37N12,99W47
1927,3,4,21,15,0,40N40,74W7
1943,5,20,6,5,0,37N42,97W20
1953,12,29,18,8,0,33N47,118W11
1949,9,27,15,33,0,39N45,84W12
1946,4,30,17,34,0,35N13,80W51
1921,7,20,26,40,0,40N44,74W10
1937,9,28,10,30,0,39N58,84W20
1945,7,20,8,8,0,34N12,82W10
1946,10,17,24,4,0,34N4,117W45
1944,11,17,13,27,0,36N44,119W47
1915,1,21,10,20,0,34N4,118W15
1957,11,8,29,20,0,33N47,118W11
1932,9,28,23,45,0,37N41,95W27
1937,8,27,15,30,0,41N43,112W10
1936,7,25,18,35,0,40N55,74W11
1947,7,9,16,8,0,37N47,122W25
1936,10,5,11,30,0,36N42,88W32
1950,8,5,18,3,0,34N4,118W15
1920,5,20,29,20,0,33N12,96W37
1946,12,14,30,13,0,34N9,118W9
1951,11,24,12,42,0,33N47,118W11
1944,6,5,11,0,0,33N37,95W3
1929,4,2,28,0,0,39N6,84W31
1950,2,10,25,45,0,37N39,121W0
1934,1,9,21,0,0,32N23,86W19
1942,2,5,9,25,0,39N6,84W31
1939,2,13,15,58,0,34N4,118W15
1917,6,16,18,30,0,40N47,124W9
1925,10,12,19,30,0,41N30,81W42
1918,2,3,8,35,0,38N52,91W57
1941,11,2,11,7,0,34N7,117W19
1953,12,6,20,1,0,34N4,118W15
1948,11,9,9,16,0,34N8,117W52
1941,4,18,14,20,0,42N14,70W48
1948,4,18,26,0,0,39N23,97W8
1918,9,4,26,0,0,39N6,84W31
1940,2,3,5,42,0,37N33,77W27
1939,8,27,12,10,0,39N3,95W40
1951,6,9,16,1,0,40N31,74W16
1948,9,14,16,30,0,32N21,95W18
1941,3,3,26,55,0,42N22,71W4
1954,7,13,7,15,0,35N17,81W32
1933,12,29,21,0,0,44N48,91W27
1934,7,23,13,0,0,39N43,82W36
1922,7,22,25,0,0,37N47,122W25
1930,8,16,8,50,0,39N6,84W31
1939,2,25,25,23,0,40N3,82W24
1945,8,29,14,45,0,33N1,84W16
1946,3,14,10,26,0,38N15,85W46
1946,10,8,6,40,0,41N52,87W39
1945,9,7,7,25,0,40N13,74W2
1911,9,29,20,0,0,34N4,118W15
1941,9,23,18,46,0,39N58,83W0
1945,3,15,6,24,0,41N39,83W33
1944,3,29,18,30,0,36N44,119W47
1952,11,5,29,20,0,32N46,117W3
1921,1,10,9,15,0,39N28,98W6
1942,11,28,15,43,0,41N14,80W49
1915,6,22,28,0,0,33N47,118W11
1945,11,25,8,10,0,34N31,82W39
1936,2,26,29,0,0,40N29,106W50
1917,6,9,13,0,0,40N35,105W5
1946,11,14,8,59,0,38N37,90W12
1939,9,27,9,0,0,31N36,102W54
1942,9,29,21,0,0,44N2,116W58
1922,7,26,7,30,0,35N25,80W51
1943,7,14,21,10,0,37N33,77W27
1953,8,23,10,29,0,36N44,119W47
1918,8,30,19,20,0,32N43,117W9
1905,10,6,10,25,0,37N52,122W16
1932,2,26,8,0,0,40N57,83W10
1915,7,5,14,0,0,40N1,79W35
1950,8,7,18,39,0,40N48,81W23
1939,11,6,16,20,0,41N39,83W33
1935,2,14,12,55,0,32N43,117W9
1920,1,6,28,0,0,31N6,85W42
1939,3,27,12,0,0,34N8,79W57
1951,2,5,11,15,0,36N44,119W47
1947,9,24,14,46,0,37N58,100W53
# End of data from Volume D10
