1843,337.209671628,305.783310585,316.732318929,290.546521597,242.237092277,312.262150226,292.282245032,357.067848131,319.644701336,20.468186047,0.825439795,0.462720815,0.442874978,0.951262962,-0.976122373,-0.417210296,-0.707031826,0.349278522,-0.287669290,0.658407574
1824,106.415409367,258.905683875,88.554481583,100.651201066,193.492565814,111.192272730,63.511800025,283.698213595,278.011256257,3.182843116,-0.120565673,0.503397666,0.792118420,0.129629970,0.657340283,0.099220013,-0.673303917,0.057487848,0.142075223,-0.853604009
1849,34.129876544,54.611828538,23.746416142,59.877022937,341.959048547,132.899901505,2.457594674,22.914748846,334.322629130,27.540151777,0.879337663,-0.006593203,0.246655023,-0.589841707,-0.501911735,0.967872653,-0.523313569,-0.181489572,-0.838618112,-0.080868669
1821,73.511201589,127.948889341,79.600328109,76.869795510,42.591564408,21.930272079,23.330964805,271.870688822,272.187403063,359.741969842,0.415309039,0.860411655,-0.263211392,-0.081785562,-0.218651900,-0.732149869,-0.762402844,-0.301715239,-0.318562297,-0.842253627
1833,120.196935557,203.428734794,147.159114208,74.602953835,152.915498965,33.869132393,174.139823687,321.399651443,297.937290521,12.761547799,-0.356881292,0.748648095,-0.525835989,0.972043330,0.430942886,-0.934292255,0.804051111,-0.339620392,0.042427798,-0.838447390
1807,302.258082973,108.365082537,281.434418946,308.259802998,172.412230384,292.800459037,219.855853730,210.298309054,242.035899186,340.703352134,0.369015971,-0.567856732,0.448440641,-0.115677248,-0.735129219,-0.177173078,-0.986570123,-0.990174130,-0.864037481,0.625659484
1829,136.238507245,240.611122737,123.914453158,158.049543251,139.485403351,245.489435149,129.008198271,303.930933630,288.469189681,8.394554120,-0.595290745,-0.886070078,0.714023558,-0.535577995,0.058937975,0.885203167,-0.122382469,0.224332032,0.459726428,-0.685190668
1825,24.439872784,344.127925742,42.195451400,63.277750303,35.013942574,123.936317487,65.347766997,289.925453107,281.816761730,3.203345860,0.954008668,0.075802143,-0.868723722,-0.844640450,0.274370909,0.969786585,0.651312789,-0.968080602,-0.960655861,-0.293683106
1820,162.460725776,136.277880465,144.484850481,122.890198083,198.385972911,349.073758670,12.191610255,264.846274170,268.111630333,357.976478876,-0.852738474,0.276480301,0.975364918,0.827652007,0.350686379,-0.103370590,-0.492876750,0.965993239,0.942290076,-0.203763717
1830,144.538128827,139.132782056,157.260667060,113.523143877,2.138138855,278.416280826,142.048004122,307.828025824,290.527816527,9.364319281,-0.675603086,0.561780338,-0.212892981,0.691974768,-0.323037776,0.673150797,-0.040400929,0.297495257,0.551913323,-0.608514678
1845,126.370533621,76.326220168,148.352070181,146.590404894,329.801291581,39.211746395,316.332658202,10.160362647,325.040098083,24.953747450,-0.410374370,0.247940881,-0.452271288,-0.501639765,-0.254934457,-0.934396937,-0.175770573,-0.869601277,-0.305330677,-0.870412779
1809,208.851383199,20.534987887,228.284321436,174.920390434,267.676646267,18.654583787,242.103369944,219.309025261,245.250635535,343.972346759,-0.920198950,0.516552449,-0.612769179,0.718091867,0.480391147,0.190409534,0.543741165,0.171881307,0.573023137,0.699591007
1820,25.909856480,65.507573697,20.788481116,68.082763557,118.570378547,342.760453434,6.348997572,268.769118300,270.826195815,357.805319635,0.921602855,0.883317824,-0.011736832,-0.909625270,0.914182393,-0.654491015,-0.333455411,-0.867891025,-0.895084380,-0.392215201
1829,96.517991299,64.656807640,107.238000530,107.068879170,112.956737422,247.195274736,123.753706836,305.521632959,289.552375154,8.550893675,0.071573019,0.502577955,-0.172102216,-0.269583483,0.311106474,0.445493440,0.457155215,-0.462198085,-0.220520096,-0.878945675
1827,68.214960564,119.269278620,56.715395372,34.600045234,80.831752961,184.504782747,95.536946618,297.926598552,285.750688422,6.182539370,0.494735176,-0.403771863,0.427768728,0.765549109,0.303856881,0.855059047,0.457592145,-0.736054119,-0.598452003,-0.772776056
1821,130.147524186,184.993057731,128.583802202,149.693065537,84.250375250,29.761865649,26.683307460,269.660745002,270.703433696,359.657139218,-0.506935878,0.304901544,0.207996592,-0.486716374,-0.412502949,-0.921901575,-0.964661034,0.645479209,0.620889788,-0.657047999
1820,118.089505464,237.664513747,145.039742664,132.756556736,169.198282819,353.179052641,13.552047028,265.611430868,268.731511323,358.645182966,-0.321910815,-0.916443369,-0.527706648,-0.346044775,0.574223880,-0.778472471,-0.960502178,0.533817233,0.477481094,-0.758005963
1922,329.490318184,241.349861723,320.023251344,331.832999688,240.125215936,198.495529190,186.683234219,339.021426765,134.177780377,98.128890118,0.739806605,0.878671442,0.155004578,-0.030940923,-0.984890852,-0.753137039,-0.600027407,0.179376189,0.251667653,0.714906391
1823,75.277239551,45.759093427,96.095647551,114.010181016,58.684785897,78.026862205,47.542664089,280.601643570,276.627958513,1.965393217,0.414552004,-0.746040041,-0.504951298,-0.885396579,-0.065287619,0.073911077,-0.460750042,-0.410820438,-0.360727914,-0.840714732
1820,113.436734565,177.795033213,139.408099152,134.531185874,166.256449615,353.267491653,13.492626765,265.773474892,268.844861934,358.680638527,-0.246383653,-0.200153642,-0.537609060,-0.493318564,0.598205173,-0.821572275,-0.977791814,0.462636663,0.404829336,-0.792710887
1905,273.011684561,263.276302367,255.008834983,260.814075345,328.380523635,57.697211647,328.696788130,274.300194976,99.176939222,81.506730115,-0.133447152,0.346705544,0.709273652,0.265684340,0.597078609,0.586486682,0.819312831,0.030292803,-0.103597647,0.170505764
1907,4.807897728,145.584204556,350.022045834,322.522684776,266.991655154,92.312067470,349.779245101,282.503018657,99.846709854,81.808710022,0.949166006,-0.713394897,0.233872918,0.891144840,-0.916181193,0.990832295,-0.260029479,-0.963642075,0.981149268,0.905454990
1908,38.629874963,22.239147660,29.165950500,84.119813707,74.781214890,124.921216400,4.901105481,286.881555441,102.449754126,83.268428224,0.869275436,0.469683816,0.233144022,-0.977472818,0.616897609,0.980691724,-0.552835965,-0.902093060,0.883856863,0.647563751
1903,232.956607254,199.372579122,229.983823458,186.777073480,280.018011703,343.494787681,303.950608320,263.924068252,95.576349676,80.179227994,-0.711098753,0.427959963,0.164035065,0.915765276,0.413370688,0.907551980,0.938414526,0.511384385,-0.663013785,-0.450453960
1904,202.424859217,292.154122119,191.932266780,228.923381492,159.021691330,25.523351866,314.352563689,266.672461358,98.178311326,81.611444571,-0.972577019,0.735766179,0.562741274,-0.586970605,-0.621937920,-0.029443708,0.919993073,0.891123868,-0.950542767,-0.831667307
1903,258.912115663,177.420990793,270.181717809,212.727197838,299.778628901,345.163982122,305.976028023,265.406938988,94.971047367,79.702382208,-0.347527255,0.522071209,-0.374017497,0.920081466,0.397915342,0.967752441,0.725923967,0.117221436,-0.268954280,-0.030215379
1917,142.145658913,118.351635596,168.350827375,171.640401498,102.211523351,68.238624761,126.599753996,321.719535361,125.287981205,95.046774482,-0.621237296,0.304609665,-0.491155462,-0.693378666,-0.401002927,-0.897328164,-0.262247005,0.022525673,-0.289942767,-0.727975448
1910,196.220506594,273.218103647,178.351926277,184.307743018,192.003219566,203.019899527,34.428289729,291.302977333,111.509403365,87.922100953,-0.984746267,-0.538336659,0.993015282,0.254715617,-0.167967295,0.093345374,-0.309241183,0.991505580,-0.981224126,-0.926748236
1917,84.267667192,41.867382451,61.423013405,97.812924019,60.813393877,56.973677419,119.003002634,323.590758849,123.144409936,93.677454948,0.303196535,0.517008926,0.705730361,-0.336026273,-0.145200181,-0.413229891,0.569085815,-0.830328807,0.613489311,0.128699108
1918,162.756303043,170.729976236,155.264506647,142.554602784,222.842703350,100.775038949,141.311580742,325.045960835,128.154655907,96.464072938,-0.848392765,0.262206523,0.466369396,0.451436956,0.503698085,-0.830192233,-0.359605339,0.314765679,-0.564389816,-0.904507648
1867,63.727694492,319.245102415,56.073427613,31.575368586,134.624928628,335.887208740,229.813055639,96.475329136,14.306543935,45.071563024,0.604811417,-0.624808168,0.274010533,0.737265931,0.821644797,-0.961245168,0.236924598,0.522890501,-0.730247402,-0.283175449
1908,101.193806221,154.874779687,103.293258102,105.231084345,117.078198253,134.879557828,9.880992278,285.076310015,104.465926906,84.713437254,-0.014898674,-0.144661501,0.044347998,-0.094180645,0.296992555,0.545965197,-0.993478007,-0.055380349,0.056152626,-0.291131089
1903,158.547853196,285.710509932,184.892832389,181.143618906,226.376855226,349.626974962,303.712103237,261.630305591,95.559285680,80.638873348,-0.830899329,0.172505343,-0.499641405,-0.523375178,0.534784522,-0.176704956,0.565085493,0.961650884,-0.872705585,-0.943002898
1905,1.034052396,197.018052648,12.861236176,40.775510179,234.327208107,33.115052465,327.833343650,274.108055966,95.379089157,79.752405588,0.958849664,0.268426311,-0.695907176,-0.834925229,-0.810873783,0.535832184,-0.547635119,-0.973095478,0.983504062,0.912220760
1910,348.793601501,331.389830961,327.479624941,315.640028621,57.519210210,192.218748579,21.600302828,294.164174026,106.629386343,84.844907551,0.898018404,-0.675282663,0.373564458,0.726861622,0.910100601,-0.403962013,0.537821224,-0.789146929,0.869651478,0.924180690
1918,43.890434666,330.520004324,31.417270756,358.252223922,164.388899714,74.391989591,128.205475159,327.395209809,124.415621745,93.863348248,0.837436414,-0.586782090,0.206005825,0.973445629,0.665710378,0.517563744,0.991050999,-0.940304360,0.965704345,0.703417210
1905,22.558800225,115.719282307,37.444833550,43.705379164,234.440320900,38.107591963,329.987610615,274.231716307,95.577977135,79.978579989,0.927146666,-0.877144030,-0.640981713,-0.481245353,-0.574409919,0.283172623,-0.793215975,-0.924819507,0.943640532,0.781518158
1902,304.291074826,139.711160821,319.110436561,333.357614338,318.291890247,297.069197674,290.556088461,259.737260542,89.198223766,76.904902075,0.385086048,0.724211498,-0.739237007,-0.590962166,0.152444680,-0.138367344,-0.239649539,-0.684876149,0.569849738,0.680703847
1909,170.052719825,157.719503386,196.226145213,205.824719845,3.795266076,173.889019380,21.967665193,287.188799232,108.916288292,86.860397315,-0.897601641,0.290701369,-0.518821880,-0.789548347,-0.074828500,0.055357372,-0.525088525,0.886461654,-0.862655068,-0.967222242
1920,339.124923956,95.516591870,356.451648077,307.154639883,217.792165974,129.986447765,158.214950055,332.097753280,129.392527079,95.745752950,0.797395842,0.041016460,-0.958385297,0.687976571,-0.865921699,0.484035605,0.018853781,-0.104634915,0.481790477,0.824306783
1903,68.291828987,123.142994123,73.865862146,109.733105787,180.044758798,350.315626473,309.234048802,264.286434075,92.467275555,78.914851929,0.509860953,0.406163756,-0.148947605,-0.931871550,0.660984456,-0.933098058,-0.873398353,-0.265134102,0.406643788,0.158361761
1909,4.370114177,57.056726537,341.401862806,355.596284272,289.845771598,156.549447768,11.960970609,290.671374726,104.306927985,83.858689043,0.945001600,0.943979652,0.421544224,0.219503954,-0.825164799,0.452067682,0.130024368,-0.931744390,0.969337049,0.913681301
1894,160.981686460,209.699747062,161.223520193,138.579406207,33.964644334,92.394749322,202.556952828,222.138713861,75.751762236,71.769189682,-0.851031232,0.929535583,0.189335550,0.500589087,-0.414402929,-0.873520244,0.659689718,0.855131540,-0.972229916,-0.951437137
1907,60.998245047,183.309145365,59.670175958,30.786182193,287.885756828,100.991138716,355.632422765,282.211510811,100.857713075,82.723440449,0.608709027,-0.956702793,0.007739445,0.696567617,-0.628389351,0.643107882,-0.904685871,-0.637010941,0.631354375,0.331465819
1916,120.349662492,48.988443163,114.747783088,93.277952652,180.220271679,33.696961667,111.507964729,318.429954442,122.317174206,93.504883539,-0.292156776,0.665882125,0.377974429,0.620154579,0.611968857,-0.935267428,-0.148548645,-0.290230612,0.030162167,-0.457941344
1907,194.173864998,208.983234968,214.867147759,200.434248046,297.156525127,129.368974439,352.500538851,278.898116093,104.853399647,84.775493892,-0.973472194,-0.518710701,-0.416365311,-0.161010854,0.602419483,-0.865044937,0.365174842,0.988549804,-0.983455897,-0.916926766
1904,356.055235283,354.192311121,346.876393696,326.823681156,14.488979754,3.814602498,316.742099776,269.812639661,93.139372357,78.716850326,0.934993962,-0.296421285,0.104668514,0.645093545,0.340447586,0.144293358,-0.634363727,-0.974351534,0.980324444,0.923856105
1918,119.702975666,293.538610155,143.575556485,88.348071860,195.279728791,92.228242826,135.641414189,326.764165643,126.561347933,95.659632684,-0.301097984,-0.641762296,-0.503718045,0.712955706,0.636894771,-0.420042843,0.275734020,-0.431374893,0.112186689,-0.418148256
1919,108.665970103,274.912900224,134.431329818,153.950677308,92.263455096,115.266725255,146.259911985,331.222454956,128.278346710,96.482624937,-0.123189034,-0.494175417,-0.553907231,-0.990347403,-0.104326477,0.128555175,0.608127069,-0.648646685,0.324095300,-0.231638723
1877,83.624801240,125.466316167,62.781561119,94.033298087,333.801373962,269.426553908,350.125484886,141.570100204,36.731775055,54.728360947,0.270716940,0.136234291,0.578789654,-0.260742079,-0.630092713,-0.122934137,-0.993059806,0.816281638,-0.702987496,-0.445547908
1906,189.379585720,20.717994468,196.324142649,235.066128207,163.261151567,99.938383360,339.613740971,274.660893167,102.602576954,83.755535711,-0.963011823,0.501323860,-0.032796781,-0.940027605,-0.420820767,-0.942789554,0.490618502,0.987426144,-0.980364473,-0.933501007
1909,40.802070094,180.079022711,52.087832357,41.626650991,314.548083999,154.529027051,16.570317111,291.063595983,104.681264864,84.327664155,0.830344706,-0.130610618,-0.594089659,-0.003902937,-0.753417345,0.887350860,-0.408077719,-0.912586848,0.882777262,0.633053085
1914,242.361860615,342.607507151,222.703977449,246.014647441,250.176622038,315.925863644,90.858276740,308.298833830,120.321000491,91.728048736,-0.633011196,0.701830527,0.846766170,-0.095585795,-0.037441308,0.916833145,-0.470047196,0.911966600,-0.837155156,-0.493257748
1907,114.539583586,201.780161113,125.433292724,98.608689149,280.056475782,113.059970509,357.395460710,280.143791412,102.835953269,84.005606594,-0.242298927,-0.847607731,-0.145017134,0.372425100,0.071824561,-0.006971632,-0.885177975,0.254346171,-0.198917223,-0.503242959
1890,230.877946565,239.772099943,228.610971304,259.676110322,304.956938041,305.599961001,165.448868040,208.549866010,65.798174199,67.187779181,-0.749035122,-0.549642912,0.147987899,-0.627861287,0.624590940,0.918255570,-0.901888755,-0.382745991,-0.242718728,-0.269787190
1907,263.854855729,52.445196417,248.397223683,287.035950400,342.302851319,133.193388411,351.108685483,281.723889511,104.012007320,83.781090404,-0.305320423,0.493433427,0.460042670,-0.482960912,0.761533478,-0.725510271,0.990433602,0.311402623,-0.338069296,-0.019235196
1887,337.202281214,11.650453893,352.666410346,357.410069565,350.216799996,215.812733308,105.920131130,191.780347150,55.161845003,62.115543168,0.791592277,-0.168167577,-0.865045403,-0.420312315,0.220653951,-0.854683067,0.777701794,-0.569925657,0.973753182,0.929255191
1888,182.013859940,51.825823711,203.972187515,202.271371327,249.396093940,241.986018089,136.538393363,196.646703977,62.217876781,65.904071613,-0.943658745,0.106715207,-0.421060072,-0.474573553,0.513591510,0.810538100,-0.704512135,0.236455767,-0.842151848,-0.846124100
1894,349.455298887,18.788426142,357.384351532,319.915502423,287.028943582,55.886731521,204.116132538,225.169253231,70.847937898,68.865786218,0.886131519,-0.490305965,-0.494823847,0.657086020,-0.772532498,0.912862307,-0.565030799,-0.816566814,0.981527876,0.916449148
1908,61.882568105,337.673896819,79.053039873,103.855543725,90.567944903,127.724734981,7.323477768,286.495070201,103.050756806,83.754607672,0.639431314,0.266819976,-0.683905574,-0.929275941,0.513464589,0.896106988,-0.809805867,-0.679374915,0.648386353,0.333707696
1908,46.545912701,126.336110082,46.285577634,91.592496155,80.162167399,125.723379868,5.779961194,286.799792464,102.626667060,83.420706127,0.771958252,0.141351036,-0.081349938,-0.977209277,0.582948348,0.964578453,-0.649958868,-0.842001646,0.816774343,0.549464095
1874,340.562861448,139.113207031,358.583556672,341.979056402,15.065427278,178.924243424,309.163629078,127.228015781,26.584861432,49.932431204,0.828940798,0.377646544,-0.986265094,-0.010095130,0.533385832,-0.317379199,-0.521439922,0.524910501,0.722488504,0.874851321
1898,56.640301447,23.146961508,35.995868868,79.436443411,14.357799088,180.493896921,249.925419219,241.756533937,81.277151859,73.791004622,0.691041607,0.513539113,0.435390074,-0.536925888,-0.346252695,0.793057199,-0.230828748,-0.087902932,0.416413977,0.266027326
1891,164.994120948,215.168548824,175.196493960,162.106298241,152.094509820,342.757918687,169.751505547,208.999755415,69.061279805,68.857028341,-0.886566614,-0.412880772,-0.159191821,0.045911169,-0.207663405,0.042179782,0.083763095,0.673158800,-0.968282103,-0.941023370
1905,83.405951643,235.980500655,72.436124353,39.865999998,218.355571285,52.843453068,332.894013787,272.619827009,97.330900260,81.261001625,0.286404204,0.209829934,0.473201087,0.951432637,0.395466350,-0.461349458,-0.933655137,-0.149504385,0.239133561,-0.053670487
1910,169.726351366,277.260774176,191.113966217,150.799953402,174.457385651,197.314156919,36.046657398,291.403943653,111.087579700,87.905540203,-0.919419186,-0.699199711,-0.474737093,0.419742786,-0.001009515,0.429755471,-0.716421835,0.848815695,-0.841518667,-0.965126231
1902,44.912688583,23.226252573,53.583533717,359.068777336,36.673920315,315.791755324,297.799108078,260.628412294,89.538072247,77.406522665,0.813677956,-0.648767539,-0.473224363,0.977002049,0.035360997,-0.973590103,-0.955251171,-0.569413259,0.695875555,0.493775898
1899,17.124108920,335.838789296,25.564137652,336.652851115,116.978715768,217.616992935,263.664436859,247.761558317,82.319713059,73.997222597,0.978598398,0.092342927,-0.437549845,0.867960275,0.911780377,-0.365703416,-0.916038906,-0.758581937,0.899064432,0.778383165
1907,84.775726912,151.656791718,107.556479526,60.695776336,288.014703406,106.144616228,357.024390100,281.385684166,101.685682701,83.299221283,0.256488147,-0.607329538,-0.636749750,0.567679870,-0.369515155,0.372603248,-0.994292957,-0.270703641,0.286999024,-0.044819586
1905,17.161539462,46.505580940,35.613635917,44.661377653,234.964542958,36.823192887,329.485834238,274.239365012,95.503228625,79.906747190,0.952081604,-0.339671824,-0.836175857,-0.611834327,-0.646826505,0.349140203,-0.738989479,-0.950252394,0.966707854,0.825912064
1890,291.997337843,177.567490947,310.665326597,283.029795121,216.216118403,290.454788810,153.165052311,206.552360355,61.996628427,65.177897987,0.205272836,-0.668375810,-0.914220045,0.202216848,-0.972625410,-0.045256533,-0.651683816,-0.988913068,0.764020237,0.677831526
1918,33.290846850,190.701134213,37.873796329,347.079361770,163.861750489,72.100653322,127.812458060,327.103516710,124.329060726,93.696264381,0.888626209,-0.169118008,-0.262392809,0.976848211,0.587354885,0.632033914,0.992391730,-0.883509266,0.978439981,0.801905787
1920,190.462545811,86.763924435,207.951081792,215.154004928,259.597758459,157.983220936,168.234066228,332.328507161,133.246506977,98.912293600,-0.945060142,-0.032444900,-0.316107983,-0.559654777,0.522241160,-0.522382525,-0.373123274,0.622822413,-0.833959233,-0.987141964
1869,74.635225292,17.732111478,96.412907839,81.894840081,156.334450187,38.654937532,253.809511978,105.634206918,18.978263603,47.157057052,0.443963982,-0.419049252,-0.543203757,-0.177134010,0.786371558,-0.539459505,0.011480478,0.495570517,-0.795977809,-0.416560066
1896,287.932196734,211.079723824,299.364113537,244.840693050,259.575824105,126.192652919,227.107698583,233.398626283,75.831951375,71.127699073,0.135789075,0.415964469,-0.510274291,0.872362087,-0.508845690,-0.291058835,-0.869694136,-0.802474134,0.529883507,0.553043442
1920,135.985680460,63.686428103,119.509815868,145.949958216,223.942878497,146.017153662,161.316173439,334.406517346,131.458578704,98.236537837,-0.526513331,-0.571576069,0.744186672,-0.261373847,0.583794921,0.173153972,0.427467547,-0.294969819,-0.084137104,-0.616279221
1906,238.697840196,314.769221975,255.191337296,251.762028262,194.185191627,100.200790648,338.379210940,276.386615165,102.294504379,83.197718083,-0.677923249,0.876538266,-0.666385125,-0.303494646,-0.715881803,-0.618212461,0.977810080,0.609472712,-0.676839219,-0.413036963
1917,36.002316932,99.689853158,56.011483613,36.124303113,23.907934938,45.255052036,114.563100470,323.297642712,122.141044170,92.645648552,0.861654747,0.597266029,-0.783569184,0.014224078,-0.023856759,0.181056096,0.976080539,-0.923445032,0.977562162,0.770174277
1909,353.227694151,254.761744002,326.263860000,341.653781728,282.321348447,157.825850130,10.572009060,290.333546635,104.344173625,83.809848574,0.943052076,-0.827664781,0.499390508,0.279121874,-0.835858535,0.255478545,0.295456425,-0.862841661,0.917565487,0.929287957
1870,81.841465801,255.461686236,70.054772567,39.600786468,61.294102798,68.081086625,265.507817197,110.364427214,21.349661081,48.231696206,0.310121202,0.368759965,0.322533618,0.927975268,-0.113147315,-0.201068771,-0.066325648,0.457072384,-0.839726367,-0.503126663
1874,187.730249817,78.968675256,204.385740309,234.273166600,159.366063463,191.179210743,307.764289019,134.135884203,29.992056287,52.446636393,-0.945669289,0.838199241,-0.290534562,-0.952054944,-0.441756898,0.042056258,0.858735519,-0.805749042,-0.357479650,-0.646517531
1909,137.462423076,76.163982280,144.081953924,165.199283092,5.747429526,166.792917907,23.201956754,287.967113662,107.980575336,86.495407709,-0.552059635,0.601443601,-0.062696600,-0.660054351,-0.409400274,0.469086025,-0.904933630,0.495280688,-0.484585010,-0.761081905
1909,186.591747073,18.986602925,207.568243115,225.917348816,359.023131796,177.540079564,20.801197663,287.118434293,109.202304518,86.893310859,-0.959958092,0.217522745,-0.534898575,-0.836663195,0.169833994,-0.163936418,-0.243918693,0.977405004,-0.960476011,-0.959590941
1920,48.140588937,293.923368200,30.165127094,33.132957850,204.713697312,129.940356027,154.818135870,335.263484602,128.851757010,96.139583108,0.797019627,-0.372061755,0.485129855,0.367678814,0.192301873,0.970187207,0.953196117,-0.923231359,0.964370057,0.680124815
1917,53.425545870,333.437517593,56.503230712,58.312742795,37.405648306,49.524995219,115.806722765,323.635942998,122.366152785,92.957303330,0.742919162,0.083122105,-0.146091505,-0.106340602,-0.057000930,-0.037901156,0.882740215,-0.967614017,0.914055874,0.580651921
1900,164.694731661,324.864708146,159.246426030,119.060227373,108.496941926,243.437997824,268.455183661,248.644089147,89.091278732,77.681805800,-0.876065597,-0.560310170,0.416479213,0.938535410,-0.562860672,0.920944427,0.963996529,0.978114417,-0.947539996,-0.958498187
1895,341.346860599,42.587738304,331.512602048,3.112300881,60.160340570,86.429320985,217.050242679,229.914977619,73.019271593,69.799706990,0.819522085,-0.672791831,0.133366664,-0.455526070,0.956483077,0.960641219,-0.821825440,-0.917887049,0.991413849,0.931589869
1908,161.305005178,256.196190580,174.207164828,115.805046349,157.002885615,148.265225332,8.655606849,283.071194593,106.533780718,85.761885807,-0.861087119,-0.876423330,-0.191782727,0.938074775,-0.093278415,-0.216391662,-0.456692670,0.846255844,-0.803792471,-0.942025245
1887,191.805196789,46.875740511,208.929224026,171.373036456,144.505863761,218.901837380,124.831820276,192.817635502,59.803571911,64.855224470,-0.957629111,-0.282448527,-0.310133651,0.420993274,-0.615631755,0.416520993,-0.910096761,0.005124638,-0.719286242,-0.752291307
1906,202.045081450,180.160748672,216.695988229,245.150423969,171.320659565,100.761035784,338.933626487,274.938502199,102.650883175,83.682947134,-0.943133679,-0.762525905,-0.264671367,-0.891854931,-0.502677004,-0.925678535,0.676960227,0.948205897,-0.969591524,-0.855377749
1893,167.641368419,165.955642774,158.482360549,201.860994168,165.721479885,61.301402656,192.360609659,217.996395593,73.554906594,70.801049627,-0.887630359,0.601918264,0.581668627,-0.763583174,-0.079340066,-0.895985993,0.416342311,0.750043320,-0.972534276,-0.943189853
1902,285.939758842,255.460403195,288.931387844,327.569704386,304.068928036,292.836510470,288.433676027,258.798129065,89.644850019,77.167949031,0.090038470,-0.281790913,-0.197795346,-0.822938937,0.167943096,0.097905459,0.040312979,-0.444302941,0.280505101,0.440058780
1891,265.218798239,108.757057460,284.136702537,287.552535768,215.797768067,341.257685721,179.665897800,214.784821894,67.165276095,67.536826253,-0.259360738,0.759491267,-0.867226422,-0.464873459,-0.786663766,0.938916636,-0.988968338,-0.764725934,0.314677095,0.277822541
1906,302.491476425,285.494719334,284.594337796,297.192904583,350.474528452,56.466668807,331.583280785,275.996630444,98.381021134,81.015592747,0.358411189,0.432384347,0.360085935,0.126440086,0.605383447,0.910830634,0.481191949,-0.430104184,0.404172270,0.609850612
1922,41.902593333,113.628412001,51.640050560,62.541317895,265.114717393,190.658803026,181.621604515,342.743965263,133.194623083,98.267211547,0.813020724,-0.503239643,-0.528366074,-0.475754187,-0.657333143,0.487343988,0.643253866,-0.828289972,0.975903153,0.764275883
1897,163.431336993,277.197055093,187.791497297,125.242655028,187.173983114,169.087253435,235.352793008,235.473601652,82.449265604,74.717516030,-0.878429278,0.307454261,-0.512489668,0.819442232,0.234058340,0.087803316,0.944191390,0.932559799,-0.965136891,-0.955745627
1917,141.825185662,114.369045513,167.934038596,171.237313476,101.993634241,68.193877835,126.557695034,321.732835507,125.276034493,95.040860881,-0.615833952,0.340105618,-0.489653694,-0.691891621,-0.399296411,-0.896004953,-0.257572175,0.016776023,-0.284840534,-0.724368651
1897,325.066899196,96.015520845,298.871410517,11.673227575,75.921002945,156.581378330,240.267622436,238.894569295,77.539470720,71.764657116,0.656558481,-0.777974538,0.579155995,-0.918323407,0.924586372,-0.194815308,-0.992470678,-0.980946249,0.915622741,0.891195874
1905,262.021541938,112.832262093,265.050399666,247.249451577,320.123088476,58.800403811,327.849420260,273.654629273,99.474153139,81.716108291,-0.306430613,-0.517532459,-0.160100648,0.319510795,0.589513354,0.408453770,0.904568241,0.206289812,-0.292986740,-0.013855225
1910,86.668225803,222.152043048,64.194341723,47.301638784,119.809828916,185.042820283,33.498754571,294.301898959,108.206057254,86.394969991,0.231676564,-0.082862848,0.667653042,0.876275055,0.522322326,0.944524846,-0.793365348,-0.442697983,0.359844018,-0.027434811
1888,209.201430132,54.313254130,227.659219667,236.205067129,269.053263872,246.968718329,138.930939748,198.370274383,61.741598479,65.599034276,-0.914177242,0.097498077,-0.581737930,-0.590455481,0.486351330,0.565393326,-0.931440985,-0.195875932,-0.517747252,-0.560694496
1920,184.756071668,6.201433099,199.079043819,208.009588694,255.553764222,156.812118719,167.533328192,332.503394522,133.106321907,98.893446216,-0.959571029,-0.602308337,-0.225940641,-0.535848410,0.526068434,-0.455564909,-0.291691733,0.540494242,-0.778306146,-0.984660631
1902,161.327676985,193.774980870,181.115767784,139.592237301,120.141316926,308.809032457,291.559165344,257.302134577,93.426604915,79.655309116,-0.848059688,0.761878200,-0.349932094,0.485866564,-0.471532661,0.506630316,0.756973012,0.981226076,-0.907740448,-0.953175543
1898,334.639275548,4.629999523,317.973595520,336.415674340,309.734007722,188.928371493,251.696191087,243.475284312,79.744468691,72.727244658,0.767220890,0.784300513,0.268198279,-0.018862790,-0.343069110,-0.563824780,-0.990398255,-0.982334756,0.956336984,0.922107919
1886,37.323789584,323.400178983,13.599661157,351.200637638,156.579027092,177.021694140,94.123346337,184.383932317,54.589041978,62.011533026,0.887216592,-0.102962290,0.452496080,0.978562492,0.699123143,0.616451805,0.832861784,0.520142882,0.304075809,0.388437514
1895,293.992054619,157.427428452,296.700419669,304.700127991,35.891463201,88.427399827,216.400117840,229.233965269,73.407292648,70.053261500,0.230392417,0.619732934,-0.212164465,-0.217307738,0.922970316,0.443117906,-0.971465472,-0.891847695,0.647607189,0.642674890
1903,311.849434320,358.939007051,313.338905861,327.305675553,194.692661124,325.577132219,301.542199981,264.240598142,91.319046114,77.830614830,0.474131879,-0.581359847,-0.222878876,-0.315530717,-0.881980111,0.224813013,-0.182103476,-0.720950748,0.643910637,0.750699553
1903,73.729117240,201.231148837,70.781685643,116.087050861,181.509902786,351.005158291,309.113070045,264.062642715,92.666449472,79.046261805,0.431217123,0.605009970,0.076274037,-0.950806952,0.671814104,-0.945477262,-0.822012279,-0.170588986,0.322826586,0.071383099
1876,155.736956596,267.908317819,175.664284899,112.892278171,150.583328686,234.509825642,334.618354655,141.326324254,35.203165232,54.584866802,-0.815079617,0.190141715,-0.356479943,0.894570343,-0.090990930,0.922456538,0.017966624,-0.260828408,-0.831228234,-0.906338299
1905,333.193830166,190.767655503,320.700268890,19.631259088,227.325248641,27.401047021,324.633536262,273.371643294,95.512114545,79.711590979,0.775720405,0.385413428,0.168892463,-0.921734915,-0.960315942,0.804488848,-0.151057814,-0.841563818,0.833994681,0.891186873
1916,144.902831700,27.384035928,163.749716015,102.152048066,196.013784821,35.323375550,114.699467159,317.425124291,123.251251643,94.006858713,-0.647490584,0.948622847,-0.350777757,0.904766223,0.502001816,-0.881095988,-0.495002008,0.142687653,-0.366713677,-0.767747678
1908,158.176216159,214.610729726,168.626191428,113.038211219,154.946264449,147.567869248,8.859088851,283.122909772,106.453961935,85.734634947,-0.829699580,-0.622171899,-0.132923219,0.933793710,-0.072154717,-0.175773313,-0.507352171,0.816466378,-0.772643433,-0.928078923
1906,264.168388494,281.576650923,242.806597647,239.721797466,209.705707334,97.554286856,339.326315720,277.771551474,101.711430177,82.721830222,-0.293345703,0.432446086,0.798765095,0.529708569,-0.833090702,-0.200639462,0.959163062,0.240228211,-0.295142770,0.004401017
1891,107.617142682,153.515657756,111.126695682,88.602061789,113.866827582,348.008806645,163.086789486,207.305246987,68.016094112,68.264589986,-0.124605558,0.257632179,-0.041540842,0.447180930,0.165161557,-0.829337793,0.819667488,0.958783912,-0.617002588,-0.602948060
1905,169.583139710,341.754853957,152.056054264,133.156370331,253.316563858,66.237242116,328.011980353,270.248998479,100.149850970,82.724287081,-0.903275829,0.408473257,0.957962909,0.784403929,0.554758348,-0.908584295,0.362480238,0.972457389,-0.918413471,-0.965496825
1882,293.563099173,216.577414619,298.039467619,284.358582846,89.596685126,46.229990388,35.593981733,168.366144572,43.801457881,57.476597507,0.234239230,-0.905870391,-0.270042215,0.207806169,0.461268706,0.917488176,0.971132819,-0.818057784,0.936251177,0.774096050
1890,140.112237132,110.435385572,159.447456568,182.315276338,247.262067313,305.529487484,155.062654626,203.400848573,66.611748581,67.782874542,-0.599514393,0.201738923,-0.370015043,-0.926307779,0.525795934,0.229055154,0.258542041,0.867177246,-0.932641646,-0.900908220
1910,275.213233033,233.212482463,294.650042624,282.754266866,245.113472527,218.866145080,29.719670751,294.147952889,110.582037862,86.755994834,-0.089946451,0.039830289,-0.912327782,-0.155990087,-0.551705864,-0.835022795,0.903428966,0.332126402,-0.262509369,0.116561485
1908,339.851925071,312.293277948,338.529089991,18.818802694,34.619482153,124.938958637,357.697404950,285.816016248,102.216701710,82.774749763,0.837065028,-0.187481833,-0.151482241,-0.797002969,0.778476012,0.568746370,0.303146245,-0.784900231,0.831967961,0.905899071
1898,326.306164318,248.256686921,305.406124641,326.064920786,303.329173163,189.567833156,251.284646196,243.347240918,79.789000388,72.744968047,0.708275798,-0.277817293,0.380006012,0.024817716,-0.338005833,-0.683018913,-0.963745755,-0.974860141,0.908396596,0.892424028
1910,315.360050971,253.621664680,296.848032603,327.312065782,37.524480482,194.486178773,18.337050508,292.544024190,107.218772257,85.041355146,0.558795301,-0.702041423,0.493288302,-0.231385557,0.935425895,-0.853105297,0.884318620,-0.368558615,0.463140157,0.709662345
1923,151.075586215,317.739322715,176.783414669,146.685057044,145.729747397,222.434920194,197.030171821,346.157658334,138.418490063,101.924022470,-0.742891300,0.547991522,-0.478877825,0.083619169,-0.078650484,0.892371246,0.713526848,-0.239528313,-0.224352955,-0.757178732
1910,0.906635073,142.141986362,347.385637053,320.354816960,64.987213042,190.780881622,23.031905120,294.599926464,106.547472335,84.875289479,0.936088078,0.524570205,0.222221680,0.864952936,0.884123241,-0.183137635,0.373218440,-0.887155390,0.946494291,0.923577277
1903,272.617142475,345.888829000,290.539719828,227.785550439,310.302826085,346.816249600,307.319464038,266.221669217,94.596186163,79.442798903,-0.167919321,-0.390483165,-0.739406526,0.898382883,0.392223979,0.934195650,0.563257940,-0.103995978,-0.030026079,0.199498479
1902,257.954924765,20.239145011,257.082626706,260.831870702,175.719523077,314.171750465,295.481076468,261.274040042,92.705286519,78.694579727,-0.403632210,-0.987235385,0.010249975,-0.063639047,-0.931231073,0.792631300,0.602898967,0.061173346,-0.246015375,-0.027897308
1925,84.920942938,32.514014252,80.509909622,99.240371792,113.854258629,290.474124953,218.130795836,355.394459605,140.369560011,102.594828683,0.295688325,0.619695673,0.219030794,-0.355078150,0.482464745,-0.436415743,0.722884288,-0.967895115,0.801268398,0.256754308
1904,167.120963751,173.122941280,178.388967252,184.592887068,136.693307984,29.482425086,315.545823226,265.965981745,97.912879438,81.696639942,-0.887460427,0.148612153,-0.196140411,-0.424473500,-0.401478030,-0.624984944,0.517865478,0.977312057,-0.917096958,-0.963095697
1908,200.777462369,80.896396872,223.297161440,156.989133818,182.760909312,156.418948381,5.638845381,283.142843717,107.106105305,85.784351587,-0.936790669,0.896484971,-0.632068282,0.894254112,-0.351945445,-0.679306816,0.257671878,0.984593202,-0.981744636,-0.883037641
1894,46.436366961,65.695810035,31.480236517,0.571971042,327.942426293,67.317514231,199.989502390,223.189286686,72.245677083,69.726601538,0.780316597,-0.238667651,0.414926878,0.977735681,-0.688772255,0.371946900,0.443076472,0.050635381,0.436802447,0.363217497
1903,226.789871846,113.738746101,220.095602070,181.440895175,275.373196367,343.416806107,303.594280248,263.600858353,95.685915650,80.279758125,-0.767671892,-0.019950657,0.313039635,0.902247976,0.418317446,0.865861390,0.965874927,0.594291856,-0.737881474,-0.539680734
1903,112.442743061,3.211393491,100.476221891,157.794672706,198.181947779,353.301375260,307.025659947,262.483208751,94.155838343,79.956569948,-0.166057392,-0.695592544,0.628540810,-0.988829504,0.646984130,-0.830344351,-0.254324006,0.495210163,-0.304492167,-0.525048383
1910,213.046295705,148.636350870,202.649068625,205.490844477,203.186540290,206.701998652,33.102292729,291.553176440,111.573142778,87.797099087,-0.878605597,0.695165203,0.517096757,0.157490262,-0.266204594,-0.129426255,-0.001028821,0.975882180,-0.965922047,-0.800740218
1900,70.905133800,123.177458524,74.164690894,110.076313588,41.560295198,245.350836326,273.285767310,250.462620262,86.113482283,76.056972361,0.473767242,0.671233754,-0.158724752,-0.880025441,-0.202935341,0.065598076,-0.381543817,0.009912631,0.263010546,0.070550604
1907,102.139030609,43.902750506,125.790556431,82.766082937,283.775605095,110.152979358,357.438327323,280.661671421,102.354886430,83.722731925,0.006115873,0.573729348,-0.470382833,0.458709019,-0.115694337,0.154528136,-0.962544351,0.034784345,0.005093537,-0.320060305
1894,106.850142060,186.925948936,124.062886753,70.941334348,9.795756161,81.768135467,198.679671462,221.305676587,74.520687850,71.111017703,-0.116552388,0.912765925,-0.305035168,0.806905381,-0.565637236,-0.381809106,0.993316777,0.888650627,-0.517971025,-0.559996919
1882,340.410366870,117.335800459,327.261247697,342.393090381,90.754865367,50.129420094,38.039964392,166.790032863,44.151046076,57.416107188,0.818555189,0.304041196,0.236508940,-0.022897147,0.917606952,0.932027067,0.838241519,-0.124023294,0.895048725,0.909439195
1900,6.721024482,324.181357500,1.688469891,49.643676039,351.179100512,250.869233158,274.789275901,252.437695424,84.351160241,74.844085390,0.981481876,-0.546204758,-0.037410408,-0.897994556,-0.121188856,-0.901534995,-0.998340930,-0.893451321,0.966585785,0.863790588
1869,74.880348063,20.840756787,96.542067690,82.209510210,156.458455762,38.710153306,253.790509536,105.648074257,18.984457006,47.162271711,0.439616423,-0.455900533,-0.537823080,-0.179006449,0.785699863,-0.542042969,0.016079296,0.492164615,-0.798305172,-0.420014685
1893,270.396963257,72.926722865,250.319713070,316.732814927,233.165479864,52.446430422,203.601636085,223.866802724,71.649334932,69.422119909,-0.185176238,-0.354012912,0.621338527,-0.902330828,-0.649419283,0.621329401,-0.913335362,-0.717898335,0.324883409,0.327476291
1926,138.354440939,173.600084258,131.282201181,112.278870616,35.511931040,322.739034900,229.688701618,358.897940808,144.285716904,105.135516316,-0.589125434,-0.145662860,0.396180450,0.592008991,-0.525105360,-0.079407293,0.992598352,-0.624279186,0.091713375,-0.560014672
1906,245.153598533,35.911639502,249.762381949,248.270208201,198.145949933,99.668050457,338.519365193,276.717465032,102.166243364,83.082331411,-0.583143554,0.344409960,-0.182675457,-0.080809481,-0.747636835,-0.525057801,0.989770244,0.523006531,-0.590496977,-0.311615824
1936,94.403259224,177.809460112,72.347923706,93.530152236,90.209587937,257.627363393,352.483861316,38.610481919,164.258746596,116.330725586,0.104675407,0.324946251,0.724104469,0.014008411,0.061905202,0.252222384,-0.972909981,-0.805966318,0.909429003,0.314932190
1919,144.206757178,48.207208701,139.541812800,176.829059724,116.750899619,123.470831233,150.716582493,329.944763668,129.638586509,97.288060537,-0.630844072,-0.000461972,0.328847793,-0.730399068,-0.302903566,-0.327741208,0.115942719,-0.082842495,-0.253168053,-0.728021844
1908,110.011897800,274.989649138,98.601146913,99.641488930,122.987156553,136.754007819,10.103649297,284.703486065,104.809591011,84.920143840,-0.151802874,-0.586342816,0.432031519,0.249677076,0.243181418,0.443615266,-0.978206068,0.101782563,-0.089015105,-0.424225977
1904,341.792634297,171.229807802,322.741396596,309.350744879,3.588968904,0.399389898,315.217798243,269.501705753,93.176434722,78.681282675,0.845864058,0.376424156,0.322598886,0.699430011,0.357877713,0.320024335,-0.448595239,-0.929181611,0.919319543,0.923847839
1906,163.633128837,33.062956771,148.761669759,209.517338979,146.613142823,96.861282032,341.476548806,274.523183564,102.224356453,83.717676783,-0.840049454,0.489427112,0.860384453,-0.963185308,-0.249987894,-0.862958451,0.034591833,0.926068436,-0.861876891,-0.953964176
1917,22.986830389,275.652731265,38.149037044,19.637981580,13.741126632,42.129562566,113.966119799,322.889752869,122.087263674,92.476992875,0.969798675,-0.422411575,-0.799725323,0.099536573,-0.003132185,0.342164993,0.995513517,-0.836512600,0.967109529,0.867008596
1910,180.059981274,65.413361037,184.929346273,163.883560589,181.294960899,199.506031493,35.518915436,291.292513031,111.296825092,87.944324184,-0.927851059,0.447520785,-0.010825258,0.355910538,-0.066017586,0.303397973,-0.575123660,0.928175420,-0.918125859,-0.974095177
1902,189.130473118,207.757061870,213.252551916,174.757654700,137.765716400,307.415716457,291.224076392,257.849161477,93.717599883,79.665370884,-0.972271862,0.613365480,-0.603830899,0.311953803,-0.630602108,0.837170597,0.970605355,0.919731944,-0.975676094,-0.908925691
1909,112.043202269,84.880619613,92.680102466,132.852722572,357.513911933,161.796833755,22.844273998,288.966478399,107.034741797,85.986914779,-0.170233168,0.516020162,0.835775431,-0.516261209,-0.537346038,0.736414579,-0.992528759,0.064374167,-0.086235914,-0.439915485
1902,117.785474665,307.036607612,98.394989481,84.933520511,90.531713631,314.244897835,294.230416344,257.813834243,92.201614578,79.080291841,-0.270811198,-0.435709810,0.860390645,0.744087206,-0.233968470,-0.282322859,0.058204094,0.634606789,-0.420326812,-0.607630335
1917,181.107802810,277.555493303,170.443725694,219.756312454,127.579425524,71.461946380,131.201553717,320.296668491,126.529101706,95.505624358,-0.975020777,-0.808241353,0.632348872,-0.830994447,-0.610929766,-0.879696797,-0.755806332,0.658056365,-0.806800414,-0.980648931
1903,337.791968827,339.231024115,310.820213349,359.303424720,195.781948664,331.740698312,304.439324437,265.191269023,90.956773169,77.678490258,0.805538414,-0.502015785,0.541120315,-0.447548945,-0.641504332,-0.102728252,-0.551340945,-0.932652824,0.909056105,0.917568872
1903,190.038891196,344.884247692,188.277250759,166.113446345,248.298712186,345.536176262,302.700079190,262.101196238,95.944036908,80.673890233,-0.976523750,-0.474766709,0.238291232,0.495801670,0.467540559,0.405084551,0.914807556,0.939381390,-0.977309475,-0.910147842
1900,24.609327864,204.515324495,358.714251072,69.529843127,5.338089018,250.356857109,275.036850107,252.143186717,84.664235396,75.081634878,0.943325503,-0.381766650,0.481909121,-0.955224310,-0.133389734,-0.722318126,-0.940481567,-0.721973532,0.857328029,0.715088574
1903,127.768025279,228.334237843,133.852046458,170.915726496,206.849782656,352.778984838,305.851620310,262.017309963,94.703440109,80.253591031,-0.452750016,0.775590925,-0.071672765,-0.939383362,0.611991411,-0.670447692,0.030166509,0.708821849,-0.533234438,-0.715547158
1906,321.407174875,163.356987029,313.982292244,320.596629161,4.552577473,57.167074329,333.752833150,276.955951654,97.964725594,80.806450039,0.633098423,-0.386587861,0.042198395,0.035553523,0.598561685,0.988441399,0.209928398,-0.679275220,0.678368842,0.807613932
1916,169.201106247,355.451388331,195.796516302,123.232614540,212.394823913,34.873624378,117.418905823,316.516168158,124.051523442,94.324316563,-0.895781858,0.594853289,-0.551126546,0.943023478,0.396572090,-0.663339795,-0.775489686,0.545643660,-0.701395581,-0.948618962
1904,5.781045639,121.546887837,5.770045550,338.833303237,21.886291769,6.186014510,317.695323287,269.925531186,93.181034219,78.784648495,0.944218857,-0.591774423,-0.176147001,0.605592112,0.323967906,0.021640176,-0.744187766,-0.970644505,0.986186429,0.889619380
1904,128.606175151,2.388333617,149.643548144,135.252950481,111.039300503,29.631540331,318.354010149,266.432298971,96.889101256,81.264050217,-0.427671237,-0.230119755,-0.432892081,-0.181530209,-0.161553859,-0.925689708,-0.171960045,0.665281830,-0.513632653,-0.714366852
1905,334.765507544,213.711563555,323.320470318,21.096118123,227.866071580,27.693325226,324.820455981,273.428724350,95.493460551,79.706190984,0.797254250,0.665109428,0.143100193,-0.921130151,-0.955564335,0.791936962,-0.174709910,-0.854366961,0.848322188,0.898364918
1907,168.320773878,221.093917080,172.823840678,167.565583898,284.328625995,124.903038185,354.482284172,278.749854167,104.509838852,84.773866050,-0.908451356,-0.493589270,0.047100302,-0.004656362,0.516656389,-0.651842640,-0.108162178,0.930714614,-0.882373907,-0.964768748
1920,162.035125826,60.602739182,158.105583043,179.297694348,240.045737335,151.894471463,164.632532501,333.345999227,132.418363719,98.691235676,-0.820131822,-0.384486368,0.353286158,-0.422036977,0.550735550,-0.169112780,0.047669988,0.164191691,-0.492806333,-0.885589221
1922,69.200725658,129.004747537,89.735730378,96.953747858,261.968856803,189.017927113,180.821138640,343.463533988,133.544276104,98.807268021,0.497642687,-0.262420349,-0.542146368,-0.658384690,-0.294245038,0.826143782,0.924191230,-0.964478894,0.878964699,0.440181591
1891,355.634679256,75.193621026,348.502368734,311.246951198,35.778602159,331.978779987,162.854798598,210.721261837,64.281570700,66.031762498,0.913718611,0.931018458,0.047238338,0.920272048,0.635833546,-0.388366133,0.222057399,-0.573218570,0.926511604,0.878599469
1918,109.396048545,158.891296924,125.985927613,75.545173262,189.363513403,89.860517639,134.313901345,327.104838948,126.167891035,95.406166054,-0.146590152,0.437400349,-0.427860219,0.766066629,0.668103320,-0.297576907,0.421282364,-0.585560837,0.278535156,-0.260228951
1890,75.404478683,295.702529272,65.292914198,102.587279612,243.195483663,312.104409134,148.284656900,202.845296933,64.693116761,66.618491064,0.432991553,0.167947753,0.254715977,-0.649465130,0.014376000,-0.816280977,0.950496375,0.768682005,-0.171782911,-0.148969465
1892,359.239524191,242.606083045,11.800820594,40.669613033,273.375621152,0.585037200,176.581387172,215.428899051,66.554106502,67.021722925,0.967951747,-0.504618530,-0.730760986,-0.862941642,-0.905049556,0.035653697,0.047163462,-0.587750799,0.917468629,0.863154224
1917,147.037907670,178.660921992,174.226960850,177.781507359,105.519786038,68.888676375,127.236070420,321.517039092,125.467888065,95.133111333,-0.702073274,-0.249831214,-0.511075727,-0.715530295,-0.427072959,-0.914742656,-0.332813923,0.110155354,-0.366703036,-0.780238727
1887,187.168833223,350.940713324,201.757803037,173.215479503,141.633251701,217.939357529,124.465287299,192.520979100,59.877828649,64.900777382,-0.974168074,0.227822305,-0.236134765,0.280772144,-0.588661853,0.470786723,-0.878703923,0.078977499,-0.770583435,-0.795512546
1907,96.697216391,328.649734339,122.053327635,75.832355924,285.374248352,108.884368766,357.367316085,280.892597542,102.142888608,83.592306475,0.096694701,0.836180448,-0.546686291,0.494809777,-0.199026326,0.224124544,-0.981427638,-0.062358199,0.094723590,-0.235168213
1891,122.286623497,357.550258348,140.680807310,107.360211402,123.773184293,347.505694891,164.563676507,207.469667158,68.440680445,68.517987423,-0.331262013,0.368194565,-0.407314079,0.346920987,0.075212468,-0.676013485,0.669663460,0.968834414,-0.783449566,-0.764369512
1910,183.246553476,110.703279747,181.361458215,167.915799385,183.404836669,200.192777165,35.326554757,291.276610778,111.350278828,87.948038045,-0.935997141,0.606858244,0.249076022,0.335851478,-0.086159893,0.263071525,-0.526731289,0.946935502,-0.936541105,-0.970986339
1907,318.736218233,263.195470041,323.249984544,271.954189114,241.893088144,91.492201824,344.209320149,280.851041116,100.296051300,81.863864804,0.607053924,-0.299378633,-0.331390302,0.944642655,-0.961240893,0.735717758,0.425719305,-0.593818565,0.613046471,0.775540333
1900,341.372777454,354.471664620,357.743392373,20.150550882,331.163735013,249.873940824,273.567693168,252.378021769,84.213028581,74.697338480,0.835825765,0.274135203,-0.912918102,-0.795554779,-0.109307428,-0.999054840,-0.925386395,-0.980346250,0.964937401,0.930053693
1910,179.284796820,53.995480934,185.761089897,162.902356188,180.781788827,199.339629284,35.563741638,291.297718221,111.283013560,87.942834301,-0.927256144,0.339281694,-0.067335987,0.360743756,-0.061154256,0.313094207,-0.586544544,0.923187475,-0.913253347,-0.974411989
1909,161.974852892,51.227682545,185.901266755,195.872719353,5.621606822,172.099271808,22.428685156,287.308088637,108.725640516,86.805620300,-0.823436132,0.766514284,-0.442229110,-0.762892943,-0.181326986,0.162044431,-0.644142037,0.812952365,-0.788648412,-0.941623565
1909,132.522280598,4.166680287,133.780314014,158.947487050,4.719387200,165.768663462,23.227372899,288.143899269,107.806430476,86.409289506,-0.484527720,0.284954207,0.114212965,-0.635577297,-0.439627818,0.525861210,-0.936327986,0.416898312,-0.411541991,-0.707384669
1909,199.753742059,193.248153778,197.366845965,241.583897983,356.197378285,180.378802188,19.758630482,287.233103240,109.322036415,86.844901617,-0.954700732,-0.027044361,0.255362580,-0.865337130,0.355766949,-0.334908266,-0.000577754,0.993903646,-0.985060805,-0.898920964
1909,262.874959714,294.257312873,269.664967352,309.509327488,9.674298440,191.506428560,16.391344193,289.558970859,108.612465339,85.924487197,-0.317995519,-0.498232572,-0.239445378,-0.908366871,0.835696721,-0.939052942,0.910181475,0.453391853,-0.428070144,-0.072896304
1892,289.020419971,54.219570569,268.381845470,316.622580192,230.543654531,345.022723679,180.150797382,215.648847217,66.620223219,67.162816115,0.112071484,0.286071241,0.686367050,-0.562858749,-0.866739282,0.804392093,-0.938608315,-0.948774622,0.673426285,0.619612516
1905,274.413479295,283.202161997,255.024525523,262.543204012,329.433518886,57.578342890,328.815190478,274.382993457,99.138224373,81.480577454,-0.117042781,0.630285326,0.739714487,0.258727444,0.597706661,0.607320677,0.806469273,0.007553174,-0.078841444,0.193738358
1888,45.189308450,341.874837001,38.508521358,27.067533110,193.842975146,243.573659145,120.690231108,193.978049694,59.206161431,64.044050776,0.821475891,0.620913896,0.167209642,0.437126668,0.310093736,-0.334429419,0.963674862,0.496377500,0.249892194,0.299061788
1891,104.239438145,110.029437932,103.519200722,84.295318908,111.574125626,348.016795992,162.781677163,207.296615322,67.906642720,68.198604590,-0.054089655,0.551617570,0.121907483,0.470183039,0.185847705,-0.856197349,0.848907251,0.947474279,-0.572659332,-0.559857495
1881,21.093501389,157.288391950,353.620190770,51.302724373,335.690681287,29.756757485,30.626422308,160.192609685,43.145217632,57.031077835,0.939406823,-0.608698805,0.519941752,-0.672606601,-0.468872509,0.167887555,0.164473566,0.627355062,0.382865842,0.548828504
1879,92.579157659,147.886870448,99.263158242,136.740737967,10.855307188,342.618581690,14.822898858,151.063603337,41.363681575,56.760614528,0.121868633,-0.559267417,-0.215900627,-0.982258898,-0.561524672,-0.900440888,-0.970020011,0.821033472,-0.751984391,-0.542617920
1885,126.538017309,333.917564499,152.658930280,149.661123927,88.267767944,157.659906553,92.884984780,180.027133922,55.347631042,62.916540396,-0.409870311,-0.411565339,-0.510571688,-0.566812575,-0.347736262,0.499250906,-0.546553111,0.774900610,-0.918402816,-0.840439977
1910,143.870354484,285.405269521,167.901926190,118.119707404,157.380942692,192.219732906,36.580680669,292.043971865,110.351902270,87.632388616,-0.666238061,-0.723193326,-0.450708751,0.582577907,0.167375411,0.706975278,-0.945925071,0.530698919,-0.544515246,-0.814158166
1905,58.336019271,253.892635253,33.183427850,28.303237710,223.546953187,46.855819272,332.403712600,273.565141837,96.443402495,80.658412012,0.664743862,0.668489704,0.572326891,0.689488623,0.056125684,-0.164290540,-0.994404364,-0.558880027,0.609693913,0.342511422
1906,122.565738876,182.382861540,145.655522192,162.143841145,119.299940888,89.079528742,344.317231386,275.445653047,100.986070644,83.160825128,-0.369875841,-0.493208614,-0.422554967,-0.895844600,0.016511836,-0.506913293,-0.663900562,0.456797311,-0.360466522,-0.622424307
1918,104.547062197,94.082047630,116.417543021,69.558767086,186.704188741,88.722386248,133.708528187,327.243816184,125.987769887,95.283006719,-0.044608449,0.561692703,-0.335719469,0.790396602,0.681566834,-0.237498788,0.487129539,-0.651282939,0.354697321,-0.182686832
1905,148.614357755,49.235637875,162.327979570,107.989332751,240.334556708,64.624815218,329.591038737,270.380623407,99.674711039,82.563072336,-0.690758297,-0.355227813,-0.224931802,0.873518014,0.560972683,-0.929018127,-0.020296977,0.842328030,-0.739099860,-0.885405885
1916,131.389178038,187.937050168,138.614538148,94.898112179,187.211803180,34.673965861,112.978717581,317.984747960,122.744527185,93.748789910,-0.501998818,-0.645032625,-0.098676345,0.799917614,0.562255292,-0.930291239,-0.310055732,-0.097443291,-0.152254625,-0.610572423
1911,323.426030254,140.840426209,300.109015920,342.169153111,278.933901543,224.147331683,31.286004179,296.889975144,109.312475282,86.016261028,0.644760374,0.561074213,0.455310966,-0.385422356,-0.648547714,-0.985222431,0.919146004,-0.425847118,0.550282637,0.778536046
1903,99.713186351,201.065937053,78.484757463,145.022380290,191.721490855,353.099901891,307.906368535,262.966198700,93.668533561,79.673287996,0.005512708,0.793376773,0.780563257,-0.997727413,0.669268923,-0.911799276,-0.473179756,0.288487386,-0.100107094,-0.341384386
1920,85.803095351,96.711344022,107.815330112,81.270197945,202.902129857,135.480615088,156.257410490,335.653517058,129.647001538,96.992071155,0.257532298,0.211602809,-0.627956741,0.108743630,0.560917427,0.747554575,0.938182018,-0.907184238,0.675118235,0.154813484
1910,82.999181109,176.408153008,61.425574816,42.895636360,117.416216062,184.872027179,33.134710450,294.429242321,108.072901076,86.303334726,0.284423729,0.588691960,0.596915046,0.889159104,0.543140699,0.934542000,-0.758126687,-0.499365374,0.415614266,0.031874622
1902,83.946996033,208.734123843,95.298660863,43.618430491,66.081382148,317.101610690,296.652295440,259.088926216,90.908427141,78.316224660,0.269871570,0.481606482,-0.229298433,0.893525868,-0.085467062,-0.778870735,-0.540765281,0.087599443,0.123230273,-0.108697824
1881,160.888789588,272.930552864,163.595552485,121.306010735,78.780014567,56.016259839,42.348992530,163.962234045,46.527977324,59.310394007,-0.860091322,-0.687031007,0.102276299,0.845934063,-0.584825482,-0.901902996,-0.869898908,0.036866448,-0.881601216,-0.912167897
1888,96.347321152,325.604568245,112.749018173,92.457147296,199.259654262,237.505678995,125.672070723,193.145596846,61.129529989,65.217566953,0.095063358,0.910039545,-0.309414683,0.089011710,0.626539054,0.578569617,0.488736794,0.962228805,-0.555447698,-0.489046646
1899,2.694414173,140.406633675,21.185196544,319.687052133,112.631024120,219.048111656,263.601897719,247.983764165,82.094289543,73.828378277,0.943405177,-0.281412902,-0.954017353,0.902091239,0.884261350,-0.601020932,-0.985187409,-0.890683686,0.972328582,0.880346601
1899,311.064274722,178.540859249,292.891002301,264.764444691,114.149915597,219.328739582,260.755510908,247.296639778,82.239284138,73.832545037,0.498065862,-0.531309019,0.341095771,0.936982883,0.324248988,-0.997342976,-0.768338714,-0.879757899,0.745861162,0.780228341
1916,156.197986767,169.762591096,180.960312126,111.059321356,203.545215443,35.374159265,116.035808086,316.976259492,123.646025843,94.180243911,-0.797669664,-0.476103167,-0.458909323,0.935836341,0.452631128,-0.801476924,-0.636526650,0.338932775,-0.533819595,-0.870789619
1899,119.851545722,300.529549460,146.824001032,104.825579662,171.400535857,211.263377597,257.757628161,244.173764296,85.806118891,76.188990830,-0.308539043,-0.160087931,-0.520397034,0.349851560,0.575723716,0.944557420,0.664484254,0.811373085,-0.545003912,-0.666021680
1906,124.437611063,209.459383434,146.001971113,164.403243291,120.564787927,89.487979846,344.223676887,275.378942339,101.054330125,83.197299854,-0.402075504,-0.420843222,-0.388370653,-0.901741281,0.004738851,-0.527320361,-0.637924306,0.486075876,-0.389067373,-0.645546989
1910,62.260918657,243.260797427,64.366440076,18.539172567,103.949832123,184.722889986,30.827826504,294.992401781,107.391653833,85.800819383,0.611908799,-0.266779779,-0.087750607,0.949840265,0.653327280,0.803579472,-0.516861048,-0.768937745,0.696091533,0.357478952
1895,230.401016310,180.726861743,211.549728904,184.831135017,219.771640598,128.882764666,221.248192220,230.256035016,77.348672878,72.148365326,-0.733471595,-0.105150024,0.877000144,0.905277675,-0.292422005,-0.937912032,-0.158691424,-0.005362650,-0.438719592,-0.360251090
1907,255.338268140,298.751674807,236.467554306,276.587955563,336.475315682,133.516251430,350.845753368,281.251216979,104.222688836,83.945065845,-0.442631845,0.336364865,0.674745653,-0.448058039,0.747909405,-0.814500897,0.987652057,0.439451521,-0.474518029,-0.162587136
1902,208.770720376,107.743031934,201.661253249,199.516206682,149.521635905,307.986576728,291.772837103,258.597977153,93.655188902,79.504100227,-0.900425660,0.411157693,0.465244720,0.195802372,-0.735733327,0.939954337,0.984983471,0.755023778,-0.886786733,-0.749069866
1901,136.047580397,72.695308236,118.709583826,162.859185968,195.753870426,273.945123456,280.793094714,252.951132650,90.642741497,78.409292917,-0.532575023,0.238002259,0.900843586,-0.641528949,0.563257364,0.622975651,0.571305482,0.878705259,-0.695784895,-0.814493415
1890,324.490654523,239.745279148,301.122176494,323.208364181,232.759136524,297.814710702,150.976486976,206.626075867,61.757063903,64.952435764,0.690447652,-0.753537546,0.560236126,0.047131034,-0.992175497,-0.450733848,-0.110193568,-0.878459501,0.986541433,0.916982468
1878,186.930833649,238.103155907,170.022271265,170.196503207,183.022770659,297.398094251,358.893833196,152.121790503,39.228882803,56.268647113,-0.982743531,0.834653174,0.945025000,0.365268052,-0.147683064,0.887575962,0.138417272,-0.577190247,-0.510265374,-0.701861410
1918,354.436358688,36.875107001,357.081870951,315.905997160,173.660933509,65.130228126,128.156151896,325.422364362,124.558516718,93.435740651,0.908096141,0.760907419,-0.288267322,0.826214545,-0.057180209,0.939473869,0.721426427,-0.461720478,0.747924427,0.915509355
1908,65.603441999,31.323976097,85.630752165,106.199286617,93.087157369,128.289362234,7.659725039,286.394512359,103.167671498,83.841507490,0.579957533,0.481056008,-0.712150283,-0.904798356,0.495074761,0.872882248,-0.842707869,-0.631314472,0.600601796,0.277000873
1920,137.204968084,81.961515860,119.914034926,147.517903492,224.642498863,146.292413957,161.466294029,334.359038906,131.505613300,98.262261429,-0.546243131,-0.416708128,0.790936377,-0.269668280,0.582543249,0.157250138,0.410653384,-0.274260530,-0.104255042,-0.632021656
1908,129.782629254,186.852174398,112.363144645,95.959042259,136.172207931,141.140822562,10.078876597,283.915849431,105.555833032,85.332650754,-0.480392316,-0.473359205,0.879204726,0.749323074,0.116881329,0.196578664,-0.863044749,0.439790574,-0.403921528,-0.687407218
1920,358.557409780,345.899907519,0.196566700,331.006394728,218.981420082,128.487588355,156.715364523,333.180540517,129.001448668,95.669897632,0.948484836,-0.698073173,-0.254057264,0.613629455,-0.685284686,0.755991827,0.372226396,-0.405491824,0.742662060,0.918720330
1909,202.006175226,220.187717185,194.928055536,244.232612670,355.911116298,180.854503310,19.578058350,287.267642702,109.332485376,86.830181537,-0.957643783,-0.254185558,0.469607351,-0.870119369,0.384851018,-0.363554147,0.041720786,0.991479090,-0.984000517,-0.883501667
1919,135.246489237,280.911026694,146.762184017,173.839382116,110.690369808,121.443734390,149.544864627,330.308536253,129.297286933,97.110254250,-0.546383720,-0.617329121,-0.153019495,-0.851089337,-0.250804810,-0.215684606,0.247853620,-0.239340945,-0.108178609,-0.620329774
1896,243.431859368,117.381133191,241.408702915,278.543700211,85.666397820,158.795250430,233.129438478,235.328333569,79.318875468,72.912143836,-0.574279949,-0.608616811,0.096524258,-0.716611535,-0.174699725,-0.969032952,-0.178869684,-0.139930235,-0.262729538,-0.167383028
1908,215.465325119,263.449080976,214.078728916,173.913344603,192.270691046,158.967866208,4.630795410,283.506878600,107.094938202,85.647852665,-0.900691638,-0.487301776,0.183110977,0.851137167,-0.443526155,-0.812415032,0.508080608,0.922444584,-0.934031274,-0.751685860
1909,186.489362406,17.394791229,207.568305850,225.794263078,359.051110482,177.517684308,20.809070846,287.118136658,109.200991340,86.893434729,-0.960379185,0.185941963,-0.536749594,-0.836427659,0.168326221,-0.162597661,-0.245757380,0.977082726,-0.960095212,-0.959872114
1894,123.310648866,39.342085244,114.819307408,91.286515133,19.448574737,85.439707304,199.418463070,221.273832808,75.037687172,71.408511945,-0.341075909,-0.883867290,0.397407449,0.724988404,-0.535208696,-0.564931803,0.964893284,0.967083103,-0.725505043,-0.750581581
1909,249.856445006,136.986531737,249.516916973,297.101924797,4.165657272,189.709013712,16.643157814,288.892656761,108.904955982,86.172993386,-0.484863818,0.831777995,0.023692034,-0.920920011,0.778220258,-0.859408685,0.794105932,0.631131972,-0.620853424,-0.289957326
1908,101.988359658,164.768679257,102.778396399,104.718421709,117.611203901,135.045578615,9.906836557,285.042724764,104.496879896,84.732450459,-0.030213420,-0.290310144,0.078912432,-0.062781333,0.292127795,0.536954617,-0.993014358,-0.041170154,0.043017044,-0.303466155
1905,257.997017576,63.745910671,269.494177597,242.278055765,317.098849223,59.268887617,327.577182487,273.421457994,99.578220197,81.793332425,-0.386428391,-0.328136635,-0.546865619,0.338754925,0.586497822,0.338055991,0.929101879,0.269150345,-0.359486468,-0.081414840
1883,290.089819528,308.053329672,304.631237031,250.742824623,281.962609872,83.401060847,49.356407987,173.281825890,46.097409265,58.469457096,0.145789164,-0.369439266,-0.661952100,0.820212255,-0.205170919,0.461625491,0.867042398,-0.891619262,0.897377166,0.731244732
1900,339.554098422,326.659797943,354.802111536,17.998097383,329.734206699,249.730501159,273.445257812,252.351893824,84.217293027,74.695940534,0.829988424,-0.287519935,-0.856100950,-0.787435135,-0.108111040,-0.999438528,-0.913780176,-0.979331940,0.957456556,0.927804643
1909,335.532371927,35.727388555,313.301565678,319.637422830,270.457064363,160.101989418,8.490025866,289.624483472,104.540209943,83.828981715,0.766386867,0.847341782,0.492527364,0.362596879,-0.842673492,-0.080134124,0.539115676,-0.694603285,0.764872935,0.881502595
1879,168.020305599,104.029212496,150.193050984,187.200401289,54.418320055,336.353084385,14.176198291,155.475820101,41.885176566,57.381994977,-0.872710007,-0.779798227,0.990520739,-0.449772303,-0.498684385,0.195234233,-0.437870938,-0.229000549,-0.779708861,-0.868543726
1908,70.618183555,98.569117657,93.304204674,108.826371911,96.479411079,129.094461301,8.085800741,286.244597266,103.332915051,83.961480450,0.486179361,0.483009734,-0.697604285,-0.861043857,0.468991444,0.837349978,-0.882335539,-0.561434837,0.532177324,0.198460076
1905,302.165924007,142.741962460,277.715596343,347.470352629,214.421642236,22.632715010,320.967655478,271.949565520,96.099259795,79.987127573,0.353541936,-0.203003082,0.626943625,-0.883140393,-0.997502581,0.971865155,0.317575745,-0.486998086,0.434993248,0.618581219
1910,249.445038288,256.055520429,260.419541788,250.895890897,227.574178201,214.276212654,30.536549322,292.822272672,111.184856907,87.251353343,-0.514153344,-0.166107620,-0.322027064,-0.034936466,-0.452971279,-0.584726011,0.623759880,0.688003105,-0.656742153,-0.314333211
1899,40.369511794,287.052461491,16.776027736,4.746724019,126.513572039,214.675968854,263.034456263,247.076653443,82.901623539,74.400472929,0.867646165,-0.079414579,0.455869520,0.795205914,0.893553779,0.071001437,-0.677080372,-0.440524681,0.670786292,0.515723258
1903,245.487317393,353.694108516,249.561684867,198.746514345,289.521492437,344.041510442,304.830960001,264.621338110,95.308619638,79.956495720,-0.587460524,-0.624826614,-0.092905051,0.926449209,0.403408023,0.958215647,0.852871152,0.327257583,-0.485321932,-0.253107860
1908,243.812447449,275.706286810,228.831628748,207.578538512,210.568102361,162.723124241,3.466649198,284.634485562,106.748896954,85.218514401,-0.602434333,-0.373803211,0.559911899,0.751362726,-0.599535750,-0.964400457,0.862236843,0.653567885,-0.670448992,-0.368452618
1904,68.337227375,258.569901259,47.958618562,57.682929383,68.475004093,20.848364634,321.003279640,268.773341528,94.622260976,79.901066273,0.531913163,0.649550488,0.477752625,0.263760180,0.143928707,-0.687439866,-0.952475792,-0.336487763,0.438923626,0.173165608
1908,69.959334732,90.113897606,92.376909944,108.520009397,96.033907729,128.985907361,8.031674148,286.265188534,103.310734581,83.945557388,0.498480323,0.528887830,-0.702050373,-0.867629884,0.472478371,0.842278036,-0.877460557,-0.570920553,0.541401539,0.208883304
1904,170.163713453,219.480069689,175.567640285,188.452994421,138.663162796,29.253737171,315.371029483,265.984596768,97.963534693,81.707743017,-0.921757230,0.862836290,-0.012899989,-0.441139530,-0.421075054,-0.583162608,0.564775779,0.983831279,-0.934029280,-0.965638440
1898,313.203598541,79.934420482,288.363542832,309.826501752,293.354309864,190.173814747,250.442136896,243.027765027,79.933183014,72.822152060,0.496695998,-0.107688649,0.558332663,0.087696884,-0.328293195,-0.831462634,-0.887132124,-0.923974276,0.794628093,0.807515971
1904,13.099870440,229.847875660,20.961273549,347.923010068,27.431834357,7.980022742,318.354624751,269.955417234,93.248187600,78.858020044,0.981745318,0.892408594,-0.503577892,0.575180822,0.311083275,-0.069680874,-0.815702496,-0.949932435,0.972574611,0.847532528
1903,116.259517055,55.558811970,108.681042554,161.338488811,200.257526219,353.249033429,306.739792624,262.353419481,94.297277502,80.035689398,-0.230325768,-0.917230353,0.455929757,-0.980726018,0.639465534,-0.797180698,-0.184848022,0.552822515,-0.363897855,-0.576320964
1903,244.115993179,337.392975869,247.442579678,197.377361774,288.477574585,343.957137661,304.725131259,264.542925878,95.340530936,79.981832724,-0.607100045,-0.384980918,-0.065930312,0.926047907,0.404329739,0.954818212,0.863964745,0.348128205,-0.506120616,-0.275405291
1931,46.007128673,293.422966184,34.948412625,13.708358419,133.297714727,105.850133628,293.265371815,17.075574989,153.008222438,108.940879420,0.818919842,0.785319286,0.177247396,0.734060713,0.876324796,0.857391395,-0.921203180,-0.463832823,0.928997412,0.814460495
1903,142.106660303,51.304694407,160.926523378,179.364854997,215.651514727,351.594500341,304.770372593,261.736081284,95.151332575,80.472664939,-0.609959081,-0.819613403,-0.355735484,-0.821130541,0.576444725,-0.465021798,0.292642776,0.858643445,-0.714981814,-0.850239863
1906,96.629383938,182.915804186,117.464794870,130.270572448,101.585478688,83.107062707,345.028673011,276.492656228,99.991166201,82.583827059,0.056369663,-0.698691336,-0.561027933,-0.792460887,0.170460510,-0.199191215,-0.926093554,0.011408244,0.059153855,-0.249920849
1908,220.762551810,336.989782944,208.782233698,180.123130708,195.693597097,159.796446166,4.324435386,283.678564511,107.061266740,85.582311979,-0.863959198,-0.203660537,0.682692885,0.834685145,-0.474499266,-0.851812174,0.588688999,0.885534613,-0.900712165,-0.691216663
1901,144.655781060,190.994913860,134.817983473,173.723363705,201.359144353,273.472409741,280.368757170,252.885800205,90.878657734,78.519767930,-0.680936562,0.432308337,0.612153719,-0.683841493,0.528311945,0.728475297,0.692418045,0.936068436,-0.789403482,-0.880958068
1910,43.627739581,344.802328154,64.157874288,357.822790617,91.955025594,185.758813057,28.506503134,295.217180559,106.923729012,85.405225468,0.837762236,-0.842879789,-0.742562278,0.975993180,0.741196925,0.580608085,-0.258474478,-0.919972874,0.878437873,0.612029770
1911,326.833572272,186.171497893,304.754192241,346.371180446,281.386898091,224.298246028,31.539254387,297.071137816,109.239070295,85.986332072,0.701094658,0.757288656,0.410744050,-0.402286353,-0.650767731,-0.974891170,0.897380746,-0.474425150,0.598563577,0.807803821
1898,6.930045823,67.160896730,17.974607256,16.753762702,334.952937666,185.183571008,252.246256998,243.389671402,79.942964080,72.897673257,0.946807164,0.275528341,-0.655866897,-0.202592222,-0.344840971,0.015220312,-0.906383874,-0.818512733,0.947037078,0.849708868
1901,220.542661318,134.815551030,223.034959731,265.303131317,254.632044919,279.246225064,281.768868923,255.006446345,91.253590598,78.335090920,-0.823817903,0.856410173,-0.008541849,-0.895865365,0.274458699,0.803755579,0.870213238,0.559511948,-0.757193759,-0.595311547
1898,129.220586345,299.798946312,155.352447557,169.745181019,69.176258416,186.125839977,245.702514652,239.519974674,83.934130138,75.374830482,-0.460504227,0.156506318,-0.506188552,-0.908210598,-0.476299649,0.797011945,0.888364829,0.920264231,-0.692930001,-0.775476533
1917,177.293271139,226.828975995,173.526527291,215.136575530,125.201108965,71.360733459,130.811467276,320.405833729,126.431993652,95.485654120,-0.955910906,-0.591596917,0.327832853,-0.820258828,-0.590636114,-0.899029401,-0.716437932,0.605772544,-0.768334124,-0.974016121
1888,299.715421541,19.769640099,300.683594191,258.091713942,200.744788723,240.924132192,123.349263134,197.246971928,57.353098696,63.168285555,0.291760044,0.152888581,-0.171565240,0.848435693,-0.977670997,-0.859640903,-0.059714625,-0.970769855,0.882953030,0.777180127
1905,4.346646792,246.305473433,19.073576114,42.277472000,234.707772685,33.858096123,328.189023819,274.153701931,95.392360595,79.776497813,0.980569752,0.911581964,-0.824704119,-0.804596421,-0.783215133,0.499209371,-0.589743310,-0.974692155,0.986362360,0.900324276
1911,280.311273969,293.180457065,296.354749235,289.039746054,248.620524487,219.657809117,29.693016668,294.434398452,110.444937752,86.659033751,-0.023735104,-0.431033070,-0.822177223,-0.180098671,-0.568168598,-0.873652998,0.936851040,0.252724874,-0.174510630,0.201594326
1891,288.107046072,260.815980143,298.985932918,248.492383397,346.896991695,316.189626697,167.054945491,211.073483182,64.347007764,66.198221924,0.125533239,-0.812199504,-0.609945845,0.824195312,0.682515548,0.446215802,-0.849657824,-0.966472733,0.691018958,0.620640693
1907,65.557820232,251.747931369,70.084840312,36.488831295,288.481558046,101.935825774,355.965828425,282.076907696,101.003884135,82.829997613,0.569036933,-0.191986394,-0.231076403,0.674966099,-0.587701884,0.595068168,-0.932335880,-0.574533989,0.571534352,0.262143619
1910,252.744105460,295.164891381,265.406220631,254.984152491,229.803746909,214.910429345,30.372875224,292.977071813,111.119357308,87.189887488,-0.478374829,-0.488515274,-0.395332242,-0.051414854,-0.467617351,-0.621367316,0.669375557,0.647573605,-0.612272593,-0.260477126
1909,135.663563012,50.847031785,140.398427100,162.925310553,5.410868305,166.417555879,23.216488503,288.030089902,107.917859406,86.464828600,-0.524531978,0.593036455,-0.005162935,-0.651207566,-0.420938293,0.490059342,-0.917229216,0.467115049,-0.458280653,-0.742075656
1904,312.574411711,148.795133387,288.365279421,274.144956059,341.119605341,353.867406550,311.834540575,268.397650623,93.581577694,78.838709408,0.507661427,0.254170671,0.624861558,0.796897453,0.379390320,0.645680454,-0.016230350,-0.678205628,0.622359413,0.746908786
1908,60.300972211,314.325066319,76.042184461,102.770805480,89.496462388,127.493517593,7.175597175,286.534816352,103.002566901,83.718233888,0.659135220,0.135290254,-0.657965235,-0.937988669,0.520984589,0.905153591,-0.795039059,-0.698759343,0.667858319,0.357303975
1894,140.037916970,279.247942839,121.706560827,112.192459565,27.544839247,88.831287636,200.597228060,221.503856471,75.446452258,71.630090866,-0.619598805,0.135802548,0.934466088,0.629230801,-0.496106843,-0.725588198,0.865186282,0.965430486,-0.879955401,-0.885087192
1893,290.791162432,209.561645168,269.809506846,263.469806785,9.047356159,16.714842073,192.706009773,220.213130107,68.879632123,68.120771677,0.183731705,0.303824938,0.521780297,0.581928799,0.852891536,0.981026837,-0.983437632,-0.932709384,0.666265131,0.628711093
1910,62.601006794,247.497382061,64.168517320,18.929466458,104.169803817,184.714026587,30.868478740,294.985644508,107.401620582,85.808665908,0.608947073,-0.297255643,-0.073290290,0.949137884,0.651664640,0.806719947,-0.521249460,-0.765339537,0.692100318,0.352436710
1905,138.158598721,274.551188440,163.061729020,95.738364089,234.538137488,63.332142095,330.402153251,270.586215753,99.364229148,82.423962489,-0.596760427,0.490726961,-0.466781884,0.910545164,0.561819995,-0.900388133,-0.213445232,0.732427336,-0.613940005,-0.802481207
1918,45.988232335,2.049280948,30.743897376,0.535181936,164.654598796,74.859170312,128.307091135,327.442426933,124.440367519,93.900558575,0.812225662,-0.281586402,0.275964911,0.971101734,0.677299913,0.493660191,0.987193426,-0.948109439,0.959371261,0.680916289
1908,279.899314306,249.262735668,272.412307829,306.640263817,353.333992762,132.010141382,351.919098433,282.651102625,103.579843512,83.476425178,-0.015532352,-0.761545655,0.130329198,-0.546096020,0.784668932,-0.505620996,0.943909457,0.057659309,-0.062687029,0.247854668
1879,313.121996481,74.364532016,293.346057668,327.085988879,267.990377999,318.014161352,359.629680751,152.993685026,37.083181506,54.511689307,0.497491976,-0.728268892,0.379644702,-0.284254356,-0.683202499,0.073956390,0.719739587,-0.349635192,0.992592772,0.915577236
1908,292.641704453,64.945195942,292.467960319,322.139908705,2.120324598,130.632703384,352.829056871,283.395833842,103.227357547,83.253508051,0.171631198,0.507906762,-0.118260892,-0.599126003,0.794528799,-0.288193826,0.860131873,-0.147775015,0.161869852,0.445646985
1906,124.477443598,210.044764273,146.005940994,164.451249622,120.591683963,89.496629741,344.221632194,275.377542331,101.055774630,83.198066872,-0.402711528,-0.418584110,-0.387571235,-0.901863165,0.004489004,-0.527750416,-0.637363113,0.486691870,-0.389671073,-0.646031401
1909,125.313862725,256.674559231,118.076278852,149.789705289,2.675748221,164.314603621,23.181886128,288.420220844,107.542155009,86.271567201,-0.410500097,-0.871718797,0.462156852,-0.597585323,-0.477890807,0.604593066,-0.969703265,0.297457656,-0.301008567,-0.621375833
1918,59.334245465,186.225954812,34.696587623,15.484175744,167.448065262,77.917018876,129.129490179,327.656744523,124.655820330,94.166416995,0.631982452,-0.103673063,0.555390416,0.950169849,0.721960715,0.334151194,0.934241871,-0.966719096,0.888671756,0.516769190
1895,149.991117232,190.375853106,155.540302481,183.388659510,166.002729342,117.549074283,212.524403581,226.232268146,77.836875248,72.690496472,-0.741155349,0.668499799,-0.003171663,-0.744476403,0.180849984,-0.502125709,0.881889459,0.950125338,-0.929090980,-0.930305098
1904,77.827991042,19.619085318,54.302348125,69.837717095,75.352294485,22.754645721,320.950879671,268.389739102,94.969558565,80.131658236,0.405208753,-0.638989239,0.650688812,0.197213485,0.104073601,-0.766601518,-0.890878357,-0.174030584,0.293681805,0.021457127
1892,179.070751915,185.484231839,165.784270962,133.044936837,309.167661341,22.588379123,182.754534842,214.170764560,71.296001336,69.796192266,-0.950897224,0.346060207,0.767563292,0.936021814,0.482349588,-0.362705476,0.064923058,0.557238356,-0.927386968,-0.895393283
1902,320.165067299,335.793465697,335.471012501,328.455113937,330.668085351,300.700126625,292.325773603,260.407434039,88.902350606,76.750977268,0.602664057,-0.521472666,-0.856397716,-0.152547513,0.141468011,-0.337960475,-0.468849252,-0.844977704,0.772347995,0.831402956
1933,105.075495792,287.809107421,130.241744029,125.655606436,180.420133430,167.923843541,315.059618093,27.143647347,158.047945578,112.778844145,-0.057306260,0.332442526,-0.504483178,-0.511172874,0.686602021,0.856203544,-0.499540906,-0.951333965,0.772232548,0.087906486
1920,182.272754437,333.188630211,195.055345522,204.891289921,253.809588672,156.292951817,167.223641740,332.585159325,133.040877144,98.881245709,-0.964966506,-0.651185130,-0.184575913,-0.524987694,0.528220606,-0.425867044,-0.255709361,0.502961836,-0.752028814,-0.980863237
1897,218.479434243,295.941635776,213.730239225,192.788335211,224.760377119,180.778609390,240.438131345,238.060339902,82.195286842,74.342557750,-0.880121171,0.784098767,0.273808619,0.551167420,-0.055976975,-0.607402517,0.370463622,0.327982669,-0.673450122,-0.565072116
1897,189.547677161,269.958210578,173.713837926,157.057477307,204.829997039,174.841300516,237.416134110,236.492990031,82.537677035,74.666024174,-0.989289081,0.499074263,0.894896282,0.697820763,0.088908619,-0.257029488,0.736468660,0.716272883,-0.934407890,-0.868371381
1908,142.298817326,9.805340367,136.971668052,101.214549222,144.473126849,143.981345767,9.696914009,283.501587588,105.985798367,85.542202846,-0.619214380,0.793133026,0.404197777,0.877017409,0.035247565,0.033487397,-0.731495822,0.625944019,-0.582102933,-0.816070226
1921,116.138193099,289.321842572,101.149301088,71.393967982,110.210027475,166.142883090,170.802177968,339.168835006,132.827074169,98.886968430,-0.248606095,0.212700687,0.574033916,0.962952941,0.000287124,0.736778965,0.811095640,-0.654357454,0.274908233,-0.315433849
1910,19.213039408,20.205216351,23.628371293,333.781971775,76.435722186,188.413099297,25.339652797,295.052987161,106.580825869,85.025923851,0.957470890,-0.121709017,-0.341889277,0.955436717,0.833858095,0.166051292,0.105826379,-0.965396027,0.982506827,0.846084645
1894,207.630765375,107.693403687,231.920937272,197.477806007,27.481754616,96.313596664,207.988145444,224.553267957,75.530383256,71.505683598,-0.905309113,-0.113261724,-0.654227769,0.216000132,0.128895996,-0.876180903,0.006565290,0.281546138,-0.721865755,-0.662421399
1900,25.505638078,215.725692673,359.269751995,70.494670703,6.047009872,250.304793046,275.034977139,252.121699214,84.684266777,75.096134455,0.943641093,-0.438607183,0.490328998,-0.957281930,-0.134037829,-0.711071655,-0.935163469,-0.711314687,0.849759136,0.705793455
1892,355.015630628,192.258386287,3.559288004,35.753237017,270.853942751,359.555217491,176.916974764,215.556654311,66.481566751,66.981478686,0.937158427,0.089477956,-0.542595979,-0.846197119,-0.910692054,0.088534460,-0.031601596,-0.645875060,0.942259099,0.886430216
1904,2.955291869,81.758573134,0.079664989,335.335843378,19.740095673,5.494793794,317.426792247,269.901221579,93.163223908,78.761316169,0.936653607,-0.704451417,-0.076092377,0.617041918,0.328882518,0.057182138,-0.714042651,-0.974668689,0.987479648,0.902317636
1903,41.309246208,112.727872431,60.533060740,77.399634851,177.729501549,345.890639362,309.072727807,265.209962579,91.606143564,78.314291311,0.817915515,0.212380951,-0.825288928,-0.809808327,0.488245854,-0.786939197,-0.998181711,-0.675589441,0.760787050,0.554194284
1911,311.398814225,334.892392686,286.159529941,327.343985655,270.349025887,223.352367055,30.529769877,296.224448762,109.599653567,86.150616099,0.473453124,-0.513092109,0.609150070,-0.325588449,-0.636456815,-0.998295486,0.975290740,-0.244492932,0.364330491,0.653156464
1907,250.767403463,232.400350061,230.766768840,270.969182049,333.363797006,133.595067729,350.755261671,281.006205506,104.327319339,84.031526203,-0.488379473,-0.716431266,0.791349964,-0.428489607,0.739534471,-0.853523409,0.977190049,0.505273825,-0.543561137,-0.238779624
1900,175.703664064,123.694546312,180.276189236,129.689381203,115.436235219,244.871564837,268.654272685,248.900916385,89.211197238,77.698252899,-0.918346787,0.560739813,0.045653490,0.938728351,-0.616715879,0.877276862,0.991971873,0.942485290,-0.977209025,-0.951183213
1906,357.769165849,290.416161106,16.113633022,5.878918625,31.307768743,61.408003716,338.126158282,278.223123203,97.605586572,80.745992526,0.960910681,0.583451146,-0.948625854,-0.159433192,0.553892256,0.893283415,-0.336765891,-0.957628935,0.971639936,0.923553930
1901,70.030794667,237.058535609,88.755993375,78.364297424,158.247898220,281.566404088,285.390264879,255.110250782,88.230237903,77.004577038,0.496604151,-0.295309012,-0.669676908,-0.201635538,0.789187650,-0.527513804,-0.578815935,-0.083684850,0.311787899,0.100008914
1909,109.995920012,55.924176905,89.752033592,130.233074455,356.580405955,161.430216539,22.763373618,289.052801493,106.955051868,85.939980844,-0.128203874,0.410450402,0.827477072,-0.502883468,-0.545131392,0.754620481,-0.991334632,0.027666500,-0.052372583,-0.409634167
1910,102.720123882,86.196567366,87.226210060,66.832180409,130.309811864,186.261715799,34.893593649,293.680346416,108.815360382,86.792428721,-0.015127615,0.308342360,0.708139001,0.808410724,0.429031900,0.948881899,-0.918239330,-0.174375176,0.103563497,-0.283973427
1893,205.050785834,297.596370497,222.801571092,247.019715644,190.249906477,60.139738176,196.947663362,220.065323343,73.285602842,70.548419032,-0.962004620,-0.535370862,-0.363429895,-0.863881767,-0.321001231,-0.525474625,-0.140006202,0.248042792,-0.724519717,-0.679376313
1909,290.507005413,163.276539116,301.627527261,264.250229246,240.793880162,164.299922106,4.491302322,287.207969248,105.580801491,84.344485315,0.170538557,0.045560040,-0.507264171,0.560689721,-0.779272313,-0.789158376,0.953433172,-0.044908393,0.084093352,0.397179864
1921,166.537852151,263.901680848,181.134140647,130.422997606,143.888029993,176.517519981,176.552154159,337.288316684,134.710306320,99.878809292,-0.898547914,0.666666512,-0.228826295,0.779512976,-0.320751676,0.157361322,0.173716793,0.174557796,-0.526823574,-0.910498765
1922,16.564187751,131.735030155,359.552061393,30.637628195,260.109746034,193.669243407,183.287928286,341.631050510,133.254878094,97.985706073,0.942668281,-0.628497414,0.338817336,-0.304914818,-0.849182607,0.031903167,0.229289568,-0.547051350,0.871240160,0.913661242
1899,183.983058108,101.784805748,180.861626595,186.918419054,214.147034565,220.782071352,258.141847620,244.865782075,87.026738483,76.683721998,-0.941363159,0.565165180,0.302671860,-0.087276600,0.260518730,0.555427440,0.955732626,0.859186101,-0.971257100,-0.916180874
1899,335.843155604,145.246501172,333.296835257,289.589743816,109.460480651,220.207388395,262.582059721,247.912509485,81.986758951,73.710481539,0.785598449,-0.288687527,-0.105324329,0.942022413,0.706643146,-0.901712433,-0.955667077,-0.980084646,0.950354067,0.921888624
1888,67.637933291,289.504389178,86.391291290,55.614376939,192.195954779,240.681887364,122.483202418,193.340464048,60.075054587,64.566731787,0.547787909,0.895384149,-0.681762136,0.296653322,0.542405587,0.088629359,0.813779180,0.784564617,-0.117836287,-0.054444398
1917,61.328811232,85.379189056,52.040373678,68.411127741,43.470001579,51.464837917,116.518519693,323.704025992,122.522879444,93.125462838,0.616655852,0.629615346,0.181968580,-0.165439907,-0.077107685,-0.137682736,0.818200541,-0.959190877,0.858048613,0.475693917
1900,331.341540766,215.114220285,340.062617908,8.235502491,323.292639462,248.973602568,272.840977439,252.198144512,84.259204364,74.704490119,0.763562601,-0.587834535,-0.527006577,-0.752068644,-0.103122125,-0.990400038,-0.851685693,-0.962321586,0.911177141,0.905291514
1910,158.577369816,136.500747621,185.598170467,136.692358175,167.089643925,195.033962160,36.425313269,291.621561312,110.804169586,87.817709338,-0.804163113,0.525302279,-0.530833894,0.490996320,0.072308612,0.558456193,-0.839528883,0.730802055,-0.730002728,-0.922008644
1854,163.798113180,342.186733159,158.510615050,139.285004190,216.525556499,287.777670528,75.458134678,46.581166118,344.568016020,33.531817346,-0.866647276,0.469481145,0.409680090,0.546206346,0.464338797,0.780154842,-0.988142777,-0.869060343,0.000583564,-0.678140725
1898,48.241946751,264.462813721,36.838343444,68.820422865,7.713685215,180.868045143,250.521757576,242.111435159,80.985239782,73.602152382,0.785604645,0.242953265,0.192636049,-0.479255231,-0.342175581,0.700552840,-0.379217992,-0.235583703,0.538093293,0.391824191
1908,289.871977416,30.818210200,288.011866228,318.775537638,0.209301109,130.957597974,352.612894302,283.234706633,103.303402811,83.299779261,0.119972381,0.803105078,-0.060907736,-0.587818746,0.792883255,-0.337696656,0.881432690,-0.103614172,0.113608991,0.404597948
1879,175.001054391,203.298325070,160.606689033,184.035312679,56.445240220,335.478170370,13.680204244,155.912098729,41.773354099,57.337420272,-0.942193549,-0.047568452,0.830247749,-0.230357692,-0.477457376,0.322498466,-0.317839217,-0.337445404,-0.701853206,-0.821771188
1897,238.261571674,181.530233182,245.137806215,217.282599811,238.628699134,184.304761189,242.726270078,239.258734137,81.754854247,74.009598888,-0.638590537,-0.954392496,-0.150902556,0.450885965,-0.139964201,-0.800339261,0.076288515,0.016744693,-0.386363802,-0.269078713
1909,278.262234552,143.682939806,293.527849804,321.822145129,17.123578442,193.152516174,16.479926479,290.414831445,108.211920731,85.628197407,-0.036707844,0.753978306,-0.633759944,-0.857107057,0.883294004,-0.986404197,0.981758786,0.219238311,-0.171019773,0.185260250
1879,246.538316409,68.995860533,265.970553315,199.862928656,45.048737288,334.413147089,9.123196213,158.896136570,39.958459375,56.237468185,-0.547421278,-0.124020035,-0.797497843,0.925800764,0.429206118,0.963068524,0.836033873,-0.996909088,0.454459468,0.168886019
1878,148.335164571,63.033948141,174.141174302,121.517209235,157.555475871,299.016230403,1.753455351,149.746402929,39.801452380,56.469816948,-0.690890648,-0.763105993,-0.498991965,0.603835015,0.104895398,0.455591266,-0.547731982,0.008399373,-0.917350260,-0.926382679
1917,118.408541959,147.607386201,128.535270119,141.549012955,85.706060676,64.295089664,123.417470820,322.669657098,124.376334475,94.539699968,-0.291028615,0.056289965,-0.229339428,-0.568994653,-0.284292347,-0.751968727,0.090011505,-0.388454998,0.097589504,-0.414775312
1910,101.786238968,71.961183226,85.446065441,65.686491638,129.697857851,186.170831863,34.822165238,293.718610072,108.779109735,86.769737326,0.005389594,0.109448738,0.726998933,0.812901299,0.434768775,0.950385924,-0.912435718,-0.190790232,0.118962058,-0.269287223
1918,84.121066943,169.001571138,71.226974547,44.658994764,176.562937373,83.832218880,131.357471398,327.642655776,125.291338010,94.757225604,0.268769642,0.254012338,0.539578103,0.877381793,0.723470758,0.021133263,0.731564633,-0.864107231,0.642341721,0.147273888
1897,101.508541669,137.702711422,87.174479553,55.959985181,146.751690232,156.394154230,234.613240863,235.369403843,80.834129255,73.884003997,-0.021946207,-0.552984138,0.667930049,0.980839514,0.592239647,0.791803038,0.725108520,0.706903092,-0.341197781,-0.450288313
1910,131.845724644,130.382235972,148.235680529,103.005529311,149.453918849,190.138912301,36.404254836,292.478842102,109.931107892,87.428918027,-0.489015583,0.601872191,-0.335075187,0.654354570,0.246069139,0.808877453,-0.987079531,0.338500845,-0.368509359,-0.689376690
1905,330.740032595,154.211476541,316.690665322,17.301122665,226.454173196,26.953170385,324.341120285,273.279223994,95.543686647,79.721803803,0.737257376,-0.266569267,0.207099789,-0.921998153,-0.967184917,0.823431066,-0.114060771,-0.820551353,0.810454956,0.878716284
1903,105.392081083,274.692928221,87.032701425,150.879698206,194.509643931,353.260677539,307.530106194,262.742426739,93.888233210,79.802941586,-0.072848840,0.216351471,0.790782911,-0.997267477,0.659862641,-0.880754952,-0.378203610,0.383260610,-0.192352617,-0.425576667
1909,210.357332407,327.434870505,192.816132585,253.962745438,355.447960241,182.585317391,18.919561372,287.432920047,109.345982988,86.760595359,-0.934413249,-0.816513943,0.957441511,-0.886600576,0.482438398,-0.466454167,0.196607020,0.969345159,-0.966338856,-0.814342359
1902,260.877625656,61.696360284,261.604770279,264.447778748,177.085565548,314.700790297,295.778376995,261.448846291,92.626424269,78.638767373,-0.346490734,-0.526638208,-0.047130406,-0.077169249,-0.937414963,0.769735663,0.566139068,0.014316252,-0.196013558,0.021098424
1897,213.061630998,216.212871028,204.685553357,186.082972840,220.997999081,179.725133768,239.832903470,237.743521482,82.290343761,74.420566028,-0.898110391,-0.264810840,0.430718838,0.579386360,-0.029845779,-0.546531652,0.447104752,0.409370413,-0.739109661,-0.636221853
1920,166.526723482,126.619318508,166.957566237,185.004974126,243.022109307,152.891715761,165.213828774,333.166048399,132.568808745,98.747006799,-0.862194303,0.095126596,0.183856314,-0.446310497,0.545942209,-0.227700036,-0.020224501,0.243066206,-0.556516705,-0.916664595
1920,162.641378452,69.326056457,159.317141476,180.068948911,240.444606419,152.029598540,164.711044953,333.321470515,132.439016596,98.699192028,-0.824695851,-0.350373778,0.328247736,-0.425323854,0.550092068,-0.177025647,0.038541258,0.174883928,-0.501550300,-0.890076821
1908,168.244163636,0.934920033,185.824269483,122.306443912,161.556476116,149.794062664,8.169912530,282.985621005,106.694429106,85.809217401,-0.886580347,0.460217794,-0.298241082,0.942435337,-0.139041478,-0.304645405,-0.339292484,0.902688556,-0.864603447,-0.963407536
1908,321.590956558,80.068117243,339.535827021,357.079406806,22.070246378,126.924032409,355.595810252,284.983573310,102.517971693,82.878312822,0.606438995,0.493682368,-0.975666051,-0.720317726,0.795598590,0.258667911,0.553658438,-0.575617986,0.621004184,0.791351737
1893,248.765129247,162.704879341,239.332850929,295.908591447,218.891447916,54.735949548,201.816756138,222.735337931,72.240637127,69.818092446,-0.494993848,0.838304029,0.481713166,-0.918302748,-0.558890552,0.261558147,-0.726028860,-0.436197431,-0.051215694,-0.026695111
1908,81.398167899,238.249757397,104.666649848,111.792765791,103.760575138,130.979263980,8.885380962,285.873219788,103.712559188,84.226075112,0.322854296,-0.785571336,-0.556763285,-0.703807867,0.411036471,0.747588178,-0.947469127,-0.395827396,0.373630596,0.025816327
1897,327.074994840,121.951412698,300.711593561,13.700194050,76.499964251,156.328119481,240.345265611,238.925301870,77.526465416,71.757991996,0.687917568,-0.792000908,0.563690251,-0.920214779,0.931571479,-0.157104573,-0.994809224,-0.982493444,0.928160731,0.900050305
1904,71.888678278,305.390944936,49.552952488,62.227204134,71.055613387,21.578060798,321.002463312,268.633060932,94.750044597,79.986859735,0.494171393,0.447939406,0.552704650,0.239532323,0.129655480,-0.718231815,-0.932518004,-0.276819596,0.385760847,0.116905927
1898,134.626958359,20.040268561,161.904077441,176.197820454,72.947369406,187.046987521,245.655086834,239.502937630,84.086893109,75.453319313,-0.515286867,0.923807472,-0.513197329,-0.920827478,-0.493238623,0.753261183,0.926594626,0.948462427,-0.753271706,-0.823883348
1903,95.044890063,132.689028671,73.193725653,140.051659311,189.558231686,352.884214435,308.190686646,263.157856259,93.486603176,79.563741809,0.092314925,0.474028345,0.715918676,-0.994095664,0.675587433,-0.930986506,-0.547502275,0.207772022,-0.023132412,-0.269548241
1910,98.190411763,17.583897902,79.060681808,61.284752363,127.342881773,185.843271865,34.535368272,293.864182413,108.640265674,86.681760159,0.077020024,-0.437880257,0.766664509,0.829738047,0.456380146,0.954045031,-0.888164315,-0.253197813,0.177791939,-0.212293130
1883,270.422138484,193.921048038,284.909296034,293.344686448,141.938684193,122.984968711,64.822481171,178.089645327,48.658421666,59.690398734,-0.158167499,0.382941107,-0.558039157,-0.473785845,-0.656744798,-0.507441775,0.430061369,-0.995691406,0.667526179,0.475337766
1907,66.649950222,268.918041913,72.559051114,37.857462854,288.587305087,102.165684768,356.041380901,282.042775618,101.039975606,82.855951611,0.559997561,0.124428654,-0.285468491,0.669594695,-0.577506362,0.583332395,-0.938310394,-0.559011350,0.556769948,0.245318820
1910,8.575555596,235.435193276,1.694446494,325.268951106,69.762254277,189.793120344,23.982507990,294.821710225,106.537807498,84.923205317,0.981024725,-0.236670715,0.063613714,0.916117323,0.865044383,-0.037418415,0.263667800,-0.930551348,0.973354723,0.902133207
1868,44.981791876,205.851578636,33.639487782,90.379928401,17.846242493,3.253757521,243.715975978,99.844973668,15.885918712,45.559034305,0.795244360,0.504710599,0.316565073,-0.984035812,-0.196644665,-0.626477505,-0.321507233,0.793533878,-0.461999470,0.020847154
1908,149.398493534,105.774936847,151.756305977,105.966655991,149.164274386,145.592221562,9.366483299,283.309528674,106.207439188,85.639195758,-0.706040436,0.396694920,0.103073668,0.911844189,-0.012207553,-0.060092743,-0.638948717,0.718590287,-0.673291414,-0.874231958
1906,298.484110661,229.412145990,278.928836818,292.244418302,347.481390023,56.468776072,331.148854276,275.776012123,98.482474469,81.072483421,0.308735335,-0.081518271,0.429111239,0.145887343,0.605335688,0.880860121,0.534526686,-0.370749270,0.338449047,0.557510895
1891,239.841979787,139.329308782,253.900127598,256.318356197,199.958873109,338.741952079,178.135569825,213.478124229,67.862398722,68.005942607,-0.619284184,0.657150552,-0.385464079,-0.357885326,-0.670073191,0.954482145,-0.873271685,-0.443962713,-0.127469008,-0.140739829
1904,341.750883592,170.601757159,322.676593007,309.299847856,3.556974327,0.389549513,315.213161474,269.500555633,93.176710376,78.681290970,0.845289879,0.364436294,0.323107652,0.699574030,0.357915072,0.320524395,-0.448022111,-0.928970500,0.919057095,0.923764162
1893,104.410238257,6.930054681,130.259861793,121.914922585,123.910325852,53.345396268,186.681871042,216.659347914,72.262287416,70.104438855,-0.032384139,-0.722095287,-0.563367029,-0.438596633,0.333564536,-0.719785303,0.984927014,0.901811370,-0.513900722,-0.538640300
1920,349.342689574,231.750949942,4.655366352,319.658536097,218.953324592,129.070655583,157.406150440,332.675370375,129.169015826,95.687844521,0.915834581,0.407881446,-0.810176799,0.651032637,-0.784326352,0.638417298,0.207739537,-0.265654041,0.627968105,0.886772373
1899,127.974201472,60.948866695,152.652303171,115.238485812,176.593865884,211.977033561,257.427198846,244.056859108,86.067318300,76.328823581,-0.415619195,0.717006034,-0.455973775,0.292397641,0.535739825,0.940077917,0.766021991,0.882696811,-0.651420581,-0.754850901
1920,49.971878442,316.944793801,33.580738612,35.457907641,204.177816253,130.135053579,154.828322879,335.310234316,128.873137099,96.173493411,0.780089901,-0.694350731,0.462118078,0.356491915,0.222468717,0.965907580,0.961903042,-0.931927911,0.959026825,0.659839266
1903,183.647471483,267.007728500,195.168727273,168.189754767,243.730591150,346.283591590,302.776123075,261.936636838,95.911669648,80.697195692,-0.980599778,0.566516313,-0.253395730,0.315148206,0.479920906,0.293843997,0.866241050,0.967010296,-0.979485543,-0.940026647
1920,358.184682614,340.844545890,0.523946899,330.546155462,219.000991579,128.506267437,156.742160744,333.160532223,129.007527788,95.669984559,0.948771796,-0.723753494,-0.278255570,0.615205745,-0.689853553,0.751690478,0.365757406,-0.399982738,0.738398257,0.917916598
1906,193.404798655,70.132426368,203.037737551,238.513557140,165.831940776,100.253587607,339.375100657,274.734776534,102.627967945,83.738688304,-0.949090601,0.040688225,-0.112162685,-0.928162535,-0.446712417,-0.941808504,0.553290224,0.979781242,-0.982032601,-0.913459147
1910,162.576847365,189.263054543,188.676517667,141.751205366,169.731588170,195.839616083,36.314074189,291.532336302,110.912248286,87.854576783,-0.856780683,0.484130655,-0.534798649,0.465118533,0.045737743,0.513531524,-0.799351061,0.777011240,-0.773419006,-0.941622558
1909,81.043701774,12.185380311,84.476466686,93.089345393,340.742297179,157.066107320,20.881751154,290.206677609,105.852020899,85.233271107,0.357027795,0.003501692,-0.049812408,-0.297837996,-0.641479427,0.939314841,-0.860945262,-0.467281108,0.412824057,0.048014416
1891,92.996786374,307.989603066,78.817191809,69.995976606,103.910687480,347.750119088,161.876439067,207.346746881,67.517148585,67.962564555,0.151091773,-0.198872579,0.624306061,0.543717272,0.251455607,-0.920868985,0.927529694,0.884693630,-0.412411094,-0.403956518
1920,115.367710070,149.879930918,129.406458577,119.374735871,213.181482389,141.443829909,158.927071282,335.116919391,130.665033258,97.755565470,-0.244399119,0.813943119,-0.219599510,-0.115005800,0.601006350,0.431853461,0.686484724,-0.612580449,0.252708597,-0.320564288
1909,111.009533606,70.373866172,91.161223875,131.530276934,357.046673507,161.610922945,22.804361956,289.010035537,106.994523093,85.963296748,-0.148680548,0.465270207,0.833360211,-0.509516601,-0.541324532,0.745692144,-0.992081845,0.045839930,-0.069141778,-0.424684794
1888,197.660949744,265.824906499,222.648006170,221.875478958,260.599224102,244.731116421,138.035287115,197.640295797,61.982655528,65.754083692,-0.986110048,0.606077081,-0.623962422,-0.545165426,0.496163378,0.681263700,-0.854083667,-0.012377785,-0.675804928,-0.702008612
1908,212.121281545,219.770957904,218.290319737,170.019208986,190.108414441,158.418692784,4.841643455,283.409131333,107.108236558,85.685003850,-0.908779882,-0.528750877,-0.145935369,0.861522303,-0.423139855,-0.784960950,0.454073900,0.941988260,-0.950789593,-0.786571993
1876,51.653696086,272.334029736,71.214469135,96.901680748,80.533648971,237.853190032,336.984407676,136.014951130,33.472028540,53.081488520,0.748399198,0.062367789,-0.776577470,-0.984857488,0.523376838,-0.132775450,-0.960302862,0.961235197,-0.291157423,0.028688008
1898,143.620758248,133.312943633,169.528955603,186.769356822,79.082406651,188.677168985,245.689684203,239.535091078,84.312353006,75.562921246,-0.651219646,-0.382439804,-0.492576775,-0.938662501,-0.523956183,0.670817666,0.971638127,0.976848108,-0.840392619,-0.889530466
1903,285.562727505,17.021338005,300.361777785,294.911997513,187.359137100,319.646799980,298.483914639,262.894974135,91.945915951,78.190100489,0.047897493,-0.896453175,-0.650593932,-0.192304814,-0.957876937,0.533849336,0.218855759,-0.374125834,0.236133939,0.419637866
1867,132.952875777,207.013246580,128.394040910,119.256762124,176.759278792,335.112569164,227.618348321,100.672714653,14.992481394,46.088909228,-0.537789816,0.865413012,0.303414108,0.311613877,0.487909523,-0.362219346,0.989580143,-0.534694903,-0.852172114,-0.910643886
1904,239.566918832,49.593294324,251.820542064,274.394819107,181.185016616,21.188264450,315.316484718,268.355962697,97.721392453,81.096620035,-0.647003278,-0.550237040,-0.322721142,-0.714680599,-0.822663662,0.618937263,0.961061132,0.479618098,-0.604599522,-0.365384870
1889,52.796675731,206.850683500,71.535484346,34.295365314,62.478638447,277.739803078,134.164891327,198.621845891,61.655504140,65.149556080,0.712178237,-0.733911628,-0.760722192,0.435356915,0.273495188,-0.706301660,0.983296744,0.540063991,0.162265858,0.195504249
1898,57.803601304,38.138736668,36.329193837,80.906650044,15.275717633,180.459687450,249.839191305,241.706455983,81.319023512,73.817878938,0.672153871,0.430692733,0.460290615,-0.545014162,-0.347021876,0.804268386,-0.209578088,-0.067093020,0.398772530,0.248002900
1906,339.880796001,47.798594896,347.357932598,343.545707086,18.197622629,58.896277820,335.977799122,277.713639509,97.697113434,80.714863061,0.806036756,0.006992242,-0.484477692,-0.060211704,0.581436208,0.975981102,-0.070871007,-0.860615431,0.872663978,0.913647297
1918,56.648095448,153.001098840,32.807746068,12.422293502,166.744028023,77.291242907,128.940530710,327.625938701,124.604740301,94.109296005,0.660438191,0.413742383,0.516338688,0.955096185,0.716493768,0.366896644,0.948492751,-0.967224402,0.906792363,0.552244036
1892,219.533993895,354.987891002,234.129011060,177.841799886,325.670470692,17.357110332,187.659727096,216.621675080,70.696232357,69.350025862,-0.867376362,-0.821719071,-0.318048484,0.852831553,0.682737566,0.383154178,-0.523900694,-0.057289106,-0.499074154,-0.474809780
1871,290.089474065,155.075510476,304.347876427,298.082777475,183.563560236,77.935177598,273.137790857,114.735163356,19.057751028,47.044661635,0.174428385,-0.518891020,-0.772546922,-0.160716146,-0.924095081,0.541434846,-0.292973180,-0.092386207,0.998255653,0.833382495
1899,280.740053096,147.664706535,261.626382899,243.898247328,125.226730472,216.039707646,257.720046703,245.957891702,82.903110038,74.233552922,0.008237850,-0.330783012,0.697102115,0.774714935,-0.299734099,-0.903933144,-0.391328966,-0.559203331,0.306739754,0.407521527
1903,134.749207190,316.084035470,147.765093376,175.635274701,211.063447691,352.278399050,305.314970792,261.859879996,94.930881214,80.368265994,-0.532722008,-0.161220087,-0.249011021,-0.893713803,0.594228424,-0.576484856,0.159532684,0.787995011,-0.625948240,-0.786557324
1919,54.927127164,254.916897339,31.104807012,94.711188634,53.202609919,103.590561092,141.821081325,331.525050188,126.756692649,95.167674750,0.710097092,-0.295448100,0.595576414,-0.892805928,0.123388446,0.747259495,0.993722111,-0.960323171,0.928758257,0.587731192
1898,177.527814186,233.523570812,159.773025886,223.967011589,100.347608265,195.594503852,247.036080424,240.307023998,84.778529303,75.710532439,-0.959911989,-0.353350378,0.989235866,-0.959411881,-0.641376916,0.281961973,0.930691979,0.873248439,-0.977048841,-0.937637148
1917,108.745723592,20.776258843,107.519274638,129.203106883,78.788995369,62.380629089,122.120667453,323.003819228,124.006024766,94.303138417,-0.098469614,0.691130675,0.155909485,-0.507732469,-0.239953450,-0.668042056,0.233384985,-0.538209485,0.254809202,-0.265781181
1898,280.863238108,26.587714908,292.522981402,269.893019162,269.269160219,189.441712240,247.543398408,241.709139601,80.601919668,73.230631175,-0.024645599,0.572032628,-0.628759237,0.240500716,-0.275284405,-0.988490786,-0.549039999,-0.620714602,0.347173495,0.425005862
