1848,10,4,8,50,40,48N50,2E20
1831,2,16,11,40,40,45N46,4E50
1808,11,4,11,40,40,45N46,4E50
1908,4,4,15,50,40,48N50,2E11
1943,10,31,0,0,0,36N56,14E37
1943,12,15,13,0,0,46N40,5E33
1832,9,18,12,41,4,49N46,4E44
1845,5,15,22,20,40,48N50,2E20
1925,5,15,22,15,0,47N38,6E52
1805,10,20,10,54,16,43N37,1E26
1847,2,23,18,55,40,49N26,1E 5
1865,12,31,6,55,40,49N26,1E 5
1893,3,14,14,20,40,46N35,0E20
1885,12,22,7,42,32,48N57,4E22
1889,12,3,10,40,40,43N57,4E50
1929,10,1,15,0,0,46N40,5E33
1929,4,1,19,0,0,44N50,0W34
1802,6,22,22,50,40,48N50,2E20
1932,8,14,15,40,0,48N50,2E11
1907,1,23,20,50,40,43N18,5E22
1842,11,16,15,35,12,48N42,6E12
1917,2,12,1,30,0,49N 7,1W 5
1914,8,5,6,0,0,43N18,5E22
1797,11,25,0,50,40,48N50,2E20
1820,2,24,10,40,40,46N18,4E50
1858,1,31,22,55,0,45N50,1E15
1882,8,22,9,30,56,43N42,7E16
1815,2,15,0,45,40,47N48,3E35
1907,4,9,4,50,40,45N11,5E43
1928,11,22,2,30,0,47N40,2W44
1893,10,11,6,50,40,49N26,1E 5
1898,5,15,2,50,40,48N50,2E11
1881,7,17,17,38,32,43N18,5E22
1819,7,14,20,2,8,47N28,0W32
1933,3,10,5,30,0,47N15,6E 2
1917,5,4,12,30,0,45N54,6E 7
1931,6,9,12,30,0,36N30,6E15
1819,9,7,19,35,16,49N 7,6E11
1925,1,19,12,30,0,43N57,4E50
1899,10,23,6,50,40,50N39,3E 5
1831,8,11,20,4,20,49N 7,1W 5
1927,5,20,2,0,0,48N50,2E 8
1919,11,23,21,0,0,45N50,1E15
1922,10,26,17,0,0,42N42,2E55
1911,12,21,3,0,0,43N18,5E22
1930,6,19,13,0,0,45N11,5E43
1927,11,19,4,45,0,43N37,3E53
1922,9,14,11,15,0,50N21,7E35
1821,8,15,9,55,40,49N26,1E 5
1878,9,9,21,51,16,48N50,2E11
1880,3,22,17,57,28,44N12,0E38
1853,1,25,10,3,0,48N 4,0W45
1915,3,1,1,0,0,46N 9,1W10
1911,7,20,13,0,0,43N45,7E25
1872,2,26,2,50,40,48N50,2E20
1911,5,26,5,0,0,45N46,4E50
1848,3,8,5,50,40,48N50,2E20
1927,4,23,2,30,0,49N 1,1E11
1910,9,2,5,50,40,48N42,6E12
1934,9,28,12,15,0,48N50,2E20
1917,5,1,7,0,0,43N42,7E16
1855,4,22,14,40,40,43N57,4E50
1883,4,20,23,31,28,49N11,0W22
1916,3,11,14,0,0,43N37,3E53
1820,6,11,22,39,8,46N12,5E13
1888,9,21,3,54,16,43N37,1E26
1910,9,8,5,50,40,48N50,2E 8
1819,4,14,0,50,40,48N50,2E20
1911,8,25,19,30,0,48N27,1E30
1935,11,18,10,0,0,47N40,2W44
1857,2,16,17,44,28,43N37,3E53
1880,6,8,10,20,40,48N50,2E20
1861,8,31,2,50,40,48N50,2E20
1921,3,4,8,30,0,46N18,4E50
1870,3,25,15,51,16,48N50,2E11
1900,3,3,19,50,40,43N37,3E53
1852,8,13,19,50,40,48N50,2E20
1801,10,13,17,52,24,47N54,1E54
1841,1,28,23,20,40,48N50,2E20
1927,10,24,23,0,0,43N32,6E28
1879,6,16,8,29,0,48N35,7E45
1820,1,8,17,50,40,48N50,2E20
1818,9,5,22,50,40,48N50,2E20
1801,3,13,21,55,40,49N26,1E 5
1833,5,17,11,50,40,48N50,2E20
1938,7,21,13,15,0,48N50,2E11
1889,2,26,3,52,0,49N 0,2E 0
1898,9,21,5,50,40,44N27,1E26
1896,7,21,22,50,40,49N11,0W22
1883,2,9,20,58,40,46N35,0E20
1887,10,4,13,47,40,45N47,3E 5
1880,12,27,5,7,24,47N54,1E54
1910,6,19,5,50,40,36N47,3E 0
1828,12,14,9,42,28,45N26,4E23
1928,1,23,21,30,0,48N42,6E12
1903,2,17,0,50,40,49N26,1E 5
1891,10,24,23,40,40,50N39,3E 5
1919,3,24,4,0,0,43N18,5E22
1891,9,12,7,50,40,43N57,4E50
1892,3,16,10,5,40,48N26,0E 5
1832,4,5,0,50,40,48N50,2E20
1899,3,1,13,50,40,43N57,4E50
1928,7,30,7,0,0,36N47,3E 0
1822,5,9,18,50,40,48N50,2E20
1848,9,14,23,10,24,44N56,4E54
1849,9,24,4,50,40,48N50,2E20
1902,6,24,4,50,40,43N18,5E22
1871,10,20,22,38,32,43N18,5E22
1907,3,22,19,50,40,48N50,2E11
1799,11,7,18,55,40,49N26,1E 5
1841,4,19,9,51,16,48N50,2E11
1914,9,15,20,30,0,46N40,1W25
1840,2,26,8,40,40,43N57,4E50
1884,8,18,13,48,20,42N42,2E55
1868,9,14,3,11,0,48N31,2W45
1847,9,15,7,43,40,48N18,4E 5
1877,2,23,3,55,40,49N26,1E 5
1843,5,23,1,57,28,44N12,0E38
1800,9,4,12,50,40,48N50,2E20
1904,5,11,21,20,40,49N26,1E 5
1866,1,1,15,35,24,47N37,6E 9
1916,4,6,18,30,0,47N13,1W35
1848,6,5,7,51,16,48N50,2E11
1922,6,8,23,40,0,49N 1,1E11
1917,7,27,10,30,0,49N26,1E 5
1864,10,11,21,47,24,46N59,3E 9
1899,8,28,17,5,40,44N27,1E26
1876,1,20,4,57,36,44N50,0W34
1842,11,1,21,35,16,49N 7,6E11
1851,4,1,0,50,40,48N50,2E20
1921,10,22,17,0,0,43N37,3E53
1905,12,22,21,20,40,48N50,2E20
1852,1,6,2,50,40,48N50,2E20
1880,8,19,13,52,24,47N54,1E54
1815,10,23,6,40,40,46N18,4E50
1911,8,23,4,0,0,46N35,0E20
1923,3,8,11,45,0,47N24,0E42
1893,10,26,16,50,40,49N34,3E37
1846,8,28,5,50,40,48N50,2E20
1798,3,5,11,42,32,48N57,4E22
1893,3,12,9,50,40,47N13,1W35
1824,12,2,22,50,40,48N50,2E20
1807,1,29,9,55,16,49N 1,1E11
1851,5,6,0,52,24,47N54,1E54
1837,10,14,1,20,40,48N50,2E20
1879,10,3,17,47,24,46N59,3E 9
1907,11,3,20,50,40,49N 1,1E11
1830,6,6,15,50,40,48N50,2E20
1925,9,23,21,25,0,48N36,2E20
1908,7,2,15,50,40,45N16,1E46
1858,7,1,14,20,40,48N50,2E20
1920,5,16,15,0,0,48N47,2E29
1931,7,1,22,0,0,48N50,2E11
1852,6,22,11,29,0,48N35,7E45
1906,5,16,9,20,40,48N 7,5E 8
1922,11,13,1,0,0,46N34,3E20
1925,1,15,21,45,0,48N50,2E11
1922,1,20,1,0,0,44N50,0W34
1897,2,9,15,50,40,48N50,2E 8
1906,2,24,10,50,40,46N19,0W27
1923,11,29,6,0,0,45N54,6E 7
1897,11,28,6,50,40,48N33,2E40
1909,11,29,1,50,40,48N55,2E30
1893,4,26,19,50,40,44N12,0E38
1924,7,24,13,0,0,45N11,5E43
1901,8,22,9,50,40,45N50,1E15
1838,11,23,16,50,40,48N50,2E20
1840,9,27,1,58,40,46N35,0E20
1870,12,13,20,35,12,48N42,6E12
1824,10,27,7,50,40,48N36,2E20
1888,9,12,1,50,40,48N50,2E20
1870,2,16,6,34,40,46N 9,1W10
1804,12,2,14,39,20,48N46,5E10
1913,3,18,2,30,0,44N56,4E54
1819,5,18,22,50,40,48N50,2E20
1920,5,17,13,0,0,44N50,0W34
1894,5,10,15,50,40,45N11,0E44
1927,3,28,1,0,0,48N50,2E11
1918,8,7,7,0,0,43N18,5E22
1844,4,11,19,15,40,47N48,3E35
1832,12,22,18,50,40,48N50,2E20
1866,9,17,20,15,40,48N36,2E20
1847,12,14,20,45,40,47N48,3E35
1930,7,15,23,30,0,49N34,3E37
1808,11,5,20,48,56,50N18,2E46
1923,7,25,1,30,0,49N 0,2E 0
1879,2,4,9,50,40,48N50,2E20
1841,1,23,12,18,56,50N18,2E46
1848,5,16,20,48,56,50N18,2E46
1866,5,9,21,6,40,48N 7,1W40
1898,12,9,14,50,40,48N47,2E29
1894,3,19,21,5,40,49N26,2E 5
1916,4,5,1,0,0,48N36,2E20
1931,10,21,2,40,0,48N50,2E11
1838,4,23,21,40,40,46N18,4E50
1880,9,23,8,52,24,47N54,1E54
1909,6,28,10,50,40,48N55,2E30
1908,7,12,11,50,40,48N 7,1W40
1902,3,31,17,35,40,48N42,6E12
1893,8,15,10,50,40,48N57,4E22
1924,11,30,11,0,0,50N39,3E 5
1903,7,19,9,20,40,46N19,0W27
1908,3,11,10,20,40,49N 7,1W 5
1871,12,31,5,35,12,48N42,6E12
1893,1,14,5,20,40,48N50,2E 8
1839,1,10,7,39,20,48N46,5E10
1801,1,7,1,49,20,48N33,2E40
1924,1,14,16,0,0,47N40,2W44
1852,5,6,3,50,40,48N50,2E20
1840,5,9,12,53,16,46N49,1E41
1923,10,27,17,0,0,43N42,7E16
1863,5,1,10,50,4,48N47,2E29
1929,6,24,2,0,0,50N39,3E 5
1925,9,11,9,0,0,49N46,4E44
1917,5,1,20,0,0,44N50,0W34
1912,9,10,5,0,0,43N18,0W22
1913,5,24,12,0,0,43N42,7E16
1837,5,7,7,6,20,47N13,1W35
1903,8,19,14,0,40,48N36,2E20
1906,9,24,4,50,40,49N 1,1E11
1808,11,26,17,39,20,48N46,5E10
1911,10,15,2,0,0,48N50,2E11
1923,3,28,3,0,0,42N42,2E55
1920,5,4,23,30,0,48N50,2E 8
1879,5,5,5,35,24,47N37,6E 9
1910,11,12,1,50,40,48N55,2E30
1848,8,29,17,35,16,49N 7,6E11
1865,7,25,15,54,40,47N35,1E20
1871,8,7,14,45,32,49N34,3E37
1798,8,30,3,50,40,48N50,2E20
1898,3,2,9,50,40,48N55,2E30
1841,6,14,0,51,28,48N50,2E 8
1917,12,31,14,0,0,48N50,2E20
1801,1,6,3,50,40,48N50,2E20
1833,6,30,4,50,40,48N50,2E20
1845,2,8,2,50,40,48N50,2E20
1913,4,9,20,30,0,48N50,2E11
1817,2,6,19,48,56,50N18,2E46
1838,9,27,21,50,40,48N50,2E20
1826,3,21,10,50,40,48N50,2E20
1862,6,17,16,50,40,48N50,2E20
1926,10,9,4,0,0,48N50,2E11
1868,4,10,1,42,32,48N57,4E22
1831,9,6,21,54,0,48N27,1E30
1823,12,6,18,50,40,48N50,2E20
1885,9,1,7,20,40,48N50,2E20
1923,3,10,16,0,0,47N40,2W44
1923,7,20,19,0,0,49N 0,2E 0
1904,3,15,22,0,40,50N39,3E 5
1836,11,16,1,50,40,48N50,2E20
1863,9,17,16,45,40,47N48,3E35
1838,7,10,17,40,40,45N46,4E50
1845,6,22,0,48,56,50N18,2E46
1894,11,9,3,50,40,47N35,1E20
1865,3,27,8,46,40,46N34,3E20
1911,5,8,20,0,0,49N 0,2E 0
1904,9,8,21,50,40,45N46,4E50
1852,2,19,9,51,40,49N26,2E 5
1929,7,19,19,25,0,50N18,2E46
1891,11,13,22,20,40,46N 9,1W10
1871,12,26,10,55,40,49N26,1E 5
1920,11,24,3,0,0,43N18,5E22
1848,3,13,5,50,40,48N50,2E20
1798,1,6,20,10,56,47N40,2W44
1920,12,11,10,0,0,50N39,3E 5
1926,2,7,16,30,0,45N54,6E 7
1822,10,20,19,10,56,47N40,2W44
1869,5,23,13,50,40,48N50,2E20
1921,6,3,1,0,0,45N11,5E43
1806,4,10,7,6,40,48N 7,1W40
1847,7,4,6,59,12,48N 1,0E12
1926,8,3,2,0,0,48N57,4E22
1922,5,7,19,0,0,43N37,1E26
1908,9,10,22,50,40,47N15,6E 2
1834,3,17,4,59,40,48N26,0E 5
1906,7,26,14,50,40,46N18,4E50
1777,6,5,10,47,40,50N39,3E 5
1914,2,19,14,30,0,44N50,0W34
1887,8,24,9,55,0,45N50,1E15
1915,1,9,8,35,0,48N50,2E 8
1844,8,23,21,50,40,48N50,2E20
1911,12,11,16,0,0,43N18,0W22
1885,5,12,1,6,20,45N34,5E55
1831,6,17,4,49,20,48N33,2E40
1846,3,1,4,40,40,45N46,4E50
1906,11,14,15,50,40,48N36,2E20
1849,1,9,1,50,40,48N50,2E20
1791,5,31,4,47,40,50N39,3E 5
1844,4,8,3,52,24,47N54,1E54
1824,8,16,8,20,40,48N50,2E20
1919,10,4,19,0,0,48N50,2E11
1874,11,28,9,42,28,45N26,4E23
1928,3,23,10,5,0,48N35,7E45
1904,8,3,21,50,40,49N54,2E18
1892,11,14,3,50,40,48N50,2E20
1863,2,20,16,24,40,44N 1,1E20
1871,4,17,19,48,0,36N47,3E 0
1843,10,1,19,2,16,43N40,0E36
1917,6,5,2,0,0,45N26,4E23
1919,12,16,21,0,0,43N18,0W22
1899,11,7,0,50,40,43N18,5E22
1884,4,4,10,15,40,47N48,3E35
1886,3,3,10,32,32,47N38,6E52
1857,12,17,0,52,0,49N 0,2E 0
1874,8,14,13,50,40,48N50,2E20
1923,7,30,4,0,0,49N 1,1E11
1929,12,31,0,30,0,48N27,1E30
1819,3,21,8,54,16,43N37,1E26
1835,9,25,18,50,40,48N50,2E20
1833,2,16,3,39,52,47N19,5E 2
1922,10,14,10,0,0,45N46,4E50
1850,3,10,14,50,40,48N50,2E20
1824,10,23,1,50,40,48N50,2E20
1830,7,6,16,32,8,47N28,0W32
1836,3,11,4,50,40,48N50,2E20
1870,4,24,0,55,40,49N26,1E 5
1831,3,30,1,35,24,47N37,6E 9
1859,12,3,11,50,4,48N47,2E29
1903,5,8,6,50,40,43N18,5E22
1863,2,13,4,55,40,49N26,1E 5
1930,12,26,11,30,0,48N50,2E11
1916,8,24,15,0,0,43N45,7E25
1880,11,9,21,38,32,43N18,5E22
1811,5,13,5,35,12,48N42,6E12
1899,5,18,0,5,40,48N50,2E11
1907,10,29,16,50,40,47N15,6E 2
1903,9,6,2,10,40,36N47,3E 0
1837,6,13,2,50,48,49N54,2E18
1927,12,20,7,0,0,43N42,7E16
1907,7,31,8,50,40,48N42,6E12
1836,5,10,2,50,40,48N50,2E20
1918,1,28,0,15,0,48N47,2E29
1923,4,26,3,0,0,48N57,4E22
1861,8,23,11,4,20,49N 7,1W 5
1867,12,12,3,45,32,49N34,3E37
1833,12,19,19,49,20,48N33,2E40
1933,7,2,22,45,0,48N10,6E28
1848,3,3,3,50,40,48N50,2E20
1835,4,28,21,54,16,44N27,1E26
1929,9,6,4,0,0,49N 1,1E11
1796,11,25,18,50,40,48N50,2E20
1808,7,20,17,50,40,48N50,2E20
1922,1,30,19,30,0,48N50,2E11
1927,4,16,13,0,0,43N42,7E16
1897,4,4,0,50,40,48N50,2E20
1925,2,21,2,0,0,48N50,2E11
1925,6,30,22,30,0,50N39,3E 5
1914,7,31,1,0,0,48N50,2E11
1866,2,26,4,50,40,48N50,2E20
1884,9,29,16,57,36,44N50,0W34
1896,10,15,9,20,40,48N50,2E20
1893,4,17,22,50,40,43N18,5E22
1860,12,12,7,57,36,44N50,0W34
1829,1,6,20,35,52,47N15,6E 2
1878,8,1,18,25,40,46N18,4E50
1877,8,4,5,51,16,48N50,2E11
1918,1,16,10,0,0,44N21,2E34
1804,7,30,3,51,40,49N26,2E 5
1921,5,19,12,0,0,47N28,0W32
1888,9,1,20,47,40,50N39,3E 5
1869,2,1,1,50,0,48N55,2E30
1831,3,28,9,40,40,45N46,4E50
1919,7,3,20,0,0,43N14,0E 5
1918,1,1,13,0,0,50N18,2E46
1800,2,20,7,50,40,48N50,2E20
1890,1,25,11,38,32,43N18,5E22
1927,3,1,16,0,0,49N26,2E 5
1819,12,8,20,39,8,46N12,5E13
1891,6,3,7,20,40,48N50,2E 8
1928,4,11,1,0,0,44N27,1E26
1886,7,12,19,6,20,47N13,1W35
1853,6,8,11,50,40,48N50,2E20
1913,9,7,17,0,0,49N 0,2E 0
1832,1,12,14,50,40,48N50,2E20
1859,5,8,18,50,40,48N50,2E20
1904,8,17,2,50,40,47N15,6E 2
1839,5,21,13,55,40,49N26,1E 5
1905,3,3,7,20,40,48N26,0E 5
1888,7,20,3,40,40,45N46,4E50
1867,8,6,17,57,28,44N12,0E38
1838,7,10,16,50,40,48N50,2E20
1921,9,18,7,0,0,48N50,2E11
1822,10,1,8,50,40,48N50,2E20
1849,8,29,6,35,52,47N15,6E 2
1874,11,16,15,50,36,43N12,2E21
1812,12,24,5,49,20,48N33,2E40
1923,11,29,1,0,0,43N37,3E53
1882,12,21,14,25,40,49N26,1E 5
1927,2,7,21,0,0,43N37,3E53
1914,11,20,22,0,0,48N50,2E20
1833,5,5,22,46,40,46N34,3E20
1885,8,26,6,20,4,48N47,2E29
1842,6,16,9,51,28,48N50,2E 8
1871,5,24,22,50,40,48N36,2E20
1927,10,3,9,0,0,48N50,2E11
1903,6,3,19,50,40,49N34,3E37
1845,12,19,12,50,40,48N50,2E20
1900,6,29,4,50,40,47N40,2W44
1929,9,8,11,30,0,47N40,2W44
1600,8,30,5,50,40,48N50,2E20
1904,10,12,13,50,40,43N18,5E22
1914,5,3,3,0,0,49N26,2E 5
1860,12,13,21,50,40,48N50,2E20
1922,1,6,20,30,0,49N26,1E 5
1821,10,2,1,39,52,47N19,5E 2
1809,10,11,13,45,40,47N48,3E35
1808,5,20,16,48,56,50N18,2E46
1849,9,30,18,32,0,35N40,0W30
1862,5,16,7,52,24,47N54,1E54
1848,1,19,11,50,40,48N50,2E20
1944,1,17,20,30,0,48N50,2E20
1874,3,17,18,43,40,48N18,4E 5
1901,3,28,4,20,40,47N 5,2E23
1916,8,29,6,0,0,36N47,3E 0
1891,5,1,23,20,40,49N11,0W22
1888,9,29,17,48,56,50N18,2E46
1903,4,24,3,20,40,48N55,2E30
1846,12,20,22,50,40,48N50,2E20
1897,10,8,3,20,40,48N50,2E20
1908,7,26,1,50,40,48N 1,0E12
1825,6,30,2,18,56,50N18,2E46
1893,7,22,21,50,40,48N 7,1W40
1919,8,29,0,0,0,43N18,0W22
1810,5,21,16,35,16,49N 7,6E11
1909,4,22,16,5,40,48N50,2E 8
1923,7,8,16,0,0,48N50,2E11
1839,11,3,8,49,20,48N33,2E40
1826,4,13,16,17,40,45N47,3E 5
1913,8,10,5,0,0,48N50,2E20
1814,4,15,4,50,48,49N54,2E18
1865,11,7,18,50,36,43N12,2E21
1914,2,12,7,0,0,47N13,1W35
1918,3,18,7,15,0,47N13,1W35
1919,8,22,9,30,0,44N56,4E54
1893,7,14,7,20,40,48N50,2E11
1900,5,3,9,20,40,46N19,0W27
1851,10,13,2,47,40,50N39,3E 5
1937,5,11,3,0,0,48N55,2E30
1903,6,10,15,50,40,48N50,2E11
1830,7,7,11,54,16,43N37,1E26
1801,1,29,0,40,40,45N46,4E50
1839,1,27,1,50,40,48N50,2E20
1829,12,3,14,55,0,45N50,1E15
1851,12,3,9,29,20,45N39,0E10
1843,2,1,3,50,40,48N50,2E20
1887,12,24,5,16,24,48N 0,4W 6
1912,7,11,13,0,0,48N50,2E11
1849,7,18,12,39,52,47N19,5E 2
1827,1,30,0,50,40,48N50,2E20
1903,7,24,11,50,40,43N32,6E28
1920,7,30,12,0,0,45N54,6E 7
1922,3,13,5,30,0,48N50,2E 8
1806,4,12,2,59,40,48N26,0E 5
1799,5,18,13,57,36,44N50,0W34
1797,5,16,7,57,36,44N50,0W34
1888,1,23,20,44,28,43N37,3E53
1912,2,25,22,0,0,48N47,2E29
1880,9,1,0,42,32,48N57,4E22
1919,7,21,23,15,0,48N 1,0E12
1919,11,5,18,10,0,48N42,6E12
1912,9,4,9,0,0,49N 0,2E 0
1913,9,3,12,0,0,43N42,7E16
1876,7,22,7,45,32,49N34,3E37
1841,1,29,21,50,40,48N50,2E20
1884,7,10,18,57,4,45N11,0E44
1925,11,19,23,50,0,44N50,0W34
1907,5,28,6,50,40,44N12,0E38
1929,3,28,9,0,0,44N50,0W34
1918,8,6,6,0,0,48N18,4E 5
1825,6,22,11,52,56,45N16,1E46
1834,7,10,13,35,0,44N 6,6E15
1858,8,28,0,50,40,48N50,2E20
1921,2,2,9,30,0,48N50,2E11
1842,12,8,22,52,24,47N54,1E54
1836,3,8,11,35,16,49N 7,6E11
1923,12,28,8,15,0,49N54,2E18
1899,7,11,13,50,40,48N 7,1W40
1925,8,20,20,0,0,46N59,3E 9
1898,3,6,20,50,40,43N42,7E16
1909,5,31,13,50,40,48N50,2E 8
1858,1,1,22,50,40,48N50,2E20
1851,11,8,15,48,56,50N18,2E46
1796,8,26,0,50,40,48N50,2E20
1872,4,1,10,42,32,48N57,4E22
1927,3,14,11,45,0,48N33,2E40
1830,1,16,15,50,40,48N50,2E20
1800,7,28,11,55,40,49N26,1E 5
1862,3,1,5,50,40,48N50,2E20
1836,5,2,10,50,40,48N50,2E20
1922,9,30,16,0,0,48N55,2E30
1841,4,14,19,2,8,47N28,0W32
1924,9,12,5,0,0,43N18,5E22
1908,4,9,0,0,40,48N50,2E11
1855,4,10,16,57,28,44N12,0E38
1819,6,29,6,45,32,49N34,3E37
1932,8,31,3,0,0,48N26,0E 5
1927,6,26,4,20,0,45N47,3E 5
1808,1,22,18,49,20,48N33,2E40
1877,12,6,22,50,40,48N50,2E20
1831,4,11,15,29,0,48N35,7E45
1796,11,10,18,57,36,44N50,0W34
1883,12,16,1,57,36,44N50,0W34
1839,3,24,7,50,40,48N50,2E20
1859,5,26,0,50,40,48N50,2E20
1917,6,14,2,0,0,48N 1,0E12
1895,12,8,13,50,40,46N18,4E50
1892,5,15,10,40,40,48N47,2E29
1854,1,27,19,54,16,43N37,1E26
1899,3,9,9,50,40,43N18,5E22
1810,12,9,5,35,16,49N 7,6E11
1876,6,8,18,59,20,45N39,0E10
1906,9,18,5,20,40,49N46,4E44
1924,6,14,1,30,0,48N47,2E29
1841,5,15,2,50,40,48N50,2E20
1916,4,1,9,0,0,46N49,1E41
1864,11,18,11,3,56,50N18,2E46
1799,6,2,13,50,40,48N50,2E20
1923,7,2,15,0,0,49N 0,2E 0
1843,6,29,17,50,40,48N50,2E20
1913,12,11,12,30,0,49N 7,1W 5
1853,4,29,17,38,32,43N18,5E22
1920,8,8,14,0,0,49N11,0W22
1920,1,10,12,0,0,48N42,6E12
1898,8,28,4,20,40,48N27,1E30
1902,6,8,19,50,40,45N46,4E50
1848,3,10,10,20,40,48N50,2E20
1906,6,1,8,50,40,43N37,1E26
1890,7,6,21,3,0,48N 4,0W45
1926,10,19,15,20,0,48N27,1E30
1914,8,12,23,30,0,43N21,1W47
1903,5,7,13,20,40,48N50,2E11
1882,5,17,5,25,0,41N55,8E45
1848,12,7,0,9,52,47N19,5E 2
1821,8,23,2,51,40,49N26,2E 5
1888,5,19,11,50,40,48N50,2E20
1874,11,22,13,20,40,48N50,2E20
1882,1,30,13,36,40,49N26,2E 5
1872,11,18,5,34,8,43N32,6E28
1846,10,7,3,50,40,48N50,2E20
1807,4,16,3,1,28,49N11,0W22
1870,2,16,0,47,24,46N59,3E 9
1890,12,12,9,14,12,48N 1,0E12
1930,11,26,0,30,0,49N26,1E 5
1920,1,15,21,30,0,48N33,2E40
1912,12,21,23,0,0,50N39,3E 5
1843,2,20,3,50,40,48N50,2E20
1833,9,25,1,38,32,43N18,5E22
1886,9,20,14,51,16,48N50,2E11
1900,6,2,3,50,40,47N15,6E 2
1806,9,6,7,1,28,49N11,0W22
1875,4,3,21,52,0,49N 0,2E 0
1929,7,6,11,0,0,43N42,7E16
1887,12,31,4,50,40,48N50,2E20
1841,8,16,8,59,12,48N 1,0E12
1926,1,26,15,30,0,46N18,4E50
1867,12,30,4,50,4,48N47,2E29
1854,7,1,1,35,24,47N37,6E 9
1811,2,25,6,20,40,48N50,2E20
1839,7,16,5,50,36,43N12,2E21
1873,8,13,21,51,28,48N50,2E 8
1836,1,5,3,45,40,47N48,3E35
1879,7,18,15,21,16,48N50,2E11
1872,7,9,5,50,40,48N50,2E20
1868,10,20,0,42,36,43N51,4E21
1931,6,20,14,45,0,48N10,6E28
1916,3,19,2,30,0,49N 1,1E11
1920,2,29,8,20,0,48N50,2E11
1933,5,19,6,45,0,48N50,2E11
1828,2,27,3,52,24,47N54,1E54
1874,5,3,11,12,36,43N51,4E21
1909,12,11,20,50,40,44N56,4E54
1912,6,30,19,0,0,43N42,7E16
1847,10,5,17,57,4,45N11,0E44
1841,2,27,0,57,4,45N11,0E44
1862,11,14,23,35,40,48N50,2E20
1888,7,13,13,57,4,45N11,0E44
1907,1,30,22,20,40,49N26,2E 5
1878,8,8,10,47,40,50N39,3E 5
1820,2,20,10,47,40,50N39,3E 5
1934,7,9,23,15,0,48N47,2E29
1842,6,6,14,49,20,48N33,2E40
1913,7,7,18,0,0,36N47,3E 0
1895,2,24,8,50,40,44N50,0W34
1940,4,22,1,0,0,41N55,8E45
1816,9,3,18,49,20,48N33,2E40
1836,7,23,13,50,40,48N50,2E20
1810,4,2,14,50,40,48N50,2E20
1922,5,5,12,0,0,48N55,2E30
1924,7,22,12,0,0,49N26,1E 5
1897,8,9,4,20,40,48N50,2E20
1840,12,17,5,50,40,48N50,2E20
1929,9,9,9,0,0,43N37,1E26
1800,4,25,1,50,4,48N47,2E29
1930,4,15,23,0,0,43N42,7E16
1890,6,25,23,5,0,36N30,6E15
1906,6,19,11,50,40,43N40,0E36
1908,1,10,1,50,40,48N55,2E30
1892,3,13,12,50,40,48N 1,0E12
1898,11,22,14,50,40,43N37,3E53
1901,1,9,21,0,0,49N 7,6E11
1881,6,8,10,17,40,50N39,3E 5
1855,7,2,10,57,36,44N50,0W34
1890,3,10,10,40,24,44N56,4E54
1906,4,23,3,20,40,50N39,3E 5
1921,4,15,22,15,0,43N42,7E16
1914,10,17,2,0,0,45N11,5E43
1878,6,25,16,51,28,48N50,2E 8
1921,9,17,7,0,0,43N42,7E16
1824,6,29,20,50,40,48N50,2E20
1920,5,25,3,0,0,49N 7,1W 5
1856,1,14,7,50,40,48N50,2E20
1849,1,17,18,50,40,48N50,2E20
1884,9,16,8,59,20,45N39,0E10
1921,2,14,12,0,0,44N50,0W34
1845,2,6,8,1,28,43N18,0W22
1866,1,24,12,24,40,47N35,1E20
1852,6,21,12,50,40,48N50,2E20
1925,1,1,3,0,0,43N42,7E16
1910,4,17,2,50,40,48N50,2E11
1835,6,10,22,4,40,46N 9,1W10
1934,7,9,17,0,0,44N 1,1E20
1800,2,21,13,30,8,46N12,6E 9
1904,2,26,4,50,40,43N51,4E21
1861,1,15,6,40,24,44N56,4E54
1924,1,13,11,0,0,48N55,2E30
1922,12,4,14,0,0,43N42,7E16
1915,12,19,5,0,0,48N50,2E20
1924,9,23,4,0,0,50N39,3E 5
1919,4,8,21,30,0,48N47,2E29
1906,3,6,9,50,40,45N16,1E46
1859,2,14,13,41,36,44N44,4E36
1918,11,9,0,45,0,49N26,1E 5
1922,8,24,4,0,0,46N19,0W27
1826,12,20,13,50,40,48N36,2E20
1918,10,14,1,0,0,46N12,5E13
1923,3,9,10,0,0,45N26,4E23
1826,10,8,7,51,16,48N50,2E11
1940,1,20,2,30,0,48N50,2E11
1927,2,21,23,0,0,43N18,5E22
1917,2,12,11,0,0,48N55,2E30
1872,4,27,15,51,28,48N50,2E 8
1894,7,25,10,20,40,49N 0,2E 0
1897,5,27,7,50,40,43N18,5E22
1863,9,27,22,40,40,45N46,4E50
1836,11,16,3,50,40,48N50,2E20
1798,1,29,8,50,40,48N50,2E20
1903,9,14,3,50,40,48N47,2E29
1883,12,18,2,34,8,43N32,6E28
1883,12,18,9,21,16,48N50,2E11
1896,8,11,5,50,40,43N18,5E22
1911,8,13,9,0,0,48N 7,1W40
1926,5,19,10,30,0,45N47,3E 5
1922,5,2,4,0,0,44N36,10E45
1807,4,1,17,50,40,48N50,2E20
1905,12,4,4,50,40,43N32,6E28
1905,12,15,8,50,40,43N18,5E22
1915,4,9,16,0,0,48N50,2E11
1911,3,19,19,0,0,49N54,2E18
1924,11,1,5,0,0,49N 0,2E 0
1928,7,2,0,30,0,50N39,3E 5
1899,9,26,4,50,40,48N 0,4W 6
1885,3,21,13,20,40,48N50,2E20
1844,6,3,5,49,20,48N33,2E40
1932,8,25,15,0,0,48N18,4E 5
1910,5,27,7,50,40,44N50,0W34
1921,4,18,22,0,0,46N19,0W27
1914,10,6,10,0,0,43N55,2E 8
1883,6,9,18,51,28,43N55,2E 8
1898,1,7,16,50,40,43N32,6E28
1922,5,1,7,40,0,48N55,2E30
1930,1,17,21,0,0,43N57,4E50
1913,12,8,10,0,0,46N35,0E20
1818,8,15,7,45,32,49N34,3E37
1920,6,19,6,0,0,47N28,0W32
1927,4,14,3,20,0,48N50,2E11
1886,7,1,9,46,40,46N34,3E20
1883,8,10,21,21,28,48N50,2E 8
1856,2,18,12,50,40,48N50,2E20
1881,4,26,4,44,28,43N37,3E53
1908,6,3,12,50,40,47N28,0W32
1892,8,16,3,50,40,48N50,2E20
1912,5,29,17,45,0,48N50,2E 8
1909,4,6,8,50,40,48N42,6E12
1846,12,29,8,53,16,46N49,1E41
1921,3,14,9,30,0,48N10,6E28
1912,7,4,19,15,0,50N39,3E 5
1892,12,18,13,50,40,47N28,0W32
1860,5,11,2,42,36,43N51,4E21
1891,4,19,8,50,40,48N50,2E20
1907,4,29,6,50,40,41N55,8E45
1900,1,7,22,50,40,49N46,4E44
1840,7,19,23,1,48,46N19,0W27
1911,1,22,8,50,40,43N18,5E22
1929,7,22,8,0,0,48N50,2E11
1902,9,24,18,50,40,48N50,2E 8
1841,3,25,13,39,52,47N19,5E 2
1882,5,19,3,57,36,44N50,0W34
1899,7,19,1,50,40,48N47,2E29
1906,3,25,3,50,40,48N47,2E29
1913,3,10,21,0,0,46N19,0W27
1832,1,12,14,50,40,48N50,2E20
1872,9,25,21,52,0,49N 0,2E 0
1910,9,18,22,50,40,43N57,4E50
1901,1,18,0,50,40,43N32,6E28
1929,5,29,0,0,0,48N42,6E12
1863,7,25,16,52,0,49N 0,2E 0
1823,5,31,20,55,40,49N26,1E 5
1858,5,18,5,50,40,48N50,2E20
1903,6,23,0,50,40,45N11,5E43
1928,1,21,17,45,0,48N36,2E20
1846,8,3,23,50,40,48N50,2E20
1871,5,29,13,50,4,48N47,2E29
1878,11,15,12,38,32,43N18,5E22
1886,12,13,2,38,32,43N18,5E22
1851,1,17,12,39,8,46N12,5E13
1900,12,18,5,50,40,48N 7,1W40
1912,10,27,7,0,0,47N35,1E20
1873,9,7,13,50,40,48N50,2E20
1901,6,1,8,35,40,48N50,2E20
1877,10,28,13,51,16,48N50,2E11
1850,5,15,22,49,20,48N33,2E40
1905,1,23,19,50,40,36N47,3E 0
1934,8,17,13,0,0,43N42,7E16
1771,9,10,1,42,48,52N 6,4E18
1865,4,18,17,1,48,46N19,0W27
1907,10,9,2,50,40,48N50,2E 8
1924,5,12,1,0,0,48N55,2E30
1923,7,17,2,0,0,43N32,6E28
1862,2,23,22,50,40,48N50,2E20
1837,4,25,8,54,0,48N27,1E30
1835,7,9,11,50,40,48N50,2E20
1923,8,24,21,55,0,47N48,3E35
1830,5,29,17,50,40,48N50,2E20
1850,9,6,8,35,16,49N 7,6E11
1937,6,1,10,35,0,43N32,6E28
1855,12,8,4,2,16,43N40,0E36
1923,7,25,19,25,0,48N50,2E 8
1883,9,24,1,57,36,44N50,0W34
1913,5,18,16,0,0,43N12,2E21
1858,7,13,4,46,40,46N34,3E20
1830,3,23,21,50,40,48N50,2E20
1918,7,1,4,30,0,49N26,1E 5
1918,3,12,11,0,0,43N37,3E53
1831,12,19,9,50,40,48N50,2E20
1931,1,30,23,30,0,36N47,3E 0
1817,2,5,6,50,40,48N50,2E20
1892,8,21,16,50,40,48N 7,1W40
1868,9,30,7,57,36,44N50,0W34
1937,10,23,3,0,0,48N47,2E29
1906,10,2,6,50,40,48N 7,1W40
1863,7,2,12,51,28,48N50,2E 8
1873,4,30,10,50,36,43N12,2E21
1910,1,13,9,50,40,48N50,2E11
1933,12,1,9,30,0,48N 0,4W 6
1819,3,16,11,49,20,48N33,2E40
1937,4,16,22,0,0,48N35,7E45
1924,1,9,4,0,0,48N55,2E30
1923,11,23,16,0,0,48N47,2E29
1923,3,20,4,15,0,48N50,2E11
1920,3,10,5,30,0,48N50,2E11
1919,11,26,8,0,0,45N47,3E 5
1903,3,5,9,20,40,45N47,3E 5
1883,2,11,7,59,20,45N39,0E10
1912,3,25,15,0,0,43N37,3E53
1904,4,6,0,50,40,43N18,5E22
1850,2,2,1,20,40,48N50,2E20
1917,3,24,10,30,0,46N 9,1W10
1885,8,29,7,50,4,48N47,2E29
1921,8,5,2,0,0,45N54,6E 7
1932,5,27,19,30,0,46N49,1E41
1924,3,22,1,10,0,46N59,3E 9
1897,1,24,19,50,40,45N11,5E43
1846,5,11,2,53,16,46N49,1E41
1899,5,25,13,50,40,49N34,3E37
1865,8,13,0,20,40,48N50,2E20
1895,11,3,11,50,40,43N18,0W22
1868,6,29,10,47,40,50N39,3E 5
1836,11,26,1,50,40,48N50,2E20
1867,12,9,12,50,40,48N50,2E20
1864,10,4,22,10,40,45N46,4E50
1906,9,23,15,50,40,43N37,3E53
1904,10,6,6,20,40,45N50,1E15
1900,6,25,22,0,0,45N30,9E15
1913,10,7,20,0,0,44N36,11E15
1917,8,17,-1,30,0,39N24,9E 0
1837,12,3,17,6,0,38N 0,13E30
1890,6,3,-1,10,4,40N30,17E30
1932,9,2,6,15,0,45N 0,12E15
1915,4,28,22,0,0,40N54,14E 0
1905,12,28,19,0,0,45N30,11E 0
1876,7,26,21,40,4,37N30,15E 0
1921,12,23,3,30,0,45N30,12E30
1916,7,5,17,45,0,38N 6,15E30
1874,2,25,10,10,4,45N 0,12E15
1902,2,21,4,45,0,45N 0,8E 0
1932,10,29,20,40,0,45N 0,12E15
1914,8,4,0,30,0,44N30,11E 0
1909,7,22,13,0,0,45N 0,12E15
1917,8,28,5,0,0,40N24,18E45
1893,7,15,11,50,4,45N 0,12E15
1926,2,18,17,0,0,45N 0,12E15
1888,12,1,4,40,4,45N 0,12E15
1921,11,19,9,30,0,44N48,10E45
1919,12,5,6,0,0,44N42,12E30
1899,7,23,11,50,0,44N30,11E 0
1896,5,2,21,0,0,40N54,14E 0
1875,8,28,22,10,4,45N 0,8E 0
1901,2,6,5,0,0,45N30,9E15
1883,12,9,19,10,4,45N 0,8E 0
1901,4,25,11,0,0,43N42,11E30
1906,4,22,13,45,0,43N18,11E45
1882,6,24,22,40,4,45N30,9E15
1902,5,13,12,0,0,43N42,11E30
1904,5,19,18,15,0,45N12,11E 0
1900,1,1,17,30,0,44N48,10E45
1879,11,4,4,10,4,40N42,15E15
1926,5,4,12,0,0,40N54,14E 0
1897,1,9,20,0,0,41N36,13E15
1916,9,18,4,15,0,44N30,11E 0
1895,3,31,7,30,0,45N 0,12E15
1912,4,16,21,40,0,43N18,11E45
1895,10,6,6,0,0,45N 0,12E15
1908,8,16,5,20,0,43N42,11E30
1909,9,7,8,0,0,43N42,11E30
1909,2,5,19,10,0,43N42,11E30
1884,5,6,19,40,4,45N 0,12E15
1877,12,16,3,10,4,43N42,11E30
1906,10,5,19,0,0,45N 0,8E 0
1916,2,9,17,0,0,45N30,9E15
1889,1,2,4,40,4,44N54,8E30
1869,12,21,8,55,4,45N12,11E 0
1907,5,20,15,30,0,44N12,12E30
1893,9,6,11,30,4,38N 0,15E30
1906,10,25,13,0,0,46N 0,13E30
1880,11,4,18,45,4,44N30,11E 0
1895,7,25,11,0,0,45N30,12E 0
1911,6,10,4,0,0,45N 0,8E 0
1889,2,23,19,40,4,45N 0,12E15
1904,8,23,9,0,0,45N48,9E15
1901,5,3,20,0,0,44N30,11E 0
1897,4,13,21,0,0,45N36,12E45
1916,10,21,16,0,0,43N42,11E30
1871,11,29,13,10,4,42N18,14E15
1891,7,19,7,20,4,45N 0,12E15
1885,2,8,18,10,4,40N54,14E 0
1902,12,29,6,0,0,42N24,14E30
1924,2,2,2,0,0,45N 0,8E 0
1891,9,27,19,10,4,40N54,14E 0
1915,5,20,10,0,0,45N 0,12E15
1897,2,26,3,30,0,44N54,8E30
1907,4,6,4,30,0,45N30,12E30
1929,9,16,19,0,0,40N54,14E 0
1905,5,1,6,0,0,40N54,14E 0
1888,2,5,15,10,4,43N42,11E30
1909,8,26,7,0,0,40N54,14E 0
1912,7,16,17,0,0,43N42,11E30
1899,11,22,13,0,0,45N 0,12E15
1900,5,24,14,0,0,40N54,14E 0
1903,8,26,17,0,0,40N54,14E 0
1898,7,3,3,0,0,40N54,14E 0
1917,6,12,8,0,0,40N54,14E 0
1934,5,12,21,30,0,45N30,9E15
1925,12,2,22,0,0,40N54,14E 0
1890,7,6,19,5,4,45N 0,8E 0
1854,5,8,1,4,0,40N54,14E 0
1865,10,7,18,48,0,40N36,18E 0
1901,7,7,10,0,0,41N36,13E15
1907,7,10,13,30,0,40N48,8E30
1872,12,4,9,40,4,45N 0,8E 0
1860,12,6,9,4,0,40N54,14E 0
1916,8,22,21,45,0,45N 0,12E15
1847,10,23,0,10,0,38N 0,12E30
1889,7,5,12,10,4,40N54,14E 0
1865,9,8,10,4,0,40N54,14E 0
1895,2,11,14,30,0,45N 0,12E15
1903,5,6,1,0,0,45N30,12E30
1893,11,19,6,0,0,45N 0,12E15
1858,10,3,1,24,0,45N12,9E 0
1847,2,11,17,24,0,45N 0,9E 0
1850,8,10,18,4,0,40N54,14E 0
1871,7,6,18,10,4,45N 0,12E15
1905,2,1,2,0,0,44N30,11E 0
1869,4,4,4,30,4,43N42,11E30
1914,8,4,17,0,0,40N54,14E 0
1908,7,24,8,0,0,41N12,17E 0
1915,5,8,14,0,0,43N42,11E30
1906,5,1,11,30,0,45N 0,12E15
1919,10,21,9,0,0,45N 0,12E15
1929,8,6,6,0,0,45N 0,12E15
1869,7,5,22,10,4,45N30,9E15
1892,7,24,8,10,4,40N54,14E 0
1809,8,20,19,21,0,45N 0,9E45
1877,12,6,12,10,4,45N30,9E15
1909,4,3,4,30,0,44N30,11E 0
1867,4,10,19,10,4,44N30,11E 0
1868,5,1,0,10,4,45N12,9E 0
1908,7,19,16,0,0,40N54,14E 0
1908,1,28,3,25,0,41N36,14E45
1888,7,19,19,10,4,40N54,14E 0
1888,9,17,11,25,4,43N42,11E30
1883,12,12,4,10,4,43N42,11E30
1893,2,12,6,10,4,39N18,16E30
1939,3,29,14,5,0,45N30,12E30
1935,3,25,16,0,0,45N 0,12E15
1899,8,16,21,40,0,45N 0,12E15
1901,8,3,8,0,0,40N54,14E 0
1908,8,30,4,40,0,45N 0,12E15
1913,10,24,3,30,0,45N30,12E 0
1906,2,6,12,0,0,44N24,12E15
1874,10,25,3,10,4,44N48,10E45
1883,4,19,-1,30,4,45N30,9E15
1903,1,13,4,0,0,44N36,11E15
1916,2,2,20,45,0,45N30,9E15
1908,1,22,13,0,0,40N54,14E 0
1827,3,25,19,4,0,40N54,14E 0
1914,12,5,22,50,0,45N 0,12E15
1900,1,2,10,10,0,43N42,11E 0
1912,7,3,15,0,0,43N42,11E30
1882,10,13,10,40,4,44N42,12E30
1902,5,27,10,0,0,45N 0,8E 0
1880,4,8,13,10,4,40N54,14E 0
1908,7,28,20,0,0,45N30,9E15
1881,8,24,1,40,4,37N 0,15E30
1844,2,2,19,4,0,40N54,14E 0
1904,8,8,15,0,0,45N24,11E 0
1908,7,11,1,30,0,43N42,11E30
1895,8,2,-1,0,0,40N48,8E30
1892,6,4,4,25,4,43N42,11E30
1925,8,18,14,0,0,45N 0,12E15
1912,7,23,19,0,0,45N12,9E 0
1885,10,16,10,10,4,44N36,10E45
1892,4,17,20,10,4,39N 0,17E30
1899,6,29,16,0,0,45N30,9E15
1887,5,10,17,10,4,40N54,14E 0
1887,4,29,4,10,4,41N36,13E15
1881,1,1,7,40,4,45N 0,8E 0
1917,7,5,12,0,0,45N30,9E15
1907,5,25,21,0,0,40N54,14E 0
1836,12,2,19,4,0,40N54,14E 0
1908,12,6,15,0,0,40N54,14E 0
1912,1,19,19,0,0,40N54,14E 0
1871,12,18,3,10,4,37N30,15E 0
1913,1,30,18,30,0,40N30,15E45
1831,2,28,11,4,0,40N54,14E 0
1891,12,4,6,40,4,43N42,11E30
1887,11,20,12,15,4,44N30,11E 0
1896,5,31,20,45,0,44N30,11E 0
1920,12,31,21,0,0,40N54,14E 0
1911,2,26,6,30,0,44N 0,10E30
1880,3,21,2,40,4,45N 0,12E15
1863,8,3,4,8,0,43N 0,13E 0
1901,6,1,0,0,0,45N 0,12E15
1905,6,3,20,0,0,45N 0,12E15
1906,11,24,8,0,0,45N 0,12E15
1932,7,15,0,0,0,44N30,11E 0
1930,1,7,13,0,0,40N54,14E 0
1881,11,11,9,10,4,43N24,13E15
1907,7,11,9,0,0,45N30,9E15
1899,2,17,13,0,0,45N 0,8E 0
1848,10,13,15,4,0,40N54,14E 0
1890,6,29,17,10,4,43N42,11E30
1874,3,4,15,10,4,43N42,11E30
1842,10,17,22,9,0,45N36,12E45
1913,3,20,14,0,0,40N54,14E 0
1892,2,28,17,10,4,40N54,14E 0
1917,10,17,1,0,0,45N30,9E15
1903,4,3,-1,15,0,45N24,12E15
1881,9,8,8,10,4,44N42,12E30
1897,10,25,16,0,0,44N54,8E30
1904,4,16,1,0,0,44N54,8E30
1822,7,22,18,4,0,40N54,14E 0
1890,2,2,12,25,4,44N 0,13E 0
1884,5,22,22,50,4,45N30,9E15
1883,3,8,1,10,4,45N 0,12E15
1888,2,6,17,55,4,45N 0,12E15
1910,5,21,14,30,0,44N36,10E45
1911,1,19,0,0,0,44N30,11E 0
1898,2,24,19,0,0,40N54,14E 0
1874,12,28,20,10,4,42N18,14E15
1906,6,26,17,40,0,45N30,9E15
1889,11,14,5,35,4,44N30,11E 0
1888,9,21,7,10,4,44N36,10E45
1885,4,29,7,10,4,45N30,11E 0
1900,5,6,22,0,0,45N48,9E 0
1893,8,17,21,40,4,45N 0,9E45
1862,1,16,4,15,0,44N36,11E15
1910,10,2,6,15,0,43N 0,13E 0
1899,9,27,19,5,0,43N42,11E30
1895,8,7,3,0,0,40N30,17E30
1889,11,26,0,10,4,45N 0,12E15
1918,9,14,5,0,0,45N 0,12E15
1909,6,8,4,0,0,45N 0,8E 0
1903,10,5,22,0,0,45N30,9E15
1871,11,14,6,40,4,44N 0,13E 0
1899,7,9,22,0,0,45N 0,12E15
1904,10,2,8,0,0,45N 0,12E15
1882,8,28,6,10,4,40N54,14E 0
1853,3,14,-1,4,0,40N54,14E 0
1876,5,4,5,10,4,40N54,14E 0
1900,4,19,21,0,0,45N 0,8E 0
1888,12,10,6,25,4,45N30,9E15
1917,5,31,6,0,0,45N36,12E45
1900,11,29,6,0,0,41N36,13E15
1897,2,5,4,30,0,45N 0,8E 0
1891,1,21,10,10,4,45N 0,8E 0
1907,12,13,21,0,0,38N 0,13E30
1898,3,11,10,30,0,44N12,12E30
1897,7,7,16,30,0,45N 0,9E 0
1939,6,15,4,30,0,45N 0,12E15
1878,6,2,17,10,4,40N54,14E 0
1905,3,9,12,0,0,45N30,12E30
1835,5,2,18,4,0,40N54,14E 0
1886,12,27,5,40,4,44N30,11E 0
1903,3,4,21,0,0,45N30,12E30
1906,6,16,18,0,0,45N 0,12E15
1842,7,8,11,4,0,40N54,14E 0
1846,12,21,3,4,0,40N54,14E 0
1899,3,11,21,0,0,40N24,18E45
1896,1,15,14,15,0,40N24,18E45
1857,6,11,10,6,0,42N24,13E30
1907,8,28,4,0,0,40N54,14E 0
1910,9,13,7,45,0,39N18,16E30
1878,4,14,-1,40,4,45N30,9E15
1871,9,25,7,10,4,43N42,11E30
1886,8,20,16,35,4,45N 0,12E15
1874,9,17,17,40,4,43N42,13E45
1911,2,3,14,0,0,45N36,9E45
1906,7,12,7,0,0,43N42,11E30
1913,8,9,9,0,0,41N12,17E 0
1914,2,22,7,30,0,45N24,12E15
1901,3,21,21,0,0,40N54,14E 0
1847,1,14,10,17,0,44N48,10E45
1892,6,18,3,10,4,45N 0,8E 0
1876,7,8,13,40,4,44N42,12E30
1913,1,19,14,0,0,37N30,15E 0
1872,10,4,21,10,4,42N24,14E30
1907,3,4,10,0,0,45N 0,12E15
1914,8,13,15,0,0,41N54,12E30
1892,2,5,9,10,4,43N42,11E30
1895,2,19,6,40,0,45N30,9E15
1897,12,3,3,0,0,45N 0,8E 0
1912,6,4,3,0,0,40N54,14E 0
1886,1,9,1,25,4,40N54,14E 0
1885,10,5,1,30,4,40N54,14E 0
1857,9,14,5,17,0,44N36,10E45
1923,8,11,15,0,0,39N24,9E 0
1867,5,2,3,10,4,45N30,9E15
1885,6,12,5,20,0,52N 0,10E 0
1912,9,29,10,10,0,47N33,7E35
1879,8,13,12,5,0,52N 0,10E 0
1851,12,12,7,20,0,52N 0,10E 0
1904,5,5,7,0,0,49N 0,11E30
1892,2,16,9,30,0,51N30,7E30
1920,6,6,17,0,0,51N30,7E30
1910,12,4,0,0,0,51N30,7E30
1898,10,5,0,30,0,51N30,7E30
1886,7,8,13,44,0,49N 0,11E30
1867,9,7,21,54,0,48N30,9E 0
1928,2,12,2,0,0,52N 0,10E 0
1876,3,6,0,30,0,51N30,7E30
1922,3,25,5,15,0,48N30,9E 0
1904,7,5,20,30,0,51N30,7E30
1891,9,19,4,30,0,51N30,7E30
1901,4,3,10,15,0,48N30,9E 0
1928,3,16,17,45,0,50N30,9E15
1887,5,2,4,30,0,51N30,7E30
1911,3,5,6,30,0,48N30,9E 0
1861,12,20,3,14,0,49N 0,11E30
1929,6,24,6,45,0,49N 0,11E30
1900,4,10,15,0,0,49N 0,11E30
1907,3,15,7,0,0,51N30,7E30
1915,7,7,7,45,0,50N30,9E15
1900,1,22,-1,15,0,54N30,9E45
1927,5,28,19,30,0,48N30,9E 0
1920,1,8,20,15,0,52N 0,10E 0
1926,3,28,9,15,0,51N30,7E30
1921,10,7,10,45,0,51N30,7E30
1893,7,15,21,0,0,50N 0,7E 0
1927,4,27,11,15,0,52N 0,10E 0
1923,6,26,15,30,0,52N 0,10E 0
1901,10,8,0,45,0,52N 0,10E 0
1907,5,20,9,30,0,51N30,7E30
1890,12,29,16,44,0,49N 0,11E30
1859,10,30,6,14,0,49N 0,11E30
1920,4,24,6,0,0,49N20,7E 0
1887,7,2,1,24,0,48N30,9E 0
1918,1,14,2,30,0,49N 0,11E30
1907,4,2,10,0,0,51N30,7E30
1927,2,11,12,30,0,48N30,9E 0
1934,4,5,2,45,0,49N 0,11E30
1906,7,20,16,0,0,49N 0,11E30
1925,6,27,12,0,0,48N30,9E 0
1931,8,8,0,15,0,50N 0,7E 0
1888,11,7,3,30,0,51N30,7E30
1929,5,28,3,0,0,54N30,9E45
1925,5,4,0,30,0,49N 0,11E30
1900,7,27,11,15,0,52N 0,10E 0
1932,2,14,0,15,0,51N30,7E30
1912,9,6,10,0,0,51N30,7E30
1929,4,12,13,0,0,50N30,9E15
1887,5,29,13,30,0,51N30,7E30
1914,12,25,17,30,0,50N 0,7E 0
1906,4,7,7,45,0,49N 0,11E30
1918,4,2,10,45,0,48N30,9E 0
1912,6,22,5,0,0,51N30,7E30
1921,1,20,16,0,0,52N 0,10E 0
1888,11,17,5,2,0,50N 0,7E 0
1927,3,26,14,30,0,52N 0,10E 0
1923,11,18,20,45,0,51N30,7E30
1926,8,26,18,30,0,51N30,7E30
1899,12,22,9,0,0,51N30,7E30
1914,3,1,6,30,0,49N 0,11E30
1889,11,29,10,14,0,49N 0,11E30
1928,3,11,16,0,0,50N30,9E15
1908,1,18,7,15,0,49N 0,11E30
1894,5,16,16,0,0,53N 5,8E50
1907,6,24,12,15,0,51N30,7E30
1903,10,25,15,45,0,49N 0,11E30
1923,12,27,20,15,0,54N30,9E45
1898,8,5,12,45,0,48N30,9E 0
1935,10,10,5,15,0,48N30,9E 0
1904,8,23,15,30,0,54N30,9E45
1933,7,5,15,45,0,49N 0,11E30
1877,10,3,20,14,0,49N 0,11E30
1909,3,14,22,45,0,50N 0,8E40
1907,1,23,18,0,0,50N30,9E15
1908,1,22,18,0,0,51N30,7E30
1906,10,3,-1,15,0,52N 0,10E 0
1934,2,14,11,0,0,48N30,9E 0
1919,5,28,3,0,0,51N30,7E30
1923,5,26,10,0,0,51N30,7E30
1921,4,22,6,0,0,50N 0,7E 0
1899,4,22,6,15,0,49N 0,11E30
1922,4,25,6,0,0,51N30,7E30
1927,7,9,5,0,0,49N 0,11E30
1905,8,3,4,30,0,48N30,9E 0
1927,4,1,19,0,0,49N 0,11E30
1904,8,9,14,0,0,51N30,7E30
1927,10,7,5,0,0,51N30,7E30
1906,4,25,7,15,0,50N30,9E15
1930,1,12,4,45,0,49N 0,11E30
1889,12,12,17,30,0,51N30,7E30
1922,1,3,17,0,0,50N30,9E15
1905,1,26,20,0,0,51N30,7E30
1887,2,7,9,30,0,51N30,7E30
1899,12,17,7,0,0,48N30,9E 0
1915,6,18,17,0,0,49N 0,11E30
1915,12,13,4,0,0,49N 0,11E30
1916,10,26,22,0,0,50N30,9E15
1900,1,22,15,30,0,49N 0,11E30
1933,7,23,4,0,0,48N30,9E 0
1905,4,6,6,30,0,51N30,7E30
1907,6,14,14,0,0,51N30,7E30
1898,3,24,10,30,0,50N30,9E15
1905,8,2,21,0,0,54N30,9E45
1925,12,28,4,15,0,48N30,9E 0
1901,7,7,3,0,0,52N 0,10E 0
1931,8,19,15,0,0,49N 0,11E30
1892,4,24,10,45,0,49N 0,11E30
1927,3,24,12,45,0,51N30,7E30
1876,10,11,5,24,0,48N30,9E 0
1911,11,16,8,15,0,51N30,7E30
1927,1,15,2,30,0,49N 0,11E30
1923,10,3,15,45,0,51N30,7E30
1923,5,9,19,45,0,48N30,9E 0
1897,6,15,16,0,0,51N30,7E30
1911,11,23,13,0,0,51N30,7E30
1901,8,4,2,15,0,51N30,7E30
1884,6,23,19,59,0,49N 0,11E30
1897,11,9,9,0,0,49N 0,11E30
1927,3,25,13,0,0,51N30,7E30
1929,1,3,11,45,0,49N 0,11E30
1925,4,25,11,15,0,48N30,9E 0
1910,4,1,4,30,0,51N30,7E30
1921,4,27,2,0,0,53N 5,8E50
1912,8,12,1,15,0,50N30,9E15
1928,12,28,4,15,0,48N30,9E 0
1894,5,18,20,15,0,50N30,9E15
1912,10,4,6,45,0,50N30,9E15
1903,6,1,6,0,0,51N30,7E30
1924,4,23,11,0,0,51N30,7E30
1906,4,5,3,0,0,51N30,7E30
1929,7,19,15,0,0,50N 0,7E 0
1903,10,29,13,0,0,48N30,9E 0
1893,10,14,18,0,0,48N30,9E 0
1924,5,15,22,30,0,52N 0,10E 0
1924,3,13,10,30,0,51N30,7E30
1902,12,30,7,30,0,51N30,7E30
1883,5,18,1,53,0,50N30,9E15
1905,3,5,5,30,0,54N30,9E45
1881,8,3,17,21,0,54N30,9E45
1887,9,21,4,8,0,50N30,9E15
1890,5,3,2,29,0,49N 0,11E30
1925,2,10,8,0,0,51N30,7E30
1882,4,5,16,54,0,48N30,9E 0
1893,10,30,0,30,0,52N 0,10E 0
1905,12,12,11,30,0,50N30,9E15
1914,6,13,6,0,0,51N30,7E30
1911,2,27,12,30,0,54N30,9E45
1901,4,17,2,15,0,48N30,9E 0
1924,5,31,0,0,0,50N30,9E15
1910,6,19,1,30,0,48N30,9E 0
1905,1,26,14,15,0,54N30,9E45
1914,8,18,0,30,0,54N30,9E45
1908,6,28,1,0,0,50N30,9E15
1905,10,9,6,30,0,49N 0,11E30
1910,11,28,0,0,0,51N30,7E30
1913,11,24,10,45,0,49N 0,11E30
1903,2,21,20,15,0,49N 0,11E30
1888,12,10,9,53,0,50N30,9E15
1911,4,30,12,15,0,51N30,7E30
1924,10,5,22,30,0,50N30,9E15
1901,2,6,6,15,0,50N30,9E15
1916,2,19,1,30,0,51N30,7E30
1863,3,20,1,30,0,51N30,7E30
1892,7,12,13,15,0,51N30,7E30
1889,1,1,7,0,0,51N30,7E30
1879,7,5,0,30,0,51N30,7E30
1924,6,9,5,45,0,51N30,7E30
1884,12,14,13,51,0,54N30,9E45
1900,9,29,20,45,0,49N 0,11E30
1922,1,18,19,15,0,51N30,7E30
1910,2,27,2,45,0,49N 0,11E30
1912,9,15,12,0,0,51N30,7E30
1915,8,20,3,0,0,51N30,7E30
1921,1,24,1,45,0,50N30,9E15
1912,3,13,15,15,0,48N30,9E 0
1929,8,22,18,30,0,52N 0,10E 0
1896,8,30,2,0,0,48N30,9E 0
1899,4,22,1,0,0,50N 0,7E 0
1874,12,26,9,23,0,50N30,9E15
1925,7,4,15,45,0,51N30,7E30
1917,10,3,19,0,0,51N30,7E30
1910,4,14,5,45,0,49N 0,11E30
1891,7,29,11,0,0,51N30,7E30
1893,5,19,18,30,0,49N 0,11E30
1902,3,7,1,30,0,51N30,7E30
1930,10,27,18,45,0,51N30,7E30
1922,5,21,12,15,0,49N 0,11E30
1901,2,22,22,30,0,51N30,7E30
1909,4,21,1,0,0,51N30,7E30
1918,11,5,10,45,0,50N30,9E15
1908,9,6,1,0,0,48N30,9E 0
1921,11,18,11,30,0,51N30,7E30
1904,5,10,3,30,0,48N30,9E 0
1913,5,16,12,45,0,49N 0,11E30
1933,4,13,15,0,0,47N33,7E35
1925,4,8,4,15,0,49N 0,11E30
1928,8,12,10,0,0,50N 0,7E 0
1888,3,7,21,24,0,48N30,9E 0
1907,8,12,3,15,0,51N30,7E30
1902,7,26,0,0,0,50N30,9E15
1903,6,13,20,0,0,49N 0,11E30
1892,11,20,15,20,0,53N35,10E 0
1915,1,27,17,0,0,51N30,7E30
1921,1,4,18,0,0,51N30,7E30
1908,11,24,15,0,0,51N30,7E30
1925,8,13,4,0,0,51N30,7E30
1926,8,30,21,15,0,51N30,7E30
1926,1,25,13,15,0,51N30,7E30
1900,10,12,21,0,0,52N 0,10E 0
1905,7,17,10,0,0,51N30,7E30
1919,12,19,10,15,0,52N 0,10E 0
1899,7,23,6,30,0,48N30,9E 0
1922,4,30,20,15,0,52N 0,10E 0
1903,10,11,20,45,0,54N30,9E45
1902,8,14,7,0,0,50N 0,7E 0
1920,9,27,14,30,0,50N30,9E15
1919,9,15,4,0,0,47N33,7E35
1906,10,31,11,35,0,47N33,7E35
1894,9,27,13,0,0,49N 0,11E30
1901,1,29,16,0,0,50N30,9E15
1912,9,16,6,0,0,51N30,7E30
1931,11,5,21,30,0,51N30,7E30
1923,5,26,16,45,0,51N30,7E30
1920,6,12,11,15,0,51N30,7E30
1910,12,13,18,30,0,50N30,9E15
1922,9,5,18,15,0,51N30,7E30
1929,1,5,12,0,0,51N30,7E30
1912,6,26,21,30,0,54N30,9E45
1909,9,26,13,30,0,50N 0,7E 0
1901,6,23,20,45,0,51N30,7E30
1928,8,7,4,15,0,49N 0,11E30
1913,4,24,21,0,0,51N30,7E30
1899,8,24,10,30,0,51N30,7E30
1898,4,24,16,30,0,51N30,7E30
1871,2,27,20,14,0,49N 0,11E30
1884,10,21,11,0,0,51N30,7E30
1906,7,4,19,30,0,51N30,7E30
1895,12,1,5,30,0,54N30,9E45
1899,10,2,0,30,0,51N30,7E30
1891,11,30,6,44,0,49N 0,11E30
1914,10,28,2,30,0,52N 0,10E 0
1893,9,30,17,30,0,52N 0,10E 0
1897,8,7,7,0,0,49N 0,11E30
1924,11,14,7,30,0,51N30,7E30
1862,10,30,22,0,0,51N30,7E30
1874,7,27,5,54,40,53N 5,8E50
1902,6,23,15,15,0,52N 0,10E 0
1929,1,6,4,15,0,51N30,7E30
1929,4,16,19,15,0,51N30,7E30
1892,8,12,2,15,0,49N 0,11E30
1924,9,22,3,0,0,48N30,9E 0
1918,1,1,16,45,0,51N30,7E30
1927,4,28,11,30,0,48N30,9E 0
1879,5,9,13,24,0,48N30,9E 0
1848,6,18,13,38,0,50N39,5E30
1887,1,6,3,38,0,50N39,5E30
1870,5,14,14,47,0,51N13,3E15
1850,6,24,6,45,0,51N 5,3E45
1883,2,21,6,43,0,50N51,4E15
1882,8,31,17,43,0,50N51,4E15
1897,1,24,1,0,0,50N23,4E30
1838,10,18,10,15,0,51N 5,3E45
1819,4,13,17,45,0,51N 5,3E45
1895,7,8,23,0,0,51N14,4E30
1904,3,6,3,41,28,52N22,4E38
1850,8,14,9,12,8,52N 5,4E28
1852,8,8,21,41,28,52N22,4E38
1838,6,10,18,3,44,53N13,6E34
1844,8,30,7,40,12,51N19,4E57
1838,4,24,0,41,28,52N22,4E38
1853,7,29,5,42,8,52N 5,4E28
1885,10,31,17,42,0,51N14,4E30
1848,8,2,9,12,8,52N 5,4E28
1901,9,28,17,41,28,52N22,4E38
1842,9,5,19,42,8,52N 5,4E28
1850,4,19,11,51,24,51N59,5E54
1882,5,14,21,42,8,52N 5,4E28
1890,4,5,10,41,28,52N22,4E38
1912,8,13,8,40,28,52N22,4E38
1890,4,19,4,42,8,52N 5,4E28
1895,10,3,3,42,8,52N 5,4E28
1881,3,26,14,41,28,52N22,4E38
1907,1,22,21,9,28,52N 6,5E 8
1880,9,7,9,12,8,52N 5,4E28
1896,3,2,6,12,8,52N 5,4E28
1893,10,30,22,42,8,52N 5,4E28
1837,3,25,4,38,44,51N42,5E19
1884,1,13,13,41,28,52N22,4E38
1834,1,17,6,41,28,52N22,4E38
1866,11,2,5,42,8,52N 5,4E28
1864,11,11,4,42,8,52N 5,4E28
1873,10,5,15,42,8,52N 5,4E28
1872,3,7,22,42,8,52N 5,4E28
1833,9,9,16,42,8,52N 5,4E28
1864,5,27,21,42,8,52N 5,4E28
1833,12,9,8,41,28,52N22,4E38
1901,10,5,13,41,28,52N22,4E38
1903,6,29,12,41,28,52N22,4E38
1887,11,14,11,42,8,52N 5,4E28
1898,5,5,0,38,44,51N42,5E19
1916,5,31,3,40,28,52N31,6E 5
1837,11,17,11,36,24,51N59,5E54
1909,9,14,16,40,28,52N 6,5E 8
1856,1,8,17,12,8,52N 5,4E28
1859,3,10,1,42,8,52N 5,4E28
1891,7,24,3,42,8,52N 5,4E28
1877,10,24,14,34,24,52N59,6E24
1868,7,19,23,12,8,52N 5,4E28
1891,2,3,2,41,28,52N22,4E38
1898,11,18,4,36,24,51N59,5E54
1884,4,18,17,42,0,51N14,4E30
1851,3,21,9,41,28,52N22,4E38
1911,1,15,0,40,28,52N 5,4E28
1901,4,28,9,41,28,52N22,4E38
1854,8,12,1,41,28,52N22,4E38
1873,4,29,3,41,28,52N22,4E38
1866,1,18,15,42,8,52N 5,4E28
1893,6,12,8,42,8,52N 5,4E28
1898,7,20,16,9,28,52N 6,5E 8
1854,2,9,17,41,28,52N22,4E38
1846,1,21,0,42,8,52N 5,4E28
1882,8,1,17,12,8,52N 5,4E28
1858,6,1,16,41,28,52N22,4E38
1882,7,4,17,42,8,52N 5,4E28
1907,3,19,21,42,8,52N 5,4E28
1871,2,24,1,42,8,52N 5,4E28
1919,6,16,23,40,28,52N 5,4E28
1897,6,24,17,42,8,52N 5,4E28
1885,9,23,16,42,8,52N 5,4E28
1912,1,23,20,40,28,52N22,4E38
1870,9,28,3,42,8,52N 5,4E28
1869,8,31,20,37,20,50N51,5E40
1875,12,22,17,41,28,52N22,4E38
1842,2,21,4,42,8,52N 5,4E28
1890,7,26,14,42,8,52N 5,4E28
1889,6,19,23,11,28,52N22,4E38
1870,8,14,12,41,28,52N22,4E38
1850,5,26,21,41,28,52N22,4E38
1884,6,7,9,41,28,52N22,4E38
1861,2,7,22,42,8,52N 5,4E28
1867,1,21,17,11,28,52N22,4E38
1891,6,12,23,42,8,52N 5,4E28
1875,10,28,17,41,28,52N22,4E38
1847,10,12,19,41,28,52N22,4E38
1860,5,23,23,46,24,51N59,5E54
1862,4,29,23,11,28,52N22,4E38
1917,6,27,23,40,28,52N 6,5E 8
1865,2,8,4,11,28,52N22,4E38
1878,6,15,6,41,28,52N22,4E38
1864,3,14,2,42,8,52N 5,4E28
1855,7,8,15,42,8,52N 5,4E28
1864,8,8,5,42,8,52N 5,4E28
1871,10,18,9,41,28,52N22,4E38
1866,10,19,15,42,8,52N 5,4E28
1854,2,20,1,41,28,52N22,4E38
1847,4,3,6,12,8,52N 5,4E28
# End of data from Volume A, 1408 persons
1928,2,28,17,15,0,39N45,84W12
1908,5,31,25,0,0,42N35,87W49
1912,5,24,27,0,0,43N2,87W55
1944,12,7,17,55,0,42N43,71W10
1923,5,26,7,26,0,44N59,93W16
1939,8,30,8,30,0,29N11,82W8
1947,7,30,19,43,0,41N18,72W55
1913,2,25,13,30,0,41N30,81W42
1945,3,28,21,40,0,43N1,71W36
1938,2,25,23,18,0,34N6,118W21
1931,4,29,17,51,0,41N52,87W39
1932,6,4,23,42,0,34N4,118W25
1914,8,31,11,30,0,39N56,82W1
1928,7,22,13,0,0,44N29,73W12
1946,5,9,29,52,0,34N4,118W15
1934,1,22,31,20,0,37N47,122W25
1939,7,1,10,0,0,42N2,87W51
1933,9,18,12,30,0,40N49,74W9
1917,12,31,29,25,0,38N37,90W12
1929,1,15,19,50,0,32N15,101W28
1917,6,18,13,30,0,34N4,118W15
1930,9,26,16,45,0,40N44,74W4
1927,10,1,6,36,0,41N52,87W39
1951,8,30,29,28,0,34N25,119W42
1939,3,8,25,50,0,40N44,74W10
1924,5,25,23,15,0,41N30,81W42
1914,12,28,21,0,0,39N6,84W31
1924,4,3,29,0,0,41N17,96W1
1941,12,9,11,56,0,34N4,118W15
1949,12,4,31,58,0,34N4,118W15
1930,7,24,22,50,0,40N49,74W13
1936,7,24,23,10,0,41N22,71W50
1925,7,15,14,24,0,40N53,74W3
1936,12,8,20,0,0,34N6,118W21
1938,12,31,23,27,0,39N21,74W27
1922,6,1,12,2,0,40N47,74W14
1934,3,31,26,20,0,34N4,118W25
1921,1,31,29,0,0,47N36,122W20
1944,7,31,30,14,0,34N1,118W29
1926,3,31,16,50,0,34N4,118W15
1914,9,11,14,0,0,36N44,119W47
1928,5,23,7,30,0,38N39,83W46
1940,7,5,21,30,0,47N51,121W58
1939,5,1,19,55,0,47N36,122W20
1939,8,7,18,45,0,31N54,96W43
1925,10,27,15,35,0,37N49,122W16
1934,7,23,22,15,0,38N37,90W12
1914,10,26,11,0,0,34N4,118W15
1939,4,7,6,38,0,42N20,83W3
1920,3,25,19,15,0,36N6,80W15
1925,5,25,25,0,0,34N54,117W1
1927,11,30,24,14,0,34N4,118W15
1930,8,16,31,16,0,37N49,122W16
1910,5,15,15,48,0,47N36,122W20
1923,2,15,25,34,0,40N45,111W53
1909,5,4,12,0,0,41N30,81W42
1925,8,11,10,10,0,44N59,93W16
1948,12,31,21,0,0,30N25,87W13
1918,10,23,18,30,0,44N23,89W49
1922,4,3,22,30,0,39N6,84W31
1920,10,13,21,50,0,40N18,109W59
1925,7,23,27,31,0,34N4,118W15
1907,11,26,11,0,0,34N4,118W15
1942,4,23,9,35,0,40N40,74W7
1917,7,17,7,0,0,40N44,84W6
1930,4,14,8,45,0,37N47,122W25
1935,12,21,16,25,0,41N30,81W42
1921,9,27,12,0,0,40N23,82W29
1921,2,14,23,15,0,41N5,81W31
1936,5,30,7,14,0,41N30,81W42
1946,2,20,14,34,0,32N9,94W48
1936,6,30,19,30,0,30N25,87W13
1929,9,30,25,10,0,32N43,117W9
1930,5,31,25,35,0,37N47,122W25
1921,7,29,29,0,0,37N47,122W25
1938,6,21,14,10,0,34N49,102W24
1920,6,13,19,0,0,40N47,87W44
1940,8,14,17,40,0,40N2,81W35
1944,1,19,11,25,0,34N1,118W29
1920,10,27,11,0,0,32N43,117W9
1945,2,9,18,27,0,34N4,118W15
1946,11,6,12,23,0,34N9,118W9
1922,7,19,19,55,0,37N47,122W25
1922,12,9,7,12,0,38N37,90W12
1922,12,24,24,10,0,35N28,78W11
1932,2,3,14,40,0,40N48,81W23
1923,1,30,19,0,0,40N44,74W10
1922,5,21,12,0,0,,
1925,7,1,31,35,0,37N20,121W53
1926,3,18,15,55,0,44N59,93W16
1922,2,9,18,30,0,36N6,80W15
1932,4,11,26,52,0,41N30,81W42
1955,6,2,28,49,0,37N47,122W25
1928,4,1,6,50,0,35N28,77W40
1929,10,2,29,0,0,38N37,90W12
1931,7,28,13,48,0,34N6,118W21
1934,5,18,29,0,0,34N4,118W15
1927,5,23,22,0,0,43N2,87W55
1937,8,8,25,7,0,34N4,118W15
1925,2,17,8,16,0,41N30,81W42
1936,5,17,26,45,0,37N45,100W1
1952,7,14,27,8,0,34N4,118W15
1944,3,28,18,21,0,32N48,115W34
1937,6,30,18,25,0,42N16,89W6
1943,11,17,26,45,0,32N46,79W56
1934,9,27,18,3,0,36N10,86W47
1923,1,26,19,15,0,35N23,77W59
1935,5,8,12,15,0,43N2,87W55
1938,1,14,10,48,0,34N6,118W21
1942,9,29,22,7,0,42N23,71W2
1941,6,2,24,15,0,32N5,81W6
1946,1,5,10,49,0,34N4,118W15
1921,11,14,7,0,0,40N40,74W7
1937,6,2,15,37,0,33N47,118W11
1930,12,5,19,10,0,34N4,118W15
1928,1,26,9,0,0,33N37,81W6
1936,11,11,13,24,0,34N4,118W15
1936,6,22,21,30,0,25N54,97W30
1937,9,7,8,25,0,34N6,118W21
1932,9,5,19,35,0,41N54,87W52
1942,6,24,8,25,0,34N4,118W15
1927,7,6,22,15,0,37N18,120W29
1939,11,21,22,55,0,39N48,89W39
1926,3,16,17,15,0,40N44,74W10
1926,9,26,26,0,0,38N26,122W43
1909,1,14,21,45,0,43N48,91W15
1944,5,14,12,40,0,37N39,121W0
1926,6,13,13,15,0,40N23,82W29
1921,3,12,12,15,0,40N46,74W13
1922,1,19,8,20,0,35N23,119W1
1912,3,22,23,0,0,41N35,87W20
1917,6,17,29,55,0,40N22,80W37
1942,4,3,16,12,0,38N37,90W12
1918,3,17,11,0,0,41N32,88W5
1914,2,15,12,0,0,47N36,122W20
1935,5,11,25,49,0,40N52,124W5
1905,11,5,15,0,0,34N4,118W15
1926,5,1,22,4,0,44N16,88W25
1920,11,21,21,10,0,44N59,93W16
1935,11,26,6,20,0,41N5,81W31
1907,11,16,8,0,0,41N30,81W42
1945,12,1,24,49,0,21N19,157W52
1941,1,8,15,2,0,34N6,118W21
1946,3,12,15,58,0,34N4,118W15
1920,2,29,16,50,0,38N35,121W29
1941,5,8,29,55,0,34N4,118W15
1921,4,17,19,44,0,35N8,90W3
1933,4,15,24,38,0,34N4,118W15
1931,7,13,6,49,0,41N39,83W33
1929,1,7,22,15,0,34N4,118W15
1941,4,5,23,9,0,42N20,83W3
1929,7,31,30,10,0,34N6,118W21
1921,10,19,26,20,0,34N9,118W9
1926,1,20,10,30,0,36N40,84W03
1940,5,8,17,25,0,40N53,74W1
1925,1,26,11,30,0,41N30,81W42
1941,4,20,17,34,0,34N4,118W15
1963,11,5,11,38,0,34N4,118W15
1928,7,5,11,0,0,37N13,87W14
1917,5,1,29,55,0,40N48,81W23
1933,8,19,15,0,0,39N44,104W59
1922,9,16,17,5,0,47N14,122W26
1927,1,25,13,50,0,37N47,122W25
1922,6,26,13,0,0,39N44,83W49
1916,4,5,16,0,0,32N50,117W16
1925,2,21,22,15,0,36N44,119W47
1940,3,27,5,45,0,41N14,80W49
1941,2,6,19,40,0,34N4,118W15
1943,9,3,26,20,0,29N18,94W48
1926,10,15,21,0,0,40N48,81W23
1919,6,29,30,50,0,36N31,119W33
1925,7,16,10,35,0,36N20,119W39
1921,10,17,27,40,0,39N58,83W0
1933,9,14,10,10,0,37N39,121W0
1940,12,1,19,2,0,40N42,89W36
1930,6,20,16,15,0,35N8,90W3
1926,4,22,24,30,0,43N2,87W55
1917,1,19,21,0,0,33N46,117W52
1921,3,21,13,30,0,33N47,118W11
1936,8,18,28,2,0,34N1,118W29
1926,1,21,15,0,0,48N11,106W38
1911,11,5,18,15,0,39N6,84W31
1944,3,26,27,46,0,42N20,83W3
1931,8,15,10,15,0,39N10,84W27
1921,6,21,12,15,0,47N28,94W53
1921,1,3,8,5,0,34N4,118W15
1951,3,17,15,42,0,42N6,72W35
1924,7,4,21,25,0,40N44,74W10
1940,8,19,26,21,0,34N4,118W15
1944,9,4,28,34,0,34N4,118W15
1948,2,5,18,1,0,34N6,118W21
1940,8,3,25,3,0,39N45,84W12
1924,9,15,28,30,0,40N8,87W37
1931,3,6,28,12,0,34N4,118W15
1930,11,3,28,45,0,39N3,95W40
1932,12,18,10,56,0,33N57,118W12
1919,1,13,24,40,0,34N4,118W15
1922,12,13,21,15,0,41N30,81W42
1936,3,5,29,42,0,34N6,118W21
1922,4,5,17,0,0,28N39,96W54
1922,1,31,8,30,0,37N49,122W16
1923,9,6,18,30,0,34N4,118W15
1943,1,24,22,47,0,32N47,96W49
1928,4,23,29,0,0,34N1,118W29
1949,5,26,9,4,0,39N58,83W0
1925,11,27,16,45,0,40N42,89W36
1931,5,20,21,35,0,48N25,114W20
1954,2,18,19,53,0,40N54,73W59
1925,1,9,10,0,0,40N3,74W38
1924,3,27,26,45,0,40N44,74W10
1910,1,27,30,21,0,37N47,122W25
1925,1,13,17,57,0,34N1,118W25
1945,7,15,16,16,0,39N44,104W59
1930,2,10,6,45,0,42N20,83W3
1927,5,30,19,15,0,38N50,90W6
1916,6,2,17,15,0,34N9,118W9
1940,12,12,20,8,0,40N46,74W14
1940,9,5,19,4,0,41N52,87W39
1915,5,6,13,0,0,42N35,87W49
1959,12,13,8,14,0,34N11,118W26
1928,2,1,17,25,0,37N47,122W25
1914,12,26,6,45,0,45N33,92W51
1947,8,22,24,35,0,34N11,118W26
1933,12,8,26,27,0,40N44,74W4
1925,11,11,26,23,0,39N45,84W12
1922,8,18,6,5,0,38N37,90W12
1926,12,17,29,25,0,39N21,97W27
1913,1,6,22,30,0,40N45,111W53
# End of data from Volume D10, 228 persons
1938,05,10,16,00,0,-,-
1932,04,27,12,00,0,-,-
1919,03,18,11,00,0,-,-
1932,11,08,2,15,0,-,-
1929,08,18,8,15,0,-,-
1928,09,18,5,30,0,-,-
1924,05,22,0,15,0,-,-
1930,06,09,16,00,0,-,-
1931,11,02,16,15,0,-,-
1934,06,15,22,00,0,-,-
1900,12,23,20,00,0,-,-
1925,05,14,13,00,0,-,-
1933,04,09,9,00,0,-,-
1930,10,23,1,45,0,-,-
1926,04,28,9,30,0,-,-
1925,11,06,0,15,0,-,-
1936,06,15,7,50,0,-,-
1925,01,16,16,30,0,-,-
1884,07,04,2,30,0,-,-
1914,06,14,4,10,0,-,-
1937,08,15,8,00,0,-,-
1932,10,27,3,00,0,-,-
1927,07,25,21,15,0,-,-
1920,02,27,22,00,0,-,-
1915,04,26,18,00,0,-,-
1927,03,07,1,25,0,-,-
1935,01,28,11,00,0,-,-
1934,03,11,18,00,0,-,-
1938,07,16,8,00,0,-,-
1940,02,23,15,00,0,-,-
1928,06,16,22,00,0,-,-
1927,06,28,18,00,0,-,-
1939,02,16,7,40,0,-,-
1929,10,06,6,00,0,-,-
1914,07,24,18,00,0,-,-
1889,12,05,3,00,0,-,-
1938,05,15,16,00,0,-,-
1925,08,27,18,00,0,-,-
1934,11,24,5,30,0,-,-
1925,01,01,4,30,0,-,-
1935,11,08,3,25,0,-,-
1935,09,29,22,00,0,-,-
1943,10,22,13,35,0,-,-
1948,12,27,8,00,0,-,-
1930,04,15,9,00,0,-,-
1922,04,07,11,00,0,-,-
1922,11,09,7,15,0,-,-
1947,01,26,10,30,0,-,-
1926,06,17,11,15,0,-,-
1921,04,27,23,30,0,-,-
1933,01,29,13,45,0,-,-
1936,09,16,7,00,0,-,-
1919,10,29,2,00,0,-,-
1942,03,21,18,10,0,-,-
1880,01,25,23,55,0,-,-
1923,12,02,18,00,0,-,-
1938,11,29,3,30,0,-,-
1947,06,28,8,55,0,-,-
1943,04,28,5,00,0,-,-
1912,08,29,17,00,0,-,-
1924,11,28,2,10,0,-,-
1934,07,21,15,45,0,-,-
1936,06,27,16,50,0,-,-
1946,06,15,9,30,0,-,-
1904,05,17,2,00,0,-,-
1931,10,25,2,00,0,-,-
1927,12,19,7,00,0,-,-
1943,06,15,13,00,0,-,-
1925,10,20,0,00,0,-,-
1925,07,26,5,00,0,-,-
1927,12,30,2,30,0,-,-
1940,11,04,18,15,0,-,-
1942,02,25,13,00,0,-,-
1943,02,11,14,00,0,-,-
1920,01,04,5,00,0,-,-
1917,11,25,2,00,0,-,-
1938,12,11,16,00,0,-,-
1923,01,11,20,00,0,-,-
1916,09,07,1,00,0,-,-
1932,04,12,23,30,0,-,-
1933,06,22,18,40,0,-,-
1946,07,22,22,00,0,-,-
1939,01,01,4,30,0,-,-
1901,05,28,9,00,0,-,-
1925,02,10,10,00,0,-,-
1923,06,07,22,00,0,-,-
1928,01,23,11,15,0,-,-
1922,09,16,18,15,0,-,-
1944,04,11,19,40,0,-,-
1905,03,08,17,00,0,-,-
1930,10,01,21,30,0,-,-
1923,07,18,10,40,0,-,-
1927,10,24,10,00,0,-,-
1918,06,10,23,00,0,-,-
1931,04,03,12,40,0,-,-
1919,11,10,6,00,0,-,-
1935,07,24,23,15,0,-,-
1926,08,17,15,20,0,-,-
1944,07,03,0,15,0,-,-
1922,08,22,13,15,0,-,-
1925,02,25,4,00,0,-,-
1900,02,21,8,00,0,-,-
1929,02,08,7,50,0,-,-
1909,02,10,18,00,0,-,-
1927,02,24,16,00,0,-,-
1917,11,05,0,15,0,-,-
1927,04,13,5,00,0,-,-
1928,05,28,18,00,0,-,-
1911,08,13,5,45,0,-,-
1947,01,26,14,00,0,-,-
1928,06,02,15,25,0,-,-
1945,08,16,3,30,0,-,-
1947,07,31,15,05,0,-,-
1914,05,28,16,25,0,-,-
1935,06,27,2,00,0,-,-
1892,08,05,2,00,0,-,-
1929,09,01,21,00,0,-,-
1930,12,11,19,00,0,-,-
1921,08,02,18,00,0,-,-
1921,07,14,20,30,0,-,-
1931,05,25,5,00,0,-,-
1930,06,15,11,20,0,-,-
1928,05,01,8,00,0,-,-
1921,10,16,8,00,0,-,-
1933,07,18,1,00,0,-,-
# End of data from Volume E1, 125 persons
