1853,10,30,15,50,40,48N36,2E20
1873,5,28,9,50,4,48N47,2E29
1881,1,15,7,47,40,45N47,3E 5
1807,4,17,10,37,8,45N11,5E43
1865,8,24,18,51,16,48N50,2E11
1865,7,8,5,5,24,47N37,6E 9
1843,8,29,7,47,40,50N39,3E 5
1819,2,23,15,34,8,43N32,6E28
1883,3,5,5,2,16,43N40,0E36
1887,8,21,9,57,36,44N50,0W34
1878,10,11,2,57,36,44N50,0W34
1890,8,19,20,49,20,48N33,2E40
1867,8,12,21,39,28,48N 7,5E 8
1878,6,17,0,32,8,47N28,0W32
1859,3,24,6,2,8,47N28,0W32
1833,3,19,11,50,40,48N50,2E20
1907,1,16,19,50,40,41N55,8E44
1802,3,12,1,50,36,43N12,2E21
1861,1,27,12,34,8,43N32,6E28
1854,4,19,10,55,40,49N26,1E 5
1861,1,26,9,25,16,49N 1,1E11
1817,3,7,3,52,24,47N54,1E54
1895,7,13,0,50,40,48N57,4E22
1814,12,29,1,2,8,47N28,0W32
1835,11,21,16,37,48,46N40,5E33
1846,11,6,21,42,36,43N51,4E21
1882,6,24,2,52,24,47N54,1E54
1864,8,30,18,2,16,43N40,0E36
1833,2,20,2,2,8,47N28,0W32
1849,8,19,23,6,20,47N13,1W35
1880,4,18,12,45,0,36N10,3E45
1869,5,14,18,6,20,47N13,1W35
1905,5,12,7,20,40,46N17,1E52
1879,5,20,18,57,36,44N50,0W34
1892,1,2,0,50,40,48N42,6E12
1805,7,28,5,45,40,47N48,3E35
1890,9,10,21,36,16,48N50,2E11
1830,5,8,13,40,40,45N46,4E50
1862,1,22,11,40,40,45N46,4E50
1896,1,21,16,50,40,43N37,3E53
1881,10,3,12,6,20,47N13,1W35
1880,5,31,2,4,40,46N 9,1W10
1861,9,27,8,12,28,45N26,4E23
1816,8,12,9,52,0,49N 0,2E 0
1888,3,16,14,5,40,48N36,2E20
1855,2,27,12,57,12,47N24,0E42
1858,2,18,14,40,40,45N46,4E50
1811,11,4,22,50,16,49N 7,6E11
1882,7,5,9,34,8,43N32,6E28
1859,5,8,1,42,28,45N26,4E23
1857,4,5,16,54,0,48N27,1E30
1861,8,25,7,4,40,46N 9,1W10
1825,4,14,1,57,12,47N24,0E42
1844,10,11,12,35,16,49N 7,6E11
1816,6,23,22,5,52,47N15,6E 2
1862,8,5,19,20,0,48N55,2E30
1886,8,19,6,18,20,42N42,2E55
1858,4,16,12,37,8,45N11,5E43
1868,5,18,7,50,4,48N47,2E29
1854,1,20,17,39,20,48N46,5E10
1848,11,1,0,39,20,48N46,5E10
1872,4,4,4,42,36,43N51,4E21
1817,4,18,6,4,20,49N 7,1W 5
1873,4,24,23,27,12,47N24,0E42
1880,1,10,20,47,40,50N39,3E 5
1822,11,13,5,52,32,46N17,1E52
1844,10,24,10,25,40,49N26,1E 5
1828,11,7,16,5,40,46N40,1W25
1837,11,2,19,49,20,48N33,2E40
1841,12,6,20,44,28,43N37,3E53
1876,3,24,21,1,24,48N 0,4W 6
1888,4,28,21,44,28,43N37,3E53
1874,10,26,2,54,40,47N35,1E20
1895,10,1,12,50,40,49N26,1E 5
1874,12,30,5,40,40,43N57,4E50
1840,11,30,7,43,40,48N18,4E 5
1839,9,17,8,40,40,45N46,4E50
1916,12,17,1,0,0,45N11,0E44
1848,5,10,9,10,40,45N46,4E50
1900,9,9,10,50,40,46N17,1E52
1844,7,7,5,10,56,47N40,2W44
1827,3,23,10,48,56,50N18,2E46
1844,6,23,2,55,40,49N26,1E 5
1836,3,28,19,0,36,48N 5,7E21
1836,3,28,18,30,36,48N 5,7E21
1821,3,30,21,50,40,48N50,2E20
1805,12,23,23,48,56,50N18,2E46
1816,11,21,9,51,16,48N50,2E11
1814,8,21,2,51,16,48N50,2E11
1819,9,11,1,50,40,48N36,2E20
1844,1,19,9,49,20,48N33,2E40
1890,12,26,0,58,40,46N35,0E20
1868,4,28,3,17,40,50N39,3E 5
1908,12,17,9,50,40,49N 0,2E 0
1829,2,20,22,40,40,46N18,4E50
1867,1,6,10,22,24,47N54,1E54
1838,7,29,16,48,56,50N18,2E46
1874,8,14,3,51,28,48N50,2E 8
1843,3,28,9,45,32,49N34,3E37
1854,6,29,14,19,20,48N33,2E40
1818,4,3,15,55,40,49N26,1E 5
1811,6,18,4,43,40,48N18,4E 5
1905,2,4,8,50,40,49N26,2E 5
1860,10,1,5,37,8,45N11,5E43
1878,1,29,10,51,16,48N50,2E11
1871,9,9,5,18,56,50N18,2E46
1823,3,25,0,40,40,45N46,4E50
1852,2,4,14,34,8,43N32,6E28
1849,6,2,14,50,40,48N50,2E20
1871,5,1,22,54,40,47N35,1E20
1899,12,27,20,50,40,46N19,0W27
1821,3,15,7,37,48,46N40,5E33
1839,2,20,22,47,24,46N59,3E 9
1823,1,10,11,43,40,48N18,4E 5
1854,3,23,7,2,0,43N54,0W30
1803,6,13,0,50,40,48N36,2E20
1872,5,17,15,1,28,49N11,0W22
1818,5,17,17,35,24,47N37,6E 9
1836,11,2,15,47,40,50N39,3E 5
1864,5,12,14,1,28,49N11,0W22
1815,9,28,21,39,52,47N19,5E 2
1846,6,25,12,59,40,43N14,0E 5
1854,2,2,10,1,28,49N11,0W22
1865,4,30,2,55,40,49N26,1E 5
1849,3,17,10,55,40,49N26,1E 5
1886,9,22,17,27,28,44N12,0E38
1887,11,12,23,47,40,50N39,3E 5
1812,3,21,17,38,32,43N18,5E22
1817,11,22,9,37,8,45N11,5E43
1895,12,21,10,50,40,45N50,1E15
1814,8,12,22,16,24,48N 0,4W 6
1805,3,4,13,49,20,48N33,2E40
1827,9,10,5,36,40,48N 7,1W40
1845,5,7,5,35,16,49N 7,6E11
1883,2,3,13,39,52,47N19,5E 2
1857,2,11,18,49,44,44N21,2E34
1822,3,16,19,57,36,44N50,0W34
1811,4,6,2,40,40,45N46,4E50
1867,10,3,9,51,16,48N50,2E11
1867,9,6,1,37,8,45N11,5E43
1833,6,20,14,31,28,43N18,0W22
1839,4,4,3,48,56,50N18,2E46
1808,4,16,23,54,16,43N37,1E26
1847,5,8,16,7,8,45N11,5E43
1874,9,18,0,41,36,44N44,4E36
1817,11,22,11,50,40,48N50,2E20
1828,2,12,15,40,40,45N46,4E50
1878,9,11,14,37,48,46N40,5E33
1838,1,10,6,49,20,48N33,2E40
1805,5,24,1,42,36,43N51,4E21
1824,7,12,5,1,28,49N11,0W22
1825,11,30,16,4,40,46N 9,1W10
1824,4,25,4,50,40,48N50,2E20
1807,10,17,14,10,56,47N40,2W44
1873,6,5,13,10,40,45N46,4E50
1905,8,19,7,50,40,43N18,5E22
1850,10,18,3,22,24,47N54,1E54
1904,9,3,14,50,40,43N42,7E16
1882,5,13,20,52,0,49N 0,2E 0
1804,8,30,20,57,36,44N50,0W34
1907,11,18,8,20,40,48N50,2E 8
1902,3,23,18,20,40,43N32,6E28
1899,1,11,16,50,40,48N 1,0E12
1817,4,22,6,4,40,46N 9,1W10
1824,11,4,20,34,8,48N10,6E28
1846,7,5,8,51,40,49N26,2E 5
1808,7,7,20,4,40,46N 9,1W10
1857,9,1,19,58,40,46N35,0E20
1821,4,16,15,48,56,50N18,2E46
1845,11,5,20,55,40,49N26,1E 5
1860,9,2,10,36,20,45N34,5E55
1847,7,9,5,4,20,49N 7,1W 5
1879,12,16,15,17,40,45N47,3E 5
1822,7,15,14,54,40,47N35,1E20
1838,5,16,10,45,32,49N34,3E37
1824,9,27,23,44,28,43N37,3E53
1853,11,15,11,36,40,48N 7,1W40
1866,10,27,16,36,20,45N34,5E55
1860,8,16,0,57,28,44N12,0E38
1918,4,14,21,0,0,48N36,2E20
1900,1,1,12,50,40,44N50,0W34
1866,5,16,4,50,4,48N47,2E29
1821,1,5,9,40,40,46N18,4E50
1804,4,6,8,43,40,48N18,4E 5
1828,3,28,15,39,8,46N12,5E13
1853,10,29,16,58,40,46N35,0E20
1876,7,9,4,1,28,43N18,0W22
1837,7,4,4,47,40,50N39,3E 5
1860,5,9,6,5,48,49N54,2E18
1821,8,23,21,40,40,45N46,4E50
1878,5,31,22,45,40,47N48,3E35
1822,8,21,11,55,40,49N26,1E 5
1924,10,14,5,0,0,45N11,0E44
1849,1,16,2,50,0,48N55,2E30
1904,8,17,5,50,40,50N39,3E 5
1850,2,14,3,55,40,49N26,1E 5
1901,6,20,14,50,40,43N55,2E 8
1841,5,25,17,48,56,50N18,2E46
1844,9,19,9,6,20,47N13,1W35
1884,1,26,8,5,32,45N54,6E 7
1903,4,29,22,5,40,47N13,1W35
1839,1,19,0,38,32,43N18,5E22
1862,9,26,21,21,20,47N13,1W35
1882,10,3,5,42,36,43N51,4E21
1870,6,10,21,17,40,45N47,3E 5
1860,11,3,10,37,8,45N11,5E43
1813,10,30,1,4,40,46N 9,1W10
1851,2,2,19,9,8,46N12,5E13
1825,6,8,2,55,16,49N 1,1E11
1845,12,20,22,42,28,45N26,4E23
1876,2,26,6,34,40,46N 9,1W10
1897,8,24,12,50,40,45N11,5E43
1878,4,26,5,40,40,46N18,4E50
1844,1,7,8,42,28,45N26,4E23
1822,2,9,11,54,0,48N27,1E30
1842,1,30,8,30,56,43N42,7E16
1864,3,2,12,37,8,45N11,5E43
1859,2,23,3,47,24,46N59,3E 9
1849,7,20,7,35,52,47N15,6E 2
1821,8,5,3,40,40,43N57,4E50
1822,7,21,3,34,8,43N32,6E28
1864,6,14,20,6,20,47N13,1W35
1883,12,31,21,50,4,48N47,2E29
1816,2,4,1,40,40,46N18,4E50
1825,3,21,6,48,56,50N18,2E46
1860,11,22,17,47,40,50N39,3E 5
1815,5,15,7,39,8,46N12,5E13
1855,10,31,4,39,52,47N19,5E 2
1867,10,2,22,50,4,48N47,2E29
1860,1,5,0,35,52,47N15,6E 2
1919,8,31,11,0,0,47N13,1W35
1843,9,11,19,50,40,48N50,2E20
1826,5,20,0,40,24,44N56,4E54
1891,1,20,2,43,40,48N18,4E 5
1914,11,7,19,30,0,45N11,0E44
1888,10,13,1,34,20,49N 7,1W 5
1889,7,5,0,51,28,48N50,2E 8
1829,9,7,20,31,28,49N11,0W22
1812,9,4,14,3,0,48N 4,0W45
1818,9,25,1,47,40,50N39,3E 5
1798,12,5,16,50,40,48N50,2E20
1828,7,11,10,58,56,50N18,2E46
1892,6,27,4,50,40,48N42,6E12
1803,10,24,8,51,28,48N50,2E 8
1850,10,10,2,47,40,50N39,3E 5
1813,8,27,22,40,40,45N46,4E50
1870,11,6,16,36,20,47N13,1W35
1894,6,18,15,50,40,47N 5,2E23
1796,7,16,1,20,40,48N50,2E20
1837,2,17,11,44,28,43N37,3E53
1863,7,12,8,44,28,45N 3,3E53
1819,6,10,2,35,52,47N15,6E 2
1810,3,7,15,34,8,43N32,6E28
1904,12,13,15,50,40,43N51,4E21
1815,12,21,22,51,40,49N26,2E 5
1823,5,26,22,40,40,46N18,4E50
1834,1,27,13,51,40,49N26,2E 5
1822,6,1,11,45,40,47N48,3E35
1819,1,27,13,47,40,50N39,3E 5
1860,5,31,10,57,28,44N12,0E38
1856,5,20,5,17,40,50N39,3E 5
1820,9,7,7,58,40,46N35,0E20
1867,12,1,10,31,28,43N18,0W22
1918,10,22,14,0,0,48N47,2E29
1847,2,20,21,50,40,48N50,2E20
1823,5,3,9,40,40,45N46,4E50
1824,10,15,6,16,24,48N 0,4W 6
1808,2,26,14,38,32,43N18,5E22
1834,2,19,20,49,20,48N33,2E40
1812,9,28,20,49,20,48N33,2E40
1804,7,16,3,27,36,44N50,0W34
1821,7,14,2,3,56,50N18,2E46
1847,4,25,9,54,16,43N37,1E26
1805,12,21,6,37,8,45N11,5E43
1861,9,10,13,50,48,49N54,2E18
1868,6,21,14,40,40,46N18,4E50
1866,2,6,18,35,16,49N 7,6E11
1880,5,26,6,25,16,49N 1,1E11
1806,8,28,5,35,52,47N15,6E 2
1834,7,19,20,20,40,48N50,2E20
1822,4,23,9,50,40,48N50,2E20
1811,5,2,23,6,40,48N 7,1W40
1809,1,26,20,18,56,50N18,2E46
1845,1,16,2,47,40,50N39,3E 5
1867,7,6,18,30,32,49N34,3E37
1898,8,27,4,50,40,48N27,1E30
1915,7,16,4,0,0,46N40,1W25
1828,6,13,8,6,20,47N13,1W35
1874,2,24,8,57,12,47N24,0E42
1818,6,12,8,47,40,50N39,3E 5
1841,2,4,16,42,36,43N51,4E21
1842,4,16,11,45,40,47N48,3E35
1877,6,28,3,49,20,48N33,2E40
1878,4,6,16,47,40,50N39,3E 5
1851,10,25,5,17,40,50N39,3E 5
1833,10,6,0,48,56,50N18,2E46
1870,11,25,16,4,20,49N 7,1W 5
1872,11,14,22,11,4,49N46,4E44
1880,6,17,13,51,28,48N50,2E 8
1837,2,6,9,48,56,50N18,2E46
1821,7,22,3,47,40,50N39,3E 5
1851,3,22,2,34,8,48N10,6E28
1886,2,10,18,4,20,49N 7,1W 5
1831,11,9,10,34,8,43N32,6E28
1817,4,16,3,53,16,46N49,1E41
1880,9,25,22,17,24,46N59,3E 9
1894,9,30,1,50,40,44N 1,1E20
1912,3,7,17,0,0,45N26,4E23
1886,3,19,17,57,36,44N50,0W34
1848,10,5,16,50,40,48N50,2E20
1867,10,13,22,37,0,49N 0,2E 0
1862,2,23,1,47,40,50N39,3E 5
1826,9,22,23,55,40,49N26,1E 5
1820,7,8,16,47,40,45N47,3E 5
1805,4,22,3,50,40,48N50,2E20
1818,10,28,14,35,16,49N 7,6E11
1820,12,27,3,40,40,45N46,4E50
1878,2,6,5,57,36,44N50,0W34
1807,8,21,7,57,36,44N50,0W34
1831,5,26,10,50,40,48N50,2E20
1864,11,14,2,54,16,43N37,1E26
1856,1,28,0,46,40,46N34,3E20
1889,3,4,8,57,36,44N50,0W34
1824,1,28,0,35,52,47N15,6E 2
1832,1,6,5,29,0,48N35,7E45
1879,11,8,9,57,36,44N50,0W34
1883,12,16,15,58,40,46N35,0E20
1835,6,28,5,6,20,47N13,1W35
1874,3,21,7,37,8,45N11,5E43
1827,12,16,17,12,36,43N51,4E21
1838,6,23,13,1,28,49N11,0W22
1884,12,25,18,50,4,48N47,2E29
1816,7,12,22,57,36,44N50,0W34
1857,8,12,6,35,24,47N37,6E 9
1814,6,19,0,50,40,48N50,2E20
1837,2,27,12,6,20,47N13,1W35
1886,10,29,23,5,52,47N15,6E 2
1833,3,28,20,40,40,45N46,4E50
1821,2,26,22,1,28,49N11,0W22
1891,9,8,6,50,40,48N 0,4W 6
1819,3,31,17,50,40,48N50,2E20
1853,5,16,1,50,40,48N50,2E20
1843,2,14,9,44,28,45N 3,3E53
1813,4,12,14,40,40,45N46,4E50
1806,1,11,23,47,40,50N39,3E 5
1843,3,7,15,50,40,48N50,2E20
1836,3,27,0,38,32,43N18,5E22
1870,6,20,22,50,4,48N47,2E29
1876,11,23,21,21,28,48N50,2E 8
1888,3,12,13,55,40,49N26,1E 5
1877,6,3,6,55,40,49N26,1E 5
1860,4,7,3,7,40,50N39,3E 5
1884,7,5,23,55,40,48N36,2E20
1841,11,3,22,11,4,49N46,4E44
1811,4,5,20,6,20,47N13,1W35
1816,6,18,11,55,0,45N50,1E15
1849,2,15,11,54,40,47N35,1E20
1833,7,9,6,52,24,47N54,1E54
1869,3,24,3,1,28,43N18,0W22
1814,5,20,18,6,40,48N 7,1W40
1894,10,29,12,20,40,46N 9,1W10
1876,4,25,16,51,28,48N50,2E 8
1807,10,5,4,47,40,50N39,3E 5
1812,6,17,8,50,40,48N50,2E20
1841,1,4,10,50,40,48N50,2E20
1814,8,5,3,50,40,48N50,2E20
1867,6,26,0,39,28,48N 7,5E 8
1859,6,25,4,40,24,44N56,4E54
1865,5,13,22,41,36,44N44,4E36
1850,7,14,9,52,56,45N16,1E46
1872,6,7,2,51,16,48N50,2E11
1834,4,16,1,21,28,43N55,2E 8
1870,8,14,22,49,20,48N33,2E40
1904,5,2,20,50,40,47N 5,2E23
1867,9,21,5,1,28,43N18,0W22
1810,9,20,10,50,40,48N50,2E20
1900,10,5,23,53,40,50N39,3E 5
1872,10,3,11,0,56,43N42,7E16
1830,5,24,23,5,52,47N15,6E 2
1867,3,30,15,40,40,45N46,4E50
1818,4,17,11,35,12,48N42,6E12
1872,5,21,17,49,20,48N33,2E40
1819,6,1,19,30,36,48N 5,7E21
1831,1,17,19,35,52,47N15,6E 2
1836,1,14,14,37,8,45N11,5E43
1850,11,22,13,50,40,48N50,2E20
1822,8,23,0,37,8,45N11,5E43
1823,1,3,4,42,28,45N26,4E23
1816,5,24,12,17,40,50N39,3E 5
1879,2,21,18,21,16,48N50,2E11
1864,9,14,1,25,40,49N26,1E 5
1847,9,29,2,42,36,43N51,4E21
1815,11,13,0,35,12,48N42,6E12
1826,4,12,10,35,12,48N42,6E12
1868,12,15,8,36,20,45N34,5E55
1900,10,27,12,50,40,47N54,1E54
1824,4,11,11,51,40,49N26,2E 5
1843,7,17,17,35,16,49N 7,6E11
1809,3,23,14,40,40,45N46,4E50
1871,7,9,6,7,8,45N11,5E43
1811,5,28,6,40,40,45N46,4E50
1804,12,18,6,20,40,48N50,2E20
1900,7,6,18,20,40,48N50,2E11
1890,1,11,5,2,16,43N40,0E36
1814,5,8,3,50,0,48N55,2E30
1884,9,23,1,41,4,49N46,4E44
1805,11,30,9,39,8,46N12,5E13
1852,10,23,22,42,32,48N57,4E22
1827,5,22,7,4,20,49N 7,1W 5
1869,12,25,0,36,40,48N 7,1W40
1821,3,26,5,55,40,49N26,1E 5
1869,4,23,9,59,12,48N 1,0E12
1803,5,9,2,50,40,48N50,2E20
1809,12,5,16,50,40,48N50,2E20
1824,7,5,20,39,8,46N12,5E13
1814,11,17,1,34,8,48N10,6E28
1887,10,18,11,21,20,47N13,1W35
1877,5,26,22,35,0,44N 6,6E15
1837,7,10,22,50,40,48N50,2E20
1814,6,21,12,50,40,48N50,2E20
1863,4,16,5,35,16,49N 7,6E11
1879,2,6,12,55,40,49N26,1E 5
1820,6,17,11,50,40,48N50,2E20
1820,10,24,11,4,40,46N 9,1W10
1838,10,28,1,34,8,43N32,6E28
1893,5,26,16,50,40,45N11,5E43
1846,3,1,2,0,36,48N 5,7E21
1834,1,7,11,50,40,48N50,2E20
1872,4,18,9,14,28,43N37,3E53
1810,6,30,1,50,40,48N50,2E20
1842,5,23,18,4,40,46N 9,1W10
1814,6,6,0,1,28,43N18,0W22
1828,7,28,6,42,36,43N51,4E21
1899,7,20,17,50,40,48N47,2E29
1821,8,25,21,34,8,43N32,6E28
1847,1,22,6,50,40,48N50,2E20
1914,7,29,12,15,0,48N 7,1W40
1848,6,7,9,50,40,48N50,2E20
1860,2,16,14,49,20,48N33,2E40
1825,6,19,0,47,40,50N39,3E 5
1804,1,13,22,50,40,48N50,2E20
1804,7,30,3,51,40,49N26,2E 5
1834,11,28,14,1,28,43N18,0W22
1817,3,17,2,50,40,48N50,2E20
1894,11,9,0,50,40,49N26,1E 5
1805,3,7,11,48,56,50N18,2E46
1853,3,1,2,4,40,46N 9,1W10
1849,6,30,8,0,36,48N 5,7E21
1863,6,24,20,51,16,48N50,2E11
1824,5,11,2,35,24,47N37,6E 9
1859,9,7,19,54,16,43N37,1E26
1852,9,10,22,50,40,48N50,2E20
1828,11,19,2,35,52,47N15,6E 2
1822,3,15,18,50,40,48N50,2E20
1806,1,6,6,50,52,47N15,6E 2
1840,10,17,6,50,40,48N50,2E20
1898,3,8,14,20,40,45N11,5E43
1883,11,1,22,12,12,47N24,0E42
1838,5,30,21,39,8,46N12,5E13
1839,12,13,1,50,40,48N50,2E20
1856,11,27,21,35,24,47N37,6E 9
1825,11,7,21,44,28,45N 3,3E53
1806,8,9,10,50,40,48N50,2E20
1819,1,17,20,50,40,48N50,2E20
1812,8,19,6,41,36,44N44,4E36
1801,4,30,19,50,40,48N50,2E20
1903,6,8,15,20,40,43N54,0W30
1807,12,14,7,44,28,43N37,3E53
1842,2,3,22,50,40,48N50,2E20
1820,4,3,9,0,36,48N 5,7E21
1866,1,26,16,36,40,48N 7,1W40
1804,9,12,2,57,36,44N50,0W34
1883,1,29,8,51,28,48N50,2E 8
1815,11,18,21,50,40,48N50,2E20
1842,1,12,22,50,40,48N50,2E20
1883,2,9,0,27,12,47N24,0E42
1813,6,13,21,50,40,48N50,2E20
1853,4,7,12,50,40,48N50,2E20
1844,5,21,18,5,40,48N50,2E20
1825,3,18,15,52,24,47N54,1E54
1803,9,15,22,35,12,48N42,6E12
1835,10,3,17,37,8,45N11,5E43
1838,10,19,22,37,8,45N11,5E43
1821,11,24,7,45,40,47N48,3E35
1817,7,14,11,5,52,47N15,6E 2
1827,1,28,13,45,40,47N48,3E35
1881,9,28,9,58,40,46N35,0E20
1845,6,17,8,57,36,44N50,0W34
1823,9,1,23,40,40,43N57,4E50
1815,7,10,4,40,40,45N46,4E50
1848,6,14,21,45,40,47N48,3E35
1892,7,24,19,20,40,50N39,3E 5
1845,5,19,7,0,36,48N 5,7E21
1864,7,2,2,39,20,48N46,5E10
1912,3,15,16,0,0,48N42,6E12
1824,2,24,2,45,40,47N48,3E35
1875,2,21,10,45,40,47N48,3E35
1801,2,5,19,49,20,48N33,2E40
1806,11,14,18,40,40,45N46,4E50
1848,3,8,13,57,36,44N50,0W34
1816,1,21,1,35,32,45N54,6E 7
1810,4,23,9,40,40,46N18,4E50
1834,2,15,0,40,40,43N57,4E50
1860,1,8,1,37,8,45N11,5E43
1839,4,5,13,51,40,49N26,2E 5
1871,11,14,14,44,28,43N37,3E53
1824,3,8,2,40,40,45N46,4E50
1818,5,30,16,29,0,48N35,7E45
1809,8,4,15,1,28,49N11,0W22
1823,5,26,20,47,24,46N59,3E 9
1870,7,22,15,48,56,50N18,2E46
1873,2,23,12,30,36,48N 5,7E21
1817,11,3,18,37,8,45N11,5E43
1820,7,16,18,18,56,50N18,2E46
1904,4,21,7,50,40,48N26,0E 5
1859,12,17,13,10,56,47N40,2W44
1820,2,20,8,1,28,49N11,0W22
1829,3,5,22,30,36,48N 5,7E21
1818,8,24,23,20,40,48N36,2E20
1882,4,29,22,47,40,50N39,3E 5
1841,10,12,2,4,20,49N 7,1W 5
1887,4,14,13,39,28,48N 7,5E 8
1851,1,11,9,42,28,45N26,4E23
1806,9,30,6,50,40,48N50,2E20
1834,4,23,4,50,40,48N50,2E20
1877,2,15,21,51,16,48N50,2E11
1862,7,27,14,52,24,47N54,1E54
1804,9,30,8,11,0,48N31,2W45
1822,12,17,1,47,40,50N39,3E 5
1801,10,15,19,50,40,48N50,2E20
1830,7,2,2,2,8,47N28,0W32
1888,9,27,7,30,36,48N 5,7E21
1874,3,21,14,30,36,48N 5,7E21
1803,10,3,3,50,40,48N50,2E20
1802,2,26,22,5,52,47N15,6E 2
1835,5,1,1,59,12,48N 1,0E12
1842,1,8,4,50,40,48N50,2E20
1907,5,13,16,50,40,48N47,2E29
1817,6,25,12,47,40,50N39,3E 5
1820,12,23,4,40,40,43N57,4E50
1846,3,3,5,35,52,47N15,6E 2
1876,7,12,13,16,24,48N 0,4W 6
1842,1,3,8,50,40,48N50,2E20
1848,3,22,8,39,8,46N12,5E13
1879,7,31,4,57,12,47N24,0E42
1846,5,25,4,50,40,48N50,2E20
1819,1,1,16,42,36,43N51,4E21
1815,7,11,16,50,36,43N12,2E21
1853,2,9,16,50,40,48N50,2E20
1814,5,21,7,40,40,45N46,4E50
1826,5,28,12,35,24,47N37,6E 9
1855,1,5,10,35,52,47N15,6E 2
1858,11,25,0,4,20,48N46,5E10
1821,7,17,18,16,24,48N 0,4W 6
1863,8,19,13,34,0,35N 0,1W 0
1883,12,24,6,37,48,46N40,5E33
1884,9,1,6,48,56,50N18,2E46
1832,11,11,7,40,40,46N18,4E50
1880,4,8,11,47,40,50N39,3E 5
1845,12,11,5,55,16,49N 1,1E11
1872,3,7,18,39,8,46N12,5E13
1833,7,29,7,38,32,43N18,5E22
1805,12,17,22,39,52,47N19,5E 2
1822,10,1,3,40,40,45N46,4E50
1805,8,25,5,16,24,48N 0,4W 6
1802,11,16,10,1,28,43N18,0W22
1831,3,29,7,30,36,48N 5,7E21
1849,7,8,21,32,32,47N38,6E52
1874,8,8,16,51,40,49N26,2E 5
1897,2,3,22,50,40,43N45,7E25
1839,10,21,10,29,0,48N35,7E45
1869,3,18,18,35,52,47N15,6E 2
1833,9,23,7,50,40,48N36,2E20
1813,11,5,22,44,28,43N37,3E53
1837,1,11,20,50,40,48N50,2E20
1807,11,26,16,6,20,47N13,1W35
1877,8,16,15,6,20,47N13,1W35
1892,5,4,9,50,40,43N37,1E26
1882,8,28,21,17,40,50N39,3E 5
1817,1,26,15,57,4,45N11,0E44
1815,4,24,5,50,40,48N50,2E20
1885,7,11,15,44,12,48N 1,0E12
1827,11,27,20,57,36,44N50,0W34
1848,10,1,12,9,20,48N46,5E10
1854,4,10,12,50,40,48N50,2E20
1824,4,26,11,39,52,47N19,5E 2
1877,3,2,21,21,16,48N50,2E11
1815,1,4,3,51,28,48N50,2E 8
1800,1,12,12,50,40,48N50,2E20
1855,5,12,10,17,40,45N47,3E 5
1821,6,2,9,3,0,48N 4,0W45
1814,8,23,12,35,16,49N 7,6E11
1812,10,14,5,51,28,48N50,2E 8
1803,10,2,13,52,56,45N16,1E46
1835,2,19,8,5,40,46N40,1W25
1890,7,5,1,6,20,47N13,1W35
1898,10,6,13,50,40,45N46,4E50
1803,8,18,3,50,4,48N47,2E29
1839,3,9,22,49,44,44N21,2E34
1824,9,26,1,39,52,47N19,5E 2
1826,10,24,17,51,28,48N50,2E 8
1852,11,25,4,40,40,46N18,4E50
1888,4,5,4,55,0,45N50,1E15
1891,7,11,1,50,40,43N37,1E26
1854,10,22,13,51,16,48N50,2E11
1823,1,25,20,55,40,49N26,1E 5
1853,12,19,0,55,40,49N26,1E 5
1898,11,22,9,20,40,46N40,1W25
1806,5,14,0,37,8,45N11,5E43
1801,7,14,1,40,40,43N57,4E50
1838,3,28,21,54,16,43N37,1E26
1825,7,26,13,40,40,43N57,4E50
1829,3,1,22,39,52,47N19,5E 2
1862,7,15,14,50,4,48N47,2E29
1809,5,31,22,34,8,43N32,6E28
1909,7,19,14,50,40,43N51,4E21
1820,11,29,16,50,40,48N50,2E20
1858,5,29,8,6,40,48N 7,1W40
1874,2,28,14,50,40,48N36,2E20
1833,10,12,21,40,24,44N56,4E54
1817,7,5,8,50,36,43N12,2E21
1862,7,23,6,59,40,48N26,0E 5
1866,4,17,6,3,0,48N 4,0W45
1865,9,25,17,2,8,47N28,0W32
1834,2,5,9,50,48,49N54,2E18
1800,10,3,4,59,0,48N35,7E45
1851,3,30,14,30,40,48N50,2E20
1849,2,1,17,55,16,49N 1,1E11
1895,3,11,7,50,40,47N28,0W32
1842,4,25,0,50,40,48N50,2E20
1801,8,13,6,39,52,47N19,5E 2
1853,4,2,23,14,28,43N37,3E53
1881,7,5,16,48,56,50N18,2E46
1819,10,2,2,51,16,48N50,2E11
1829,8,2,5,10,40,48N50,2E20
1881,2,4,12,59,40,48N26,0E 5
1863,9,28,23,24,52,47N19,5E 2
1837,5,8,10,39,52,47N19,5E 2
1861,7,26,1,28,40,48N18,4E 5
1873,1,5,22,30,36,48N 5,7E21
1871,3,9,5,47,40,50N39,3E 5
1843,3,4,17,50,40,48N50,2E20
1853,11,1,22,50,40,48N50,2E20
1845,5,24,17,34,8,43N32,6E28
1829,9,15,12,59,40,48N26,0E 5
1847,1,13,23,42,36,43N51,4E21
1850,7,25,23,45,32,49N34,3E37
1861,1,31,8,25,40,49N26,1E 5
1909,10,30,18,50,40,48N27,1E30
1876,1,4,14,40,40,45N46,4E50
1819,12,12,23,2,8,47N28,0W32
1860,10,22,17,4,40,46N 9,1W10
1838,6,10,15,6,40,48N 7,1W40
1804,1,21,9,51,28,48N50,2E 8
1849,11,30,1,20,40,48N50,2E20
1841,6,8,9,55,40,49N26,1E 5
1876,12,12,9,55,40,49N26,1E 5
1847,5,22,8,25,40,49N26,1E 5
1891,2,12,8,30,56,43N42,7E16
1820,4,29,6,6,20,47N13,1W35
1867,4,12,14,37,8,45N11,5E43
1848,10,4,2,50,40,48N50,2E20
1833,9,28,10,50,40,48N50,2E20
1829,12,28,9,9,20,48N46,5E10
1814,4,25,14,36,20,47N13,1W35
1872,8,20,2,6,20,47N13,1W35
1840,10,9,7,55,56,47N40,2W44
1839,5,19,23,4,20,49N 7,1W 5
1848,8,3,7,4,40,46N 9,1W10
1811,11,14,14,50,40,48N50,2E20
1872,2,5,19,48,56,50N18,2E46
1900,3,12,11,50,40,47N13,1W35
1840,9,23,1,35,12,48N42,6E12
1865,9,30,18,48,0,36N47,3E 0
1861,7,23,7,40,40,43N57,4E50
1844,7,31,6,45,32,49N34,3E37
1885,7,5,21,57,36,44N50,0W34
1824,4,28,13,4,20,49N 7,1W 5
1825,6,10,22,47,40,50N39,3E 5
1831,4,26,20,37,48,46N40,5E33
1895,3,8,2,20,40,47N19,5E 2
1854,3,29,17,46,40,46N34,3E20
1908,9,9,4,50,40,47N35,1E20
1810,9,19,16,1,28,49N11,0W22
1809,1,12,1,38,32,43N18,5E22
1885,3,16,23,44,12,48N 1,0E12
1821,10,13,20,6,20,47N13,1W35
1892,7,1,10,50,40,48N10,6E28
1839,9,22,4,37,48,46N40,5E33
1867,7,28,7,45,32,49N34,3E37
1855,2,27,9,28,40,46N35,0E20
1896,3,8,12,50,40,49N54,2E18
1827,3,4,0,35,16,49N 7,6E11
1905,5,1,2,50,40,48N 7,1W40
1845,10,14,17,59,12,48N 1,0E12
1840,10,28,7,55,16,49N 1,1E11
1862,12,12,10,53,16,46N49,1E41
1826,7,30,22,50,40,48N50,2E20
1885,8,4,15,37,8,45N11,5E43
1814,7,14,10,43,40,48N18,4E 5
1874,6,21,20,35,12,48N42,6E12
1895,1,15,0,50,40,43N18,5E22
1862,10,27,0,25,0,41N55,8E45
1911,12,5,13,0,0,49N54,2E18
1832,1,23,18,50,40,48N50,2E20
1866,10,10,9,34,8,43N32,6E28
1811,7,10,5,55,40,49N26,1E 5
1856,4,25,19,1,28,49N11,0W22
1825,4,10,4,50,40,48N50,2E20
1907,2,10,6,35,40,43N18,5E22
1828,12,2,7,54,0,48N27,1E30
1864,9,14,2,49,20,48N33,2E40
1827,8,20,8,51,16,48N50,2E11
1867,5,31,10,43,40,48N18,4E 5
1885,1,31,13,59,40,48N26,0E 5
1801,1,27,1,35,16,49N 7,6E11
1900,7,11,7,50,40,46N34,3E20
1900,4,4,22,50,40,48N 4,0W45
1848,5,24,2,45,32,49N34,3E37
1848,10,19,12,51,16,48N50,2E11
1811,3,22,5,47,40,45N47,3E 5
1874,10,10,9,34,8,43N32,6E28
1865,1,17,0,47,40,50N39,3E 5
1875,3,27,7,57,36,44N50,0W34
1840,6,16,2,50,40,48N50,2E20
1845,7,4,7,44,28,43N37,3E53
1844,6,2,7,51,16,48N50,2E11
1860,8,5,8,54,16,43N37,1E26
1844,11,11,0,40,40,45N46,4E50
1893,8,6,2,50,40,43N55,2E 8
1881,2,7,3,30,56,43N42,7E16
1815,5,15,4,51,28,48N50,2E 8
1909,3,22,4,50,40,49N26,1E 5
1874,4,18,18,47,40,50N39,3E 5
1856,11,7,13,49,20,48N33,2E40
1896,1,4,1,50,40,49N26,2E 5
1819,3,17,1,45,32,49N34,3E37
1844,11,14,10,50,40,48N50,2E20
1846,10,1,2,50,48,49N54,2E18
1866,5,22,19,17,24,46N59,3E 9
1869,12,31,19,47,40,50N39,3E 5
1892,9,29,18,50,40,43N32,6E28
1861,5,17,6,6,20,47N13,1W35
1856,4,1,8,44,28,45N 3,3E53
1872,10,6,0,50,0,48N55,2E30
1871,9,17,15,6,20,47N13,1W35
1805,7,8,19,16,24,48N 0,4W 6
1901,2,12,10,50,40,35N50,0W 0
1879,6,10,7,57,4,45N11,0E44
1882,5,21,14,11,0,48N31,2W45
1815,2,21,4,40,40,45N46,4E50
1807,4,16,3,1,28,49N11,0W22
1841,12,18,19,50,40,48N50,2E20
1803,8,17,0,50,12,48N42,6E12
1891,8,23,9,50,40,43N18,0W22
1867,3,7,8,55,16,49N 1,1E11
1839,12,20,4,45,40,47N48,3E35
1846,5,21,18,50,40,48N50,2E20
1855,1,25,11,21,40,48N 7,1W40
1845,12,7,7,9,52,47N19,5E 2
1883,6,24,0,36,20,47N13,1W35
1800,3,3,17,6,20,47N13,1W35
1796,10,22,22,50,40,48N50,2E20
1897,5,12,15,50,40,47N24,0E42
1817,1,13,22,50,48,49N54,2E18
1833,7,30,6,44,28,43N37,3E53
1887,3,6,12,45,32,49N34,3E37
1875,5,3,6,2,8,47N28,0W32
1865,9,13,20,3,0,48N 4,0W45
1872,7,18,15,5,40,46N40,1W25
1814,10,4,20,4,20,49N 7,1W 5
1871,12,12,0,55,40,49N26,1E 5
1844,3,6,7,29,12,48N 1,0E12
1877,3,25,0,30,56,43N42,7E16
1835,6,12,13,34,8,48N10,6E28
1872,1,27,4,57,28,44N12,0E38
1825,9,24,0,43,40,48N18,4E 5
1813,5,10,9,50,36,43N12,2E21
1883,5,9,3,50,0,48N55,2E30
1879,8,19,7,40,40,43N57,4E50
1802,4,3,21,50,40,48N50,2E20
1824,10,14,13,38,32,43N18,5E22
1821,1,20,4,2,8,47N28,0W32
1876,12,27,12,4,40,46N 9,1W10
1843,4,18,21,43,40,48N18,4E 5
1826,4,6,8,50,40,48N50,2E20
1892,7,17,3,50,40,48N46,5E10
1848,4,3,2,50,4,48N47,2E29
1815,3,7,1,41,4,49N46,4E44
1810,1,17,2,55,40,49N26,1E 5
1825,6,3,17,39,52,47N19,5E 2
1841,1,14,14,50,28,47N 5,2E23
1838,9,21,9,39,28,48N 7,5E 8
1850,6,16,15,35,12,48N42,6E12
1878,7,28,14,30,56,43N42,7E16
1865,7,14,19,1,28,49N11,0W22
1809,2,13,3,47,40,50N39,3E 5
1847,4,8,18,37,48,46N40,5E33
1833,2,20,2,44,28,43N37,3E53
1817,8,23,12,54,0,48N27,1E30
1827,11,10,1,35,12,48N42,6E12
1863,11,29,21,40,40,45N46,4E50
1807,9,16,6,52,32,46N17,1E52
1836,4,11,11,52,24,47N54,1E54
1824,4,16,1,57,12,47N24,0E42
1893,11,10,0,50,40,46N18,4E50
1894,1,11,4,50,40,37N 0,7E45
1877,1,12,13,47,40,50N39,3E 5
1885,6,7,19,39,52,47N19,5E 2
1861,12,7,16,30,56,43N42,7E16
1876,11,11,0,53,16,46N49,1E41
1821,2,11,14,42,32,48N57,4E22
1819,11,8,6,42,32,48N57,4E22
1820,5,9,20,30,56,43N42,7E16
1898,2,10,15,50,40,46N34,3E20
1925,7,26,8,0,0,43N42,7E16
1822,2,12,15,39,52,47N19,5E 2
1835,5,31,4,18,56,50N18,2E46
1830,3,1,3,55,40,49N26,1E 5
1811,1,28,10,44,28,43N37,3E53
1815,9,29,22,16,24,48N 0,4W 6
1853,6,5,20,42,28,45N26,4E23
1847,6,23,3,17,40,50N39,3E 5
1894,7,25,16,50,40,47N15,6E 2
1848,7,30,2,38,32,43N18,5E22
1898,8,11,20,50,40,43N32,6E28
1832,10,4,0,50,36,43N12,2E21
1867,3,9,21,4,20,49N 7,1W 5
1874,6,3,17,51,28,48N50,2E 8
1887,6,19,3,52,32,46N17,1E52
1877,4,10,13,6,20,47N13,1W35
1820,4,17,13,59,40,48N26,0E 5
1827,4,3,0,59,40,48N26,0E 5
1840,1,26,3,46,40,46N34,3E20
1886,4,15,16,45,32,49N34,3E37
1828,6,18,1,30,36,48N 5,7E21
1851,10,17,9,47,24,46N59,3E 9
1918,6,30,9,0,0,48N27,1E30
1922,10,4,6,0,0,43N32,6E28
1812,10,5,11,1,28,49N11,0W22
1865,3,13,16,51,16,48N50,2E11
1834,3,22,13,50,40,48N50,2E20
1831,3,13,1,57,4,45N11,0E44
1901,4,7,14,50,40,49N26,1E 5
1900,7,8,21,50,40,48N 0,4W 6
1875,4,15,2,1,28,43N18,0W22
1818,11,2,9,46,40,46N34,3E20
1876,6,26,1,30,56,43N42,7E16
1917,5,25,19,0,0,49N11,0W22
1815,2,2,15,45,40,47N48,3E35
1854,6,5,8,44,28,43N37,3E53
1822,6,30,4,47,40,50N39,3E 5
1836,7,26,19,53,16,46N49,1E41
1890,6,24,15,20,0,48N55,2E30
1826,2,9,10,55,0,45N50,1E15
1817,4,29,19,44,28,43N37,3E53
1813,12,30,15,39,28,48N 7,5E 8
1867,11,11,0,17,40,45N47,3E 5
1838,10,1,18,52,0,49N 0,2E 0
1856,10,6,23,43,40,46N35,0E20
1831,1,11,5,20,40,48N50,2E20
1819,10,5,20,51,28,48N50,2E 8
1907,6,20,11,50,40,48N50,2E11
1867,4,13,7,51,28,48N50,2E 8
1814,1,19,2,55,40,49N26,1E 5
1893,8,22,0,50,40,47N13,1W35
1808,4,23,4,6,20,47N13,1W35
1912,7,12,4,0,0,47N15,6E 2
1883,11,3,14,44,28,43N37,3E53
1839,5,14,17,11,0,48N31,2W45
1852,11,18,0,29,0,48N35,7E45
1846,11,3,9,35,52,47N15,6E 2
1890,4,28,6,50,48,49N54,2E18
1807,3,29,12,44,28,43N37,3E53
1846,8,7,2,1,28,49N11,0W22
1815,4,3,1,50,40,48N50,2E20
1861,12,19,1,35,52,47N15,6E 2
1841,5,17,14,37,8,45N11,5E43
1805,12,6,11,51,28,43N55,2E 8
1821,8,14,3,46,40,46N34,3E20
1875,3,7,22,39,20,48N46,5E10
1826,5,11,3,1,48,46N19,0W27
1905,2,12,6,50,40,50N18,2E46
1815,11,7,4,50,40,48N50,2E20
1842,8,10,5,47,40,50N39,3E 5
1806,6,13,3,4,40,46N 9,1W10
1842,4,15,13,43,40,48N18,4E 5
1820,6,26,8,43,40,48N18,4E 5
1884,8,22,5,51,40,49N26,2E 5
1812,4,5,13,50,40,48N50,2E20
1873,4,23,13,48,56,50N18,2E46
1898,4,10,22,20,40,48N33,2E40
1817,7,29,4,57,36,44N50,0W34
1848,3,20,0,50,40,48N50,2E20
1861,3,23,8,48,0,36N47,3E 0
1875,9,18,11,45,32,49N34,3E37
1839,6,23,5,37,48,46N40,5E33
1897,6,4,10,30,0,48N 5,7E21
1827,2,8,5,37,8,45N11,5E43
1835,5,12,19,34,8,43N32,6E28
1859,7,30,19,50,40,48N50,2E20
1814,5,1,16,50,48,49N54,2E18
1804,10,28,17,42,32,48N57,4E22
1923,8,15,6,0,0,35N40,0W30
1906,12,5,2,50,40,48N50,2E20
1879,2,6,8,52,0,49N 0,2E 0
1879,10,5,2,40,24,44N56,4E54
1897,7,23,13,50,40,37N 0,7E45
1857,1,21,10,45,40,47N48,3E35
1806,8,21,22,49,20,48N33,2E40
1861,12,31,13,12,32,48N57,4E22
1845,10,14,2,54,16,43N37,1E26
1817,12,19,16,39,20,48N46,5E10
1825,10,17,5,50,40,48N50,2E20
1858,8,13,18,35,12,48N42,6E12
1824,12,14,9,40,40,45N46,4E50
1876,11,7,11,42,28,45N26,4E23
1884,10,13,15,55,16,49N 1,1E11
1923,6,22,8,0,0,49N54,2E18
1830,4,2,4,17,8,47N28,0W32
1813,1,2,3,4,20,49N 7,1W 5
1803,8,13,18,4,20,49N 7,1W 5
1842,2,24,13,45,40,47N48,3E35
1869,12,30,16,5,40,46N40,1W25
1850,4,20,7,50,40,48N50,2E20
1804,3,2,0,50,40,48N50,2E20
1802,5,11,10,40,40,46N18,4E50
1819,12,2,13,37,8,45N11,5E43
1855,12,17,22,1,28,49N11,0W22
1876,3,11,20,10,40,46N18,4E50
1839,6,21,3,35,24,47N37,6E 9
1854,9,30,15,51,28,48N50,2E 8
1915,3,3,1,0,0,43N18,5E22
1801,1,22,9,39,52,47N19,5E 2
1814,5,4,11,40,40,45N46,4E50
1926,11,3,16,0,0,45N50,1E15
1810,4,4,19,40,40,43N57,4E50
1881,10,11,9,54,40,47N35,1E20
1840,4,20,9,57,36,44N50,0W34
1843,10,30,13,50,40,48N50,2E20
1902,2,22,18,50,40,49N54,2E18
1850,10,5,3,51,16,48N50,2E11
1866,6,3,8,34,8,48N10,6E28
1879,6,2,12,24,16,43N37,1E26
1841,2,25,5,55,0,45N50,1E15
1845,11,5,1,54,40,47N35,1E20
1880,1,15,23,20,16,44N56,2E26
1905,7,3,17,20,40,45N54,6E 7
1823,8,5,15,55,16,49N 1,1E11
1823,9,1,18,38,32,43N18,5E22
1810,6,3,3,38,32,43N18,5E22
1871,11,23,19,48,0,36N47,3E 0
1818,9,19,7,50,40,48N50,2E20
1866,2,12,9,40,56,47N40,2W44
1808,1,21,22,50,40,48N50,2E20
1874,8,4,17,57,36,44N50,0W34
1833,12,2,2,6,40,48N 7,1W40
1846,11,30,1,54,16,43N37,1E26
1848,5,14,14,51,40,49N26,2E 5
1845,4,11,4,35,24,47N37,6E 9
1877,11,21,18,11,28,48N50,2E 8
1824,4,1,2,5,40,46N40,1W25
1859,8,2,4,21,28,48N50,2E 8
1800,3,16,0,50,40,48N36,2E20
1807,5,26,20,45,40,47N48,3E35
1846,3,1,0,20,40,48N50,2E20
1857,2,2,0,40,40,43N57,4E50
1820,5,28,0,39,52,47N19,5E 2
1905,11,8,9,50,40,48N 7,1W40
1800,2,18,3,38,32,43N18,5E22
1895,7,27,19,50,40,36N10,3E45
1880,5,1,22,29,0,48N35,7E45
1831,8,20,0,49,20,48N33,2E40
1853,7,9,9,50,4,48N47,2E29
1873,10,1,7,55,40,49N26,1E 5
1840,10,8,6,39,52,47N19,5E 2
1847,11,15,2,4,40,46N 9,1W10
1844,5,21,1,3,0,48N 4,0W45
1816,2,23,22,50,40,48N50,2E20
1812,4,15,22,50,40,48N50,2E20
1881,6,14,12,5,40,46N40,1W25
1860,12,19,8,51,40,49N26,2E 5
1867,12,10,19,35,16,49N 7,6E11
1812,3,3,3,46,24,48N 0,4W 6
1894,7,3,9,50,40,48N47,2E29
1871,9,30,23,9,28,48N 7,5E 8
1870,3,15,1,40,40,43N57,4E50
1880,8,10,19,6,20,47N13,1W35
1840,4,12,2,42,36,43N51,4E21
1869,1,22,22,35,12,48N42,6E12
1852,12,25,1,59,12,48N 1,0E12
1840,2,10,1,39,20,48N46,5E10
1909,12,1,2,50,40,48N36,2E20
1909,7,13,3,50,40,44N12,0E38
1891,4,23,16,50,40,43N32,6E28
1874,5,14,4,57,28,44N12,0E38
1830,5,13,18,40,40,46N18,4E50
1853,12,5,23,40,40,43N57,4E50
1860,1,19,13,54,16,43N37,1E26
1808,10,14,21,40,40,45N46,4E50
1817,9,24,7,55,40,49N26,1E 5
1833,5,12,4,42,36,43N51,4E21
1903,5,1,14,50,40,43N37,1E26
1833,12,17,11,47,40,50N39,3E 5
1892,7,12,14,50,40,42N42,2E55
1855,3,6,21,1,28,43N18,0W22
1815,9,17,21,50,40,48N36,2E20
1847,9,28,11,7,8,45N11,5E43
1842,1,29,16,50,48,49N54,2E18
1888,5,8,13,37,48,46N40,5E33
1827,4,5,11,47,40,50N39,3E 5
1894,10,17,10,50,40,44N56,4E54
1884,5,27,14,47,40,50N39,3E 5
1851,8,9,15,47,40,50N39,3E 5
1899,7,29,9,50,40,48N50,2E 8
1862,1,15,18,35,16,49N 7,6E11
1875,3,9,3,30,36,48N 5,7E21
1851,12,8,19,35,24,47N37,6E 9
1821,6,18,11,29,0,48N35,7E45
1825,9,8,8,29,0,48N35,7E45
1860,7,29,1,30,36,48N 5,7E21
1803,6,29,10,50,40,48N50,2E20
1887,1,29,11,39,28,48N 7,5E 8
1830,12,23,17,35,12,48N42,6E12
1874,5,7,6,44,28,43N37,3E53
1863,11,22,20,57,4,45N11,0E44
1849,6,8,5,50,40,48N36,2E20
1824,7,5,6,41,36,44N44,4E36
1859,12,2,0,50,40,48N50,2E20
1867,6,15,20,38,32,43N18,5E22
1836,6,14,4,35,16,49N 7,6E11
1886,5,29,10,29,0,48N35,7E45
1867,2,19,14,51,28,48N50,2E 8
1857,5,19,4,50,40,48N50,2E20
1829,8,14,17,45,32,49N34,3E37
1854,7,30,6,57,36,44N50,0W34
1821,10,3,3,2,8,47N28,0W32
1844,2,29,1,55,40,49N26,1E 5
1859,12,24,2,40,40,45N46,4E50
1874,5,17,21,57,12,47N24,0E42
1823,12,8,4,55,40,49N26,1E 5
1905,9,1,1,50,40,47N54,1E54
1891,3,21,20,50,40,48N50,2E11
1817,9,2,8,42,32,48N57,4E22
1814,6,26,1,29,0,48N35,7E45
1814,6,22,17,5,40,48N50,2E20
1869,7,8,13,29,0,48N35,7E45
1802,2,28,21,50,40,48N50,2E20
1871,6,4,7,0,36,48N 5,7E21
1824,7,29,8,38,32,43N18,5E22
1899,10,29,6,35,40,45N39,0E10
1846,6,1,18,50,40,48N50,2E20
1872,6,5,5,21,28,48N50,2E 8
1847,6,24,0,44,28,43N37,3E53
1905,12,12,8,50,40,48N 0,4W 6
1865,10,7,11,38,32,43N18,5E22
1861,6,14,13,40,40,45N46,4E50
1870,4,30,8,40,40,45N46,4E50
1854,10,14,0,26,28,48N50,2E 8
1834,6,6,8,51,28,43N55,2E 8
1918,7,22,22,40,0,44N12,0E38
1800,4,18,5,37,8,45N11,5E43
1887,12,18,16,48,56,50N18,2E46
1824,5,8,18,50,40,48N50,2E20
1839,5,19,15,50,40,48N50,2E20
1857,5,12,17,50,4,48N47,2E29
1840,1,6,18,0,36,48N 5,7E21
1861,3,14,4,51,16,48N50,2E11
1814,3,6,1,50,40,48N50,2E20
1836,10,15,6,6,20,47N13,1W35
1857,11,5,13,40,40,45N46,4E50
1839,5,23,11,38,32,43N18,5E22
1893,4,28,2,50,40,45N46,4E50
1850,7,30,6,35,40,48N50,2E20
1829,9,21,16,6,20,47N13,1W35
1918,2,19,10,50,0,47N54,1E54
1864,11,24,5,51,28,43N55,2E 8
1812,10,25,20,34,8,43N32,6E28
1904,12,16,11,50,40,48N57,4E22
1875,1,4,18,20,0,48N55,2E30
1903,3,19,14,20,40,49N 0,2E 0
1916,1,16,22,30,0,48N 7,1W40
1810,8,28,5,51,28,48N50,2E 8
1824,2,27,3,39,52,47N19,5E 2
1829,5,24,1,30,36,48N 5,7E21
1860,1,17,8,29,0,48N35,7E45
1900,3,26,12,0,0,49N 7,6E11
1875,3,1,14,30,36,48N 5,7E21
1874,7,12,14,37,8,45N11,5E43
1826,10,5,2,50,40,48N50,2E20
1865,9,23,5,55,0,45N50,1E15
1819,2,18,19,35,12,48N42,6E12
1871,10,30,18,44,28,43N37,3E53
1853,4,20,22,39,52,47N19,5E 2
1869,9,15,8,29,20,45N39,0E10
1856,2,26,10,50,40,48N50,2E20
1885,4,10,10,59,20,45N39,0E10
1869,8,8,6,25,40,49N26,1E 5
1836,9,25,14,50,40,48N50,2E20
1817,5,20,13,50,40,48N50,2E20
1829,11,29,20,37,48,46N40,5E33
1826,1,11,17,57,12,47N24,0E42
1859,9,8,19,49,44,44N21,2E34
1805,12,1,4,39,52,47N19,5E 2
1840,9,30,15,50,40,48N50,2E20
1811,1,20,17,50,36,43N12,2E21
1855,7,7,15,57,36,44N50,0W34
1847,12,25,5,45,32,49N34,3E37
1867,4,17,0,10,40,46N18,4E50
1875,7,31,21,55,16,49N 1,1E11
1846,8,8,21,50,40,48N50,2E20
1907,2,2,3,20,40,45N11,5E43
1861,7,27,21,34,8,48N10,6E28
1833,4,20,4,40,40,45N46,4E50
1868,11,12,0,40,40,46N18,4E50
1841,3,2,7,20,40,48N50,2E20
1802,3,21,11,0,36,48N 5,7E21
1896,8,4,0,0,0,48N 5,7E21
1847,5,1,0,47,40,50N39,3E 5
1889,7,26,3,29,0,48N35,7E45
1848,11,3,21,29,0,48N35,7E45
1868,9,3,10,42,32,48N57,4E22
1874,5,31,2,49,20,48N33,2E40
1857,7,30,2,12,32,48N57,4E22
1907,6,19,3,50,40,48N57,4E22
1817,1,30,22,5,16,49N 7,6E11
1804,3,17,20,42,32,48N57,4E22
1857,3,17,8,45,32,49N34,3E37
1882,8,25,22,35,52,47N15,6E 2
1873,12,2,10,1,28,43N18,0W22
1844,6,24,19,0,36,48N 5,7E21
1850,7,10,11,30,36,48N 5,7E21
1828,3,22,11,2,0,44N48,10E45
1866,7,24,13,21,0,45N36,9E45
1879,4,6,19,10,4,39N18,16E30
1884,5,1,22,20,4,45N 0,12E15
1852,3,19,-1,52,0,41N12,17E 0
1882,12,16,0,40,4,44N24,12E15
1893,12,6,5,0,0,45N12,11E 0
1893,1,3,0,10,4,44N30,11E 0
1888,1,8,7,10,4,43N42,11E30
1872,9,12,12,10,4,43N18,11E45
1871,7,19,-1,10,4,45N 0,8E 0
1895,2,4,4,0,0,41N36,14E45
1874,8,14,10,10,4,44N48,10E45
1912,3,4,3,30,0,46N 0,13E30
1875,4,1,12,10,4,43N18,11E45
1873,7,17,17,10,4,40N54,14E 0
1872,3,29,21,10,4,45N30,9E15
1874,8,1,10,10,4,45N 0,8E 0
1877,7,21,1,30,4,43N24,13E15
1905,12,10,0,20,0,45N24,11E 0
1890,12,18,22,10,4,44N36,10E45
1883,8,24,11,10,4,44N48,10E45
1904,8,2,2,35,0,44N18,8E45
1892,5,17,6,10,4,46N12,10E 0
1879,6,21,5,10,4,44N 0,11E15
1883,11,21,19,20,4,45N 0,8E 0
1892,6,6,9,30,4,45N30,12E30
1894,1,6,21,0,0,42N42,11E30
1906,3,16,22,5,0,41N12,17E 0
1887,10,5,0,25,4,45N30,9E15
1879,8,13,12,5,4,45N 0,8E 0
1838,1,27,10,47,0,44N48,10E45
1881,2,11,13,10,4,45N 0,9E 0
1882,10,30,18,10,4,43N18,11E45
1895,5,25,14,10,0,45N12,11E 0
1899,2,5,16,0,0,43N30,12E 0
1850,11,21,-1,58,0,38N 0,15E30
1902,3,10,21,0,0,42N24,12E 0
1889,12,16,3,25,4,39N24,9E 0
1886,9,29,19,10,4,43N42,11E30
1897,7,27,3,0,0,43N42,13E45
1844,1,25,0,21,0,45N 0,9E45
1894,10,25,17,30,0,40N24,18E45
1900,1,19,2,30,0,41N36,13E15
1897,8,22,9,0,0,44N30,11E 0
1871,8,27,5,10,4,44N36,10E45
1883,4,13,22,10,4,44N42,12E30
1875,12,8,0,10,4,45N30,12E30
1895,8,11,15,0,0,43N42,11E30
1908,8,30,1,0,0,37N30,14E15
1892,2,21,3,40,4,45N48,9E 0
1902,3,13,3,0,0,45N48,9E 0
1903,3,28,1,0,0,44N18,8E45
1884,12,20,3,10,4,44N42,12E30
1874,12,25,17,40,4,44N30,11E 0
1888,11,11,7,25,4,43N 0,13E 0
1879,12,17,4,10,4,44N24,7E15
1821,1,6,18,17,0,44N48,10E45
1896,11,22,20,0,0,45N24,11E 0
1888,2,19,2,40,4,43N18,11E45
1885,9,23,1,25,4,39N24,9E 0
1886,11,9,11,40,4,43N 0,13E 0
1883,8,30,10,10,4,45N48,9E15
1886,7,13,11,40,4,45N 0,8E 0
1909,8,4,17,30,0,44N24,12E15
1886,10,8,10,55,4,43N42,11E30
1872,4,3,20,40,4,43N 0,13E 0
1888,7,3,2,10,4,45N12,9E 0
1900,10,29,22,0,0,45N12,11E 0
1882,5,16,8,20,4,37N12,13E30
1907,7,4,7,0,0,44N24,12E15
1897,12,17,15,45,0,43N42,11E 0
1886,10,30,21,10,4,44N36,11E15
1880,6,4,3,25,4,43N42,10E30
1876,11,24,12,10,4,45N36,12E45
1900,8,22,17,0,0,45N30,12E30
1899,4,3,0,0,0,40N48,8E30
1888,3,10,1,10,4,45N 0,9E 0
1884,7,12,8,10,4,43N36,9E30
1900,7,12,10,30,0,46N 0,13E30
1886,6,25,14,10,4,46N 0,12E 0
1896,7,19,14,15,0,43N 0,13E45
1889,10,30,18,55,4,43N42,13E45
1906,7,22,8,0,0,43N42,11E30
1891,3,2,21,10,4,45N30,11E 0
1890,7,20,14,40,4,44N30,11E 0
1870,1,19,19,10,4,44N36,10E45
1878,1,25,12,40,4,45N 0,8E 0
1832,12,22,16,52,0,41N12,17E 0
1846,2,25,16,52,0,41N12,17E 0
1891,1,30,19,46,4,40N36,18E 0
1895,5,20,17,30,0,45N30,12E30
1889,7,25,7,55,4,44N30,11E 0
1907,12,22,22,0,0,40N18,10E 0
1818,6,16,0,3,0,42N18,14E15
1812,3,12,9,3,0,42N18,14E15
1894,12,2,20,0,0,45N30,12E30
1826,9,3,22,17,0,44N48,10E45
1861,9,28,16,17,0,44N36,10E45
1904,3,28,2,0,0,45N24,12E15
1886,11,28,15,10,4,44N30,11E 0
1890,10,7,5,40,4,45N30,12E30
1905,4,12,18,0,0,45N30,12E30
1894,4,20,5,30,0,44N36,11E15
1892,2,8,7,40,4,44N24,12E15
1899,9,18,3,0,0,45N30,12E30
1892,7,25,7,10,4,44N 0,11E15
1903,2,5,1,0,0,43N42,8E 0
1883,3,31,1,10,4,45N 0,8E 0
1897,4,27,14,0,0,45N 0,9E45
1897,1,6,1,15,0,38N 0,13E30
1895,4,28,14,0,0,43N42,11E30
1876,10,25,12,10,4,43N42,11E30
1892,1,29,3,45,4,45N 0,9E45
1881,2,17,8,40,4,45N 0,8E 0
1885,4,30,22,10,4,45N30,12E30
1892,2,26,22,10,4,45N30,12E30
1902,2,21,0,0,0,44N30,11E 0
1892,3,15,13,25,4,44N24,12E15
1901,10,16,4,0,0,45N 0,8E 0
1892,4,26,13,10,4,43N42,11E30
1907,9,26,18,0,0,45N30,12E30
1859,10,26,8,54,0,39N18,16E30
1897,1,14,19,30,0,45N30,11E 0
1873,9,15,7,10,4,45N30,12E30
1879,10,14,5,10,4,44N24,9E 0
1904,2,25,4,0,0,43N24,13E15
1906,11,3,12,0,0,45N30,12E30
1883,4,7,5,40,4,43N30,12E 0
1886,7,5,5,10,4,45N 0,9E45
1890,12,9,20,40,4,45N 0,8E 0
1889,3,12,6,46,4,45N12,9E 0
1879,4,7,20,40,4,43N42,11E30
1908,4,12,2,30,0,43N 0,13E 0
1886,3,1,11,55,4,45N36,12E45
1893,2,11,11,40,4,45N30,12E 0
1880,6,6,-1,10,4,43N42,10E30
1896,5,11,10,0,0,44N42,12E30
1872,9,2,3,10,4,42N30,13E 0
1859,12,15,12,4,0,40N54,14E 0
1836,1,24,15,45,0,40N24,18E45
1910,2,7,20,0,0,46N12,12E 0
1873,12,5,9,10,4,43N42,11E30
1871,7,24,20,10,4,45N48,9E 0
1887,12,27,19,10,4,44N24,12E15
1895,10,31,16,30,0,44N 0,13E 0
1896,10,11,15,10,0,39N18,16E30
1889,9,17,3,10,4,45N 0,8E 0
1854,12,3,3,50,0,40N30,17E30
1888,12,19,19,40,4,45N30,12E30
1878,6,29,10,10,4,45N30,12E30
1876,5,10,0,10,4,45N24,12E15
1827,2,2,1,30,0,51N30,7E30
1878,7,4,4,29,0,49N 0,11E30
1831,6,5,17,23,8,48N45,9E13
1835,7,7,16,30,0,51N30,7E30
1838,5,2,5,30,0,51N30,7E30
1868,9,28,4,0,0,51N30,7E30
1869,9,20,0,23,0,50N30,9E15
1802,3,22,-1,32,0,50N 0,7E 0
1862,1,31,-1,53,0,50N30,9E15
1858,8,14,18,9,0,48N30,9E 0
1823,5,6,-1,54,40,53N 5,8E50
1880,6,3,8,8,0,50N30,9E15
1856,8,22,9,5,0,52N 0,10E 0
1869,2,14,19,14,0,49N 0,11E30
1889,11,19,7,0,0,51N30,7E30
1892,8,4,6,15,0,48N30,9E 0
1869,10,22,6,23,0,50N30,9E15
1870,10,8,9,0,0,51N30,7E30
1885,4,8,2,32,0,50N 0,7E 0
1848,9,28,11,24,0,48N30,9E 0
1873,6,28,2,53,0,50N30,9E15
1902,6,14,9,30,0,51N30,7E30
1871,2,25,13,24,0,48N30,9E 0
1832,12,16,11,23,8,48N45,9E13
1883,3,26,5,21,0,54N30,9E45
1896,10,2,22,45,0,51N30,7E30
1878,10,11,4,24,0,48N30,9E 0
1863,9,11,15,27,4,48N46,8E14
1885,4,29,19,30,0,51N30,7E30
1813,4,18,0,30,0,51N30,7E30
1896,3,13,4,30,0,52N 0,10E 0
1867,3,28,15,53,8,48N45,9E13
1881,7,22,15,14,0,49N 0,11E30
1864,9,28,14,30,0,51N30,7E30
1861,3,16,11,30,0,51N30,7E30
1842,8,5,3,24,0,48N30,9E 0
1874,4,10,0,30,0,51N30,7E30
1873,7,25,7,30,0,51N30,7E30
1880,5,6,5,44,0,49N 0,11E30
1871,2,28,15,20,0,52N 0,10E 0
1854,1,6,7,14,0,49N 0,11E30
1863,5,25,5,50,0,52N 0,10E 0
1867,10,1,4,20,0,52N 0,10E 0
1877,3,15,9,24,0,48N30,9E 0
1882,11,27,3,0,0,51N30,7E30
1848,6,23,17,23,8,48N45,9E13
1868,8,16,21,21,0,54N30,9E45
1883,6,3,3,39,0,48N30,9E 0
1868,6,9,14,30,0,51N30,7E30
1869,4,2,10,24,0,48N30,9E 0
1846,4,12,7,30,0,51N30,7E30
1897,2,11,6,0,0,48N30,9E 0
1873,7,7,6,38,0,50N30,9E15
1862,4,6,2,30,0,51N30,7E30
1866,3,30,11,32,0,50N 0,7E 0
1863,4,5,14,14,0,49N 0,11E30
1803,7,19,18,32,0,50N 0,7E 0
1880,4,10,1,32,0,50N 0,7E 0
1895,2,6,20,15,0,52N 0,10E 0
1879,6,29,11,24,0,48N30,9E 0
1850,2,18,18,53,0,50N30,9E15
1822,1,14,19,32,0,50N 0,7E 0
1861,8,14,1,44,0,49N 0,11E30
1866,4,21,8,14,0,49N 0,11E30
1807,9,5,21,30,0,51N30,7E30
1816,9,26,16,32,0,50N 0,7E 0
1897,12,13,21,0,0,50N 0,11E 0
1851,12,3,15,54,0,48N30,9E 0
1869,5,10,22,30,0,51N50,7E30
1873,7,11,17,14,0,49N 0,11E30
1866,9,11,11,30,0,51N30,7E30
1870,7,20,3,30,0,51N30,7E30
1873,8,2,15,30,0,51N30,7E30
1839,10,2,22,54,0,48N30,9E 0
1882,9,28,10,24,0,48N30,9E 0
1851,2,3,14,23,0,50N30,9E15
1867,9,4,13,14,0,49N 0,11E30
1855,12,8,15,24,0,48N30,9E 0
1875,10,12,9,24,0,48N30,9E 0
1850,10,22,3,23,8,48N45,9E13
1881,12,25,20,43,0,50N51,4E15
1858,4,16,20,47,0,51N13,3E15
1883,7,12,18,42,0,51N14,4E30
1812,5,2,1,42,0,51N14,4E30
1851,7,23,19,38,0,50N39,5E30
1831,4,11,20,47,0,51N13,3E15
1852,3,27,21,42,0,51N14,4E30
1809,4,7,20,12,0,51N14,4E30
1883,2,4,7,38,0,50N39,5E30
1849,9,27,15,47,0,51N13,3E15
1817,11,20,11,47,0,51N13,3E15
1854,2,4,4,45,0,51N 5,3E45
1897,3,28,3,0,0,51N13,3E15
1862,3,22,20,38,0,50N39,5E30
1829,2,4,13,17,0,51N13,3E15
1821,2,9,8,47,0,51N13,3E15
1850,9,15,22,38,0,50N39,5E30
1867,1,19,1,43,0,50N51,4E15
1811,8,9,3,42,0,51N14,4E30
1860,4,13,4,17,0,51N13,3E15
1865,12,30,0,38,0,50N39,5E30
1810,5,10,17,42,0,50N23,4E30
1872,10,6,13,43,0,50N51,4E15
1838,1,20,0,12,0,51N14,4E30
1823,7,22,16,38,0,50N47,5E30
1852,8,27,10,53,0,50N39,5E30
1806,3,17,0,42,0,50N23,4E30
1834,1,16,6,45,0,51N 5,3E45
1850,10,8,12,42,0,50N23,4E30
1858,5,9,20,42,0,50N20,4E30
1850,2,22,10,42,0,51N14,4E30
1820,5,2,8,38,0,50N47,5E30
1813,8,26,20,42,0,51N14,4E30
1841,1,25,3,43,0,50N51,4E15
1850,12,29,11,43,0,50N51,4E15
1823,11,23,12,42,0,51N14,4E30
1815,2,22,7,42,0,51N14,4E30
1859,5,21,12,34,0,52N59,6E30
1872,8,31,22,43,0,50N51,4E15
1820,10,4,9,47,0,51N13,3E15
1845,1,27,20,42,0,51N14,4E30
1830,4,13,19,42,0,51N14,4E30
1886,7,31,9,57,0,51N14,4E30
1818,4,30,0,43,0,50N51,4E15
1826,5,26,12,47,0,51N13,3E15
1866,12,4,4,13,0,50N51,4E15
1806,11,17,3,47,0,51N13,3E15
1817,2,26,23,42,0,50N23,4E30
1833,7,7,8,12,0,50N20,4E30
1867,8,4,7,15,0,51N 5,3E45
1909,2,11,15,0,0,51N13,3E15
1820,5,28,0,45,0,51N 5,3E45
1881,7,28,9,47,0,51N13,3E15
1838,3,18,0,12,0,51N14,4E30
1841,4,27,19,15,0,51N 5,3E45
1802,2,5,9,47,0,51N13,3E15
1834,1,9,3,45,0,51N 5,3E45
1806,3,18,9,43,0,50N51,4E15
1824,11,25,3,42,0,51N14,4E30
1810,1,9,20,45,0,51N 5,3E45
1838,4,23,9,43,0,50N51,4E15
1829,3,4,19,47,0,51N13,3E15
1867,2,11,11,42,0,50N20,4E30
1806,2,22,20,42,0,50N20,4E30
1823,1,8,23,8,0,50N39,5E30
1819,8,15,19,17,0,51N13,3E15
1882,8,21,10,42,0,51N14,4E30
1875,3,13,22,9,28,52N 6,5E 8
1828,4,22,7,6,48,53N12,5E48
1849,6,21,2,36,48,53N12,5E48
1811,8,18,7,39,28,52N 6,5E 8
1825,9,20,2,42,8,52N 5,4E28
1817,2,18,16,12,8,52N 5,4E28
1884,2,6,3,36,48,53N12,5E48
1834,1,9,12,36,24,51N59,5E54
1858,2,27,7,6,48,53N12,5E48
1856,2,10,0,42,8,52N 5,4E28
1877,1,26,6,42,8,52N 5,4E28
1853,3,30,10,38,44,51N42,5E19
1866,12,3,3,35,40,52N31,6E 5
1844,6,25,1,42,8,52N 5,4E28
1824,1,27,3,33,44,53N13,6E34
1855,12,12,13,36,24,51N59,5E54
1819,6,3,16,4,24,52N59,6E24
1875,1,17,0,6,48,53N12,5E48
1832,10,2,2,39,28,52N 6,5E 8
1837,7,25,1,42,8,52N 5,4E28
1838,9,18,3,11,28,52N22,4E38
1831,2,23,9,33,44,53N13,6E34
1834,12,23,10,33,44,53N13,6E34
1872,3,7,5,39,28,52N 6,5E 8
1844,6,10,21,9,28,52N 6,5E 8
1841,4,7,15,39,28,52N 6,5E 8
1854,10,21,10,45,0,51N29,3E45
1878,7,15,16,12,8,52N 5,4E28
1818,6,7,19,36,24,51N59,5E54
1869,4,6,5,37,20,50N51,5E40
1815,9,21,9,41,28,52N22,4E38
1881,12,17,0,38,44,51N42,5E19
1811,11,7,7,41,28,52N22,4E38
1843,3,9,12,42,8,52N 5,4E28
1813,3,4,0,42,8,52N 5,4E28
1829,10,22,0,42,8,52N 5,4E28
1857,11,15,3,41,28,52N22,4E38
1868,9,18,8,11,28,52N22,4E38
1857,1,25,9,35,40,52N31,6E 5
1824,12,29,5,12,8,52N 5,4E28
1856,11,23,11,42,8,52N 5,4E28
# End of data from Volume A, 1472 persons
1935,3,31,22,46,0,34N4,118W15
1926,2,3,6,45,0,41N5,81W31
1943,7,15,15,49,0,34N4,118W15
1928,8,22,9,40,0,39N30,88W10
1931,6,17,27,55,0,32N41,117W6
1939,5,20,28,40,0,34N4,118W15
1932,5,14,14,37,0,37N47,122W25
1941,4,27,24,0,0,38N3,84W30
1941,10,29,29,38,0,37N49,122W16
1933,5,23,9,5,0,39N44,104W59
1920,12,6,26,35,0,37N59,122W2
1912,9,5,13,0,0,34N4,118W15
1944,12,7,18,45,0,44N59,93W16
1937,6,6,29,3,0,44N4,121W19
1947,6,12,29,51,0,34N6,118W21
1933,11,18,10,35,0,38N22,97W40
1926,5,25,11,0,0,38N53,90W10
1937,6,29,10,45,0,34N1,118W29
1941,11,24,15,21,0,39N44,104W59
1933,7,10,26,43,0,40N48,81W32
1931,3,6,10,40,0,34N4,118W15
1930,10,25,18,15,0,38N23,105W1
1943,8,8,22,50,0,34N4,118W15
1935,6,16,19,24,0,39N6,84W31
1944,11,4,28,30,0,33N47,118W11
1945,8,16,10,0,0,39N6,84W31
1945,10,22,23,23,0,38N5,97W56
1944,11,20,10,2,0,34N4,118W15
1947,6,6,12,52,0,40N54,80W52
1928,7,23,30,20,0,37N47,122W25
1950,3,5,13,20,0,38N23,104W46
1923,6,25,14,30,0,37N34,122W19
1946,6,14,14,17,0,41N30,81W42
1933,1,13,19,10,0,41N39,83W33
1943,4,15,19,25,0,38N54,121W4
1928,5,9,26,15,0,39N54,122W10
1915,1,24,9,25,0,38N35,121W29
1942,3,31,7,21,0,40N7,88W12
1927,2,26,11,45,0,43N2,87W55
1946,7,8,14,32,0,34N4,118W15
1943,3,19,11,30,0,38N4,122W48
1937,9,25,20,18,0,37N47,122W25
1925,1,17,22,0,0,45N53,95W22
1913,5,16,18,30,0,43N2,87W55
1937,4,21,20,25,0,41N49,71W24
1928,9,12,29,45,0,33N47,118W11
1923,7,12,6,45,0,39N6,94W35
1940,5,5,27,30,0,42N19,85W11
1927,8,23,14,19,0,39N21,74W27
1932,3,31,31,30,0,34N8,118W12
1909,8,18,8,0,0,41N39,83W33
1942,12,14,14,56,0,40N3,74W38
1943,6,23,21,33,0,39N6,84W31
1932,10,16,21,43,0,34N4,118W15
1915,5,3,13,20,0,43N2,87W55
1922,9,24,8,56,0,44N59,93W16
1942,11,10,26,15,0,40N55,74W11
1945,4,5,30,22,0,37N34,122W19
1942,8,23,24,49,0,40N53,74W1
1934,12,9,14,51,0,37N52,122W16
1930,12,2,6,31,0,40N26,84W23
1931,2,9,20,10,0,39N6,94W35
1915,1,24,30,45,0,46N59,123W50
1933,4,30,18,30,0,31N53,97W4
1930,4,12,8,30,0,36N42,119W33
1924,4,10,22,0,0,35N36,82W33
1919,10,5,27,30,0,41N5,81W31
1942,10,10,28,0,0,33N58,118W3
1931,3,6,19,0,0,37N47,122W25
1935,7,24,21,0,0,38N35,121W29
1925,10,22,16,0,0,29N54,93W56
1934,2,6,9,9,0,39N6,84W31
1934,8,16,18,1,0,37N47,122W25
1944,2,4,6,48,0,38N34,96W58
1933,2,21,11,0,0,35N13,82W14
1938,1,2,20,42,0,40N51,74W7
1940,4,16,28,15,0,40N30,74W27
1926,8,24,18,0,0,41N30,81W42
1949,9,23,26,50,0,40N16,74W17
1928,8,29,18,15,0,31N12,98W43
1948,12,31,26,0,0,42N22,71W4
1948,3,12,22,6,0,42N22,71W4
1926,2,3,6,5,0,41N30,81W42
1944,12,21,16,44,0,34N6,118W21
1943,1,6,28,50,0,30N17,97W45
1943,2,12,8,0,0,42N12,72W37
1931,2,23,13,0,0,39N6,84W31
1937,2,20,13,57,0,39N20,82W59
1946,7,6,13,42,0,39N45,75W33
# End of data from Volume D10, 89 persons
1913,04,27,4,00,0,-,-
1923,01,24,20,10,0,-,-
1895,02,03,12,00,0,-,-
1905,10,07,20,30,0,-,-
1913,03,20,14,00,0,-,-
1932,01,21,9,00,0,-,-
1912,02,20,9,00,0,-,-
1891,10,29,11,00,0,-,-
1929,10,29,11,00,0,-,-
1928,07,10,7,30,0,-,-
1895,10,17,16,00,0,-,-
1910,01,23,15,00,0,-,-
1900,05,03,7,00,0,-,-
1920,10,30,1,00,0,-,-
1921,01,01,12,00,0,-,-
1903,09,25,22,30,0,-,-
1897,08,24,13,00,0,-,-
1916,10,19,21,00,0,-,-
1910,02,21,22,00,0,-,-
1929,04,22,16,00,0,-,-
1927,10,15,23,00,0,-,-
1895,11,16,5,00,0,-,-
1922,07,29,19,00,0,-,-
1926,02,04,4,30,0,-,-
1903,07,13,13,00,0,-,-
1907,09,22,23,00,0,-,-
1899,03,22,10,30,0,-,-
1912,10,25,15,30,0,-,-
1901,07,31,13,00,0,-,-
1904,03,02,2,00,0,-,-
1905,04,26,13,00,0,-,-
1918,05,16,5,00,0,-,-
1924,01,18,15,00,0,-,-
1933,10,07,23,30,0,-,-
1916,05,29,22,00,0,-,-
1912,05,09,21,00,0,-,-
1895,07,26,8,00,0,-,-
1923,09,25,10,30,0,-,-
1899,01,20,1,00,0,-,-
1913,11,08,6,00,0,-,-
1914,02,12,2,00,0,-,-
1921,11,26,1,00,0,-,-
1902,05,30,10,00,0,-,-
1926,02,01,3,30,0,-,-
1895,08,03,0,15,0,-,-
1916,08,02,9,00,0,-,-
1920,02,26,3,30,0,-,-
1930,04,10,7,55,0,-,-
1912,11,20,6,00,0,-,-
1904,09,03,3,00,0,-,-
1929,05,15,4,15,0,-,-
1921,10,25,12,00,0,-,-
1905,01,20,1,00,0,-,-
1928,06,10,15,30,0,-,-
1894,06,13,4,00,0,-,-
1909,08,16,23,00,0,-,-
1916,02,07,8,00,0,-,-
1895,03,26,13,10,0,-,-
1915,05,15,0,02,0,-,-
1904,04,21,11,00,0,-,-
1894,07,07,18,00,0,-,-
1905,01,25,9,00,0,-,-
1915,11,18,15,00,0,-,-
1889,03,30,11,00,0,-,-
1930,08,04,6,30,0,-,-
1911,06,25,1,30,0,-,-
1921,01,27,10,45,0,-,-
1925,04,09,21,00,0,-,-
1899,08,12,23,55,0,-,-
1903,08,24,14,00,0,-,-
1922,11,27,7,00,0,-,-
1916,02,21,1,00,0,-,-
1929,12,20,10,00,0,-,-
1919,08,23,3,00,0,-,-
1911,12,19,11,00,0,-,-
1925,03,31,15,00,0,-,-
1908,09,20,15,00,0,-,-
1919,09,27,22,00,0,-,-
1912,05,24,20,00,0,-,-
1912,06,15,7,00,0,-,-
1910,04,24,1,00,0,-,-
1928,12,01,5,00,0,-,-
1892,07,12,0,15,0,-,-
1909,04,20,7,00,0,-,-
1919,12,24,13,00,0,-,-
1923,06,17,15,00,0,-,-
1891,10,17,13,30,0,-,-
1909,05,30,5,00,0,-,-
1925,02,15,1,00,0,-,-
1883,12,26,13,00,0,-,-
1911,09,20,9,00,0,-,-
# End of data from Volume E1, 91 persons
