1907,11,11,19,50,40,43N37,1E26
1828,2,14,22,35,16,49N 7,6E11
1899,7,5,19,50,40,45N46,4E50
1889,6,13,20,48,56,50N18,2E46
1908,4,4,15,50,40,48N50,2E11
1836,10,4,22,51,40,49N26,2E 5
1883,12,18,14,54,16,44N27,1E26
1848,2,4,15,34,8,43N32,6E28
1863,6,10,4,41,16,48N50,2E11
1868,3,3,14,59,40,48N26,0E 5
1886,10,3,4,50,28,47N 5,2E23
1921,5,10,10,30,0,42N42,2E55
1876,4,22,3,59,20,45N39,0E10
1899,1,24,10,0,0,48N35,7E45
1847,6,16,6,38,32,43N18,5E22
1839,5,22,10,29,40,43N14,0E 5
1873,3,16,17,50,36,43N12,2E21
1881,7,6,4,57,36,44N50,0W34
1854,10,20,15,1,28,49N11,0W22
1878,3,20,22,22,0,49N 0,2E 0
1906,12,18,16,50,40,43N12,2E21
1915,2,27,5,0,0,48N42,6E12
1915,1,13,1,0,0,42N42,2E55
1884,10,5,8,50,36,43N12,2E21
1920,7,1,22,0,0,45N11,0E44
1860,12,9,15,50,40,48N50,2E20
1848,7,1,1,47,40,50N39,3E 5
1910,6,23,0,50,40,44N50,0W34
1880,8,26,4,10,0,41N54,12E30
1874,10,6,7,38,32,43N18,5E22
1899,12,21,15,50,40,43N51,4E21
1843,6,26,3,35,0,44N 6,6E15
1899,7,5,5,50,40,48N 7,5E 8
1912,6,6,3,0,0,48N33,2E40
1884,2,27,4,5,0,44N 6,6E15
1886,9,16,5,29,0,48N35,7E45
1896,9,4,8,20,40,43N18,5E22
1827,3,20,7,52,32,46N17,1E52
1913,11,7,7,0,0,43N18,0W22
1829,3,26,2,40,40,43N57,4E50
1921,6,13,19,30,0,48N50,2E 8
1899,11,11,18,50,40,46N34,3E20
1891,11,15,16,50,40,45N39,0E10
1899,3,25,2,50,40,43N42,7E16
1900,7,27,12,50,40,43N18,5E22
1863,7,7,3,50,28,47N 5,2E23
1820,9,17,11,40,24,44N56,4E54
1849,7,19,8,59,20,45N39,0E10
1912,1,21,6,0,0,46N19,0W27
1902,3,29,11,50,40,47N48,3E35
1884,6,27,10,43,40,48N18,4E 5
1879,2,9,18,50,4,48N47,2E29
1799,5,20,11,6,40,48N 7,1W40
1823,3,14,21,16,40,46N34,3E20
1808,11,2,3,4,20,49N 7,1W 5
1920,3,25,13,0,0,47N38,6E52
1873,5,17,22,51,16,48N50,2E11
1911,1,24,3,20,40,44N56,4E54
1862,8,17,14,34,8,48N10,6E28
1926,7,1,1,30,0,43N18,0W22
1897,9,10,17,50,40,45N47,3E 5
1872,4,4,4,42,36,43N51,4E21
1821,4,9,14,50,40,48N50,2E20
1888,10,7,15,51,28,48N50,2E 8
1868,9,24,12,40,40,45N46,4E50
1911,4,17,7,15,0,47N28,0W32
1853,12,26,17,2,8,47N28,0W32
1908,10,30,21,20,40,47N35,1E20
1880,9,10,11,50,48,49N54,2E18
1907,5,22,11,50,40,46N17,1E52
1920,3,7,9,0,0,47N28,0W32
1908,1,9,3,50,40,48N50,2E20
1911,10,27,10,30,0,49N 7,6E11
1837,4,18,18,50,40,48N50,2E20
1883,12,30,2,35,40,48N50,2E20
1929,8,28,0,45,0,48N50,2E11
1880,6,17,19,20,32,49N34,3E37
1908,2,24,9,20,40,43N37,3E53
1932,3,19,15,0,0,47N40,2W44
1866,3,19,17,18,0,48N 4,0W45
1894,9,5,16,50,40,44N31,3E30
1899,3,20,14,50,40,48N50,2E11
1859,8,7,7,29,0,48N35,7E45
1886,7,16,6,51,28,43N55,2E 8
1801,3,13,21,55,40,49N26,1E 5
1885,9,21,13,40,40,45N46,4E50
1915,9,16,18,30,0,45N39,0E10
1892,8,2,6,50,40,48N50,2E 8
1888,2,20,8,50,40,48N50,2E20
1804,2,25,18,35,52,47N15,6E 2
1888,7,30,1,52,0,49N 0,2E 0
1881,12,4,14,10,24,44N56,4E54
1900,9,6,10,50,40,43N51,4E21
1866,9,7,21,35,52,47N15,6E 2
1860,2,10,9,38,32,43N18,5E22
1899,9,7,16,50,40,43N57,4E50
1876,6,20,1,50,40,48N50,2E20
1902,8,1,11,50,40,44N50,0W34
1877,3,28,13,50,28,47N 5,2E23
1866,3,25,18,39,20,48N46,5E10
1915,1,18,7,0,0,49N11,0W22
1882,12,13,5,45,32,49N34,3E37
1922,5,13,3,0,0,48N42,6E12
1848,4,9,11,59,40,48N26,0E 5
1890,4,7,9,50,48,49N54,2E18
1907,9,22,1,50,40,46N18,4E50
1909,9,28,23,50,40,49N34,3E37
1805,2,8,0,30,56,43N42,7E16
1886,7,6,15,40,40,45N46,4E50
1861,11,2,10,9,52,47N19,5E 2
1846,7,11,19,35,52,47N15,6E 2
1876,8,11,6,47,40,50N39,3E 5
1823,8,15,23,12,36,43N51,4E21
1884,5,5,15,30,56,43N42,7E16
1883,12,19,2,58,40,46N35,0E20
1923,6,24,2,0,0,47N24,0E42
1870,1,25,5,35,32,45N54,6E 7
1923,3,5,22,50,0,47N35,1E20
1920,5,25,22,15,0,49N 0,2E 0
1809,6,29,18,40,40,45N46,4E50
1915,1,12,15,0,0,46N34,3E20
1825,12,24,9,44,28,43N37,3E53
1888,11,16,1,40,40,43N57,4E50
1901,9,5,3,50,40,43N51,4E21
1868,9,14,3,11,0,48N31,2W45
1870,6,1,5,11,0,48N31,2W45
1912,2,24,6,30,0,46N40,1W25
1821,5,27,17,25,40,49N26,1E 5
1940,5,13,22,30,0,45N39,0E10
1913,2,27,10,0,0,45N39,0E10
1922,1,24,15,30,0,49N26,2E 5
1912,2,20,15,0,0,43N57,4E50
1905,12,30,16,50,40,49N 0,2E 0
1901,10,24,1,20,40,49N26,2E 5
1887,10,26,12,56,28,48N50,2E 8
1852,3,26,8,35,0,44N 6,6E15
1852,9,2,10,35,48,49N54,2E18
1847,10,4,6,52,24,47N54,1E54
1845,7,28,19,51,16,48N50,2E11
1867,4,14,3,27,12,47N24,0E42
1889,3,31,9,50,0,48N55,2E30
1909,3,31,21,50,40,42N42,2E55
1921,10,22,17,0,0,43N37,3E53
1905,12,22,21,20,40,48N50,2E20
1900,8,14,9,50,40,43N18,5E22
1876,4,12,2,39,20,48N46,5E10
1865,7,31,3,38,32,43N18,5E22
1896,2,19,21,50,40,48N26,0E 5
1930,8,21,2,0,0,43N57,4E50
1891,8,2,18,50,40,50N39,3E 5
1925,4,30,21,0,0,48N 1,0E12
1895,11,21,16,50,40,43N18,5E22
1922,5,28,16,0,0,48N50,2E11
1803,9,12,16,10,56,47N40,2W44
1848,6,29,7,47,40,50N39,3E 5
1851,5,6,0,52,24,47N54,1E54
1849,7,18,15,34,8,43N32,6E28
1906,6,30,18,50,40,49N 7,1W 5
1803,9,20,9,35,32,45N54,6E 7
1905,3,14,15,20,40,47N13,1W35
1909,9,28,20,50,40,44N21,2E34
1926,9,14,2,0,0,50N39,3E 5
1926,4,1,2,0,0,43N37,3E53
1922,3,24,12,0,0,43N37,1E26
1920,2,15,21,0,0,47N13,1W35
1913,3,3,3,0,0,48N57,4E22
1918,11,4,5,30,0,48N47,2E29
1913,11,7,1,0,0,44N23,7E49
1857,11,25,6,38,32,43N18,5E22
1881,6,27,6,55,16,49N 1,1E11
1826,3,4,5,58,40,46N35,0E20
1873,6,28,22,40,40,45N46,4E50
1800,5,10,22,55,40,49N26,1E 5
1910,2,22,11,50,40,46N35,0E20
1925,7,8,15,0,0,43N12,2E21
1894,5,27,15,50,40,48N50,2E11
1900,10,13,3,50,40,44N50,0W34
1914,11,4,2,0,0,43N57,4E50
1914,8,2,8,15,0,50N39,3E 5
1925,6,11,14,0,0,43N51,4E21
1920,6,22,1,0,0,48N 4,0W45
1890,6,7,0,52,56,45N16,1E46
1895,5,23,8,50,40,45N16,1E46
1899,12,8,0,50,40,46N40,1W25
1821,9,17,19,15,32,49N34,3E37
1900,6,6,0,50,40,43N51,4E21
1907,6,14,9,20,40,43N57,4E50
1884,1,2,15,29,20,45N39,0E10
1910,2,27,8,50,40,47N38,6E52
1926,7,5,10,0,0,43N57,4E50
1877,3,25,15,36,40,48N 7,1W40
1914,3,24,2,0,0,48N 7,5E 8
1872,11,6,5,1,48,46N19,0W27
1829,7,19,2,0,8,46N12,6E 9
1809,1,17,1,55,40,49N26,1E 5
1864,5,3,3,59,20,45N39,0E10
1856,5,25,13,35,24,47N37,6E 9
1835,3,15,15,57,28,44N12,0E38
1811,11,28,6,40,40,45N46,4E50
1914,5,3,13,0,0,45N50,1E15
1840,12,3,17,55,0,45N50,1E15
1868,8,6,3,45,32,49N34,3E37
1923,5,29,10,30,0,46N40,5E33
1920,11,10,17,0,0,43N37,3E53
1912,5,19,15,0,0,48N 7,5E 8
1880,8,15,0,47,40,45N47,3E 5
1885,10,7,11,35,0,36N30,6E15
1889,7,5,0,51,28,48N50,2E 8
1879,12,24,14,42,40,50N50,4E20
1873,1,28,21,45,40,47N48,3E35
1798,1,19,11,44,28,43N37,3E53
1808,10,12,2,37,48,46N40,5E33
1881,4,24,7,54,28,48N 7,5E 8
1842,1,26,12,50,40,48N50,2E20
1845,7,18,18,16,24,48N 0,4W 6
1919,4,21,3,25,0,47N13,1W35
1801,8,28,12,35,24,47N37,6E 9
1858,6,25,5,57,12,47N24,0E42
1900,8,10,4,50,40,48N50,2E20
1876,1,22,15,42,40,50N50,4E20
1842,10,1,7,50,36,43N12,2E21
1854,6,10,17,35,16,49N 7,6E11
1917,5,22,21,30,0,43N18,0W22
1898,9,21,20,50,40,49N54,2E18
1913,8,20,0,0,0,48N35,7E45
1922,5,24,15,0,0,48N47,2E29
1901,1,19,17,50,40,48N10,6E28
1804,8,1,4,58,40,46N35,0E20
1913,1,13,17,0,0,44N12,0E38
1840,5,13,1,42,36,43N51,4E21
1837,5,31,16,42,36,43N51,4E21
1867,11,16,22,50,40,48N50,2E20
1908,3,16,17,50,40,49N46,4E44
1876,9,30,12,35,12,48N42,6E12
1905,12,3,15,50,40,44N27,1E26
1883,12,31,8,30,16,49N 1,1E11
1902,8,22,21,20,40,48N27,1E30
1885,5,26,6,50,40,48N50,2E20
1874,11,3,18,31,28,49N11,0W22
1907,11,14,13,50,40,43N18,0W22
1862,9,26,12,54,16,44N27,1E26
1876,9,6,2,10,56,47N40,2W44
1875,9,14,2,40,40,43N57,4E50
1894,4,20,5,50,40,43N12,2E21
1931,12,28,20,0,0,43N18,0W22
1889,2,13,0,57,28,44N12,0E38
1882,8,4,5,27,28,44N12,0E38
1846,9,2,21,50,40,48N50,2E20
1861,3,18,1,50,40,48N50,2E20
1900,7,4,5,50,40,48N50,2E20
1802,2,23,1,39,8,46N12,5E13
1919,11,22,9,30,0,49N26,1E 5
1879,3,22,22,2,32,47N38,6E52
1897,1,2,4,50,40,44N50,0W34
1885,9,11,8,29,20,45N39,0E10
1890,2,17,15,42,32,48N57,4E22
1900,9,1,6,50,40,49N46,4E44
1893,11,28,18,20,40,43N42,7E16
1912,6,19,21,0,0,44N27,1E26
1908,8,24,16,50,40,48N47,2E29
1885,6,15,6,50,48,49N54,2E18
1891,11,13,22,20,40,46N 9,1W10
1873,1,20,18,5,52,47N15,6E 2
1901,7,22,9,50,40,43N37,3E53
1860,3,6,1,10,40,48N50,2E20
1936,2,10,11,0,0,48N 7,1W40
1893,1,3,5,50,40,48N50,2E20
1923,1,23,4,0,0,48N47,2E29
1886,5,21,15,41,4,49N46,4E44
1832,6,9,14,50,40,48N50,2E20
1895,2,5,18,50,40,49N34,3E37
1844,5,3,7,50,40,48N50,2E20
1923,2,24,5,20,0,48N47,2E29
1882,10,26,11,5,28,47N 5,2E23
1882,10,27,4,20,40,48N50,2E20
1887,7,28,13,55,40,49N26,1E 5
1915,3,17,10,20,0,45N39,0E10
1884,6,30,10,50,40,48N50,2E20
1861,6,10,6,50,40,48N50,2E20
1861,11,10,5,54,40,47N35,1E20
1802,7,24,5,15,32,49N34,3E37
1866,3,6,22,42,36,43N51,4E21
1916,11,6,13,0,0,46N12,5E13
1920,2,29,18,0,0,46N17,1E52
1879,6,19,9,55,40,49N26,1E 5
1929,11,17,10,40,0,46N18,4E50
1849,11,22,1,6,20,47N13,1W35
1900,8,30,0,50,40,47N13,1W35
1927,3,4,18,30,0,44N44,4E36
1930,1,1,19,30,0,49N26,1E 5
1858,4,15,0,4,8,48N10,6E28
1904,4,4,3,50,40,46N34,3E20
1895,12,14,10,50,40,48N55,2E30
1900,4,17,16,50,40,44N50,0W34
1916,5,3,21,0,0,43N18,0W22
1879,7,17,19,5,40,46N40,1W25
1822,5,20,19,35,16,49N 7,6E11
1844,5,23,7,45,40,47N48,3E35
1862,2,4,0,39,52,47N19,5E 2
1909,1,26,15,50,40,48N 4,0W45
1869,3,24,10,35,16,49N 7,6E11
1827,6,9,1,44,28,43N37,3E53
1889,2,14,17,51,28,43N55,2E 8
1847,12,17,6,5,40,46N40,1W25
1927,12,4,16,0,0,48N47,2E29
1876,4,27,16,40,40,45N46,4E50
1882,8,31,22,25,40,49N26,1E 5
1879,2,26,15,59,20,45N39,0E10
1873,4,4,12,27,36,44N50,0W34
1877,5,15,15,41,36,44N44,4E36
1873,5,16,8,50,0,48N55,2E30
1913,4,10,1,15,0,48N50,2E11
1821,8,11,15,4,20,49N 7,1W 5
1816,9,29,15,36,40,48N 7,1W40
1862,12,8,5,50,40,48N50,2E20
1819,2,15,19,44,28,43N37,3E53
1842,2,26,0,39,28,48N 7,5E 8
1821,12,12,3,55,40,49N26,1E 5
1872,11,25,7,1,28,49N11,0W22
1829,10,28,10,11,0,48N31,2W45
1890,10,24,14,41,36,44N44,4E36
1881,9,7,3,39,52,47N19,5E 2
1903,8,29,20,50,40,49N 7,1W 5
1906,9,23,5,50,40,46N35,0E20
1865,2,5,9,42,40,50N50,4E20
1809,8,16,21,39,52,47N19,5E 2
1872,2,1,5,42,32,48N57,4E22
1913,5,1,12,0,0,49N 7,1W 5
1914,5,5,14,0,0,47N 5,2E23
1838,10,18,11,2,8,47N28,0W32
1873,5,15,18,51,40,49N26,2E 5
1864,4,6,19,55,0,45N50,1E15
1931,11,3,10,30,0,48N 7,1W40
1844,4,16,6,50,40,48N50,2E20
1809,10,2,17,35,16,49N 7,6E11
1872,10,25,19,47,24,46N59,3E 9
1929,10,11,8,0,0,48N50,2E11
1863,1,27,8,50,40,48N50,2E20
1907,7,26,12,50,40,46N18,4E50
1878,1,18,16,49,44,44N21,2E34
1820,10,24,11,4,40,46N 9,1W10
1896,5,10,14,50,40,43N18,0W22
1832,11,9,16,4,20,49N 7,1W 5
1919,7,10,5,0,0,43N37,1E26
1899,6,3,9,20,40,47N35,1E20
1899,4,12,19,50,40,46N18,4E50
1913,7,17,19,0,0,43N18,5E22
1889,11,25,4,47,40,50N39,3E 5
1885,10,12,1,34,20,49N 7,1W 5
1928,1,9,20,0,0,49N54,2E18
1873,3,31,5,38,32,43N18,5E22
1920,6,28,18,0,0,48N27,1E30
1862,3,28,10,51,16,48N50,2E11
1908,11,4,9,50,40,49N34,3E37
1811,8,30,1,59,40,43N14,0E 5
1895,11,19,13,20,40,48N46,5E10
1839,7,19,17,35,12,48N42,6E12
1925,2,5,15,40,0,50N39,3E 5
1921,5,19,12,0,0,47N28,0W32
1890,11,29,1,47,24,46N59,3E 9
1885,3,6,4,50,40,48N50,2E20
1875,3,15,19,49,20,48N33,2E40
1862,9,27,1,47,40,50N39,3E 5
1869,11,22,2,50,40,48N50,2E20
1847,6,28,23,27,36,43N51,4E21
1855,5,11,14,51,16,48N50,2E11
1881,3,11,2,10,24,44N56,4E54
1884,6,13,11,50,40,48N50,2E20
1910,2,8,10,50,40,45N26,4E23
1895,3,30,6,50,40,44N 6,6E15
1920,1,26,19,0,0,45N50,1E15
1882,10,29,20,55,0,45N50,1E15
1839,5,21,13,55,40,49N26,1E 5
1921,3,11,16,0,0,46N19,0W27
1822,5,26,0,35,12,48N42,6E12
1828,3,7,21,55,0,45N50,1E15
1898,12,5,21,50,40,47N48,3E35
1858,4,4,0,59,40,48N26,0E 5
1869,5,31,5,22,24,47N54,1E54
1803,9,10,8,38,32,43N18,5E22
1910,7,27,5,50,40,47N28,0W32
1805,3,30,22,32,40,50N39,3E 5
1900,9,6,21,50,40,48N50,2E20
1873,10,14,15,50,40,48N50,2E20
1919,9,19,7,0,0,49N11,0W22
1905,4,12,5,50,40,44N 6,6E15
1920,10,18,5,0,0,46N19,0W27
1885,9,5,20,42,36,43N51,4E21
1889,3,29,21,11,0,48N31,2W45
1890,3,25,9,6,40,48N 7,1W40
1886,11,15,17,54,40,47N35,1E20
1873,12,29,23,5,12,48N42,6E12
1891,12,15,2,50,40,49N26,1E 5
1873,11,10,15,46,40,46N34,3E20
1903,3,19,10,50,40,46N18,4E50
1907,8,5,8,50,40,47N40,2W44
1899,1,15,8,5,40,48N31,2W45
1921,3,3,11,0,0,47N13,1W35
1901,8,18,14,50,40,45N26,4E23
1854,10,28,17,3,0,48N 4,0W45
1913,12,11,22,0,0,49N 7,1W 5
1913,1,25,2,0,0,48N 5,7E21
1872,12,12,14,50,40,48N50,2E20
1856,7,22,14,2,8,47N28,0W32
1876,4,23,5,30,56,43N42,7E16
1856,10,27,20,12,32,48N57,4E22
1881,11,23,9,49,20,48N33,2E40
1911,10,31,13,0,0,48N26,0E 5
1843,9,21,2,49,20,48N33,2E40
1878,8,30,12,17,40,50N39,3E 5
1828,11,5,0,25,56,47N40,2W44
1880,10,12,23,46,24,48N 0,4W 6
1918,8,3,6,0,0,49N26,1E 5
1886,2,22,3,6,20,47N13,1W35
1903,5,23,16,50,40,50N39,3E 5
1882,7,17,11,40,16,49N 1,1E11
1862,2,3,14,50,40,48N50,2E20
1864,1,17,21,30,36,48N 5,7E21
1873,10,26,7,29,40,48N26,0E 5
1857,9,2,20,51,16,48N50,2E11
1912,2,18,12,0,0,48N42,6E12
1814,3,28,6,45,32,49N34,3E37
1802,2,26,22,5,52,47N15,6E 2
1901,12,22,16,50,40,48N10,6E28
1907,8,18,1,50,40,47N28,0W32
1906,5,3,11,20,40,50N18,2E46
1848,2,5,6,50,40,48N50,2E20
1907,1,8,8,20,40,46N 9,1W10
1881,1,13,3,1,48,46N19,0W27
1876,7,12,13,16,24,48N 0,4W 6
1884,1,13,2,44,28,43N37,3E53
1878,6,19,10,38,32,43N18,5E22
1868,12,2,3,59,40,43N14,0E 5
1804,2,16,20,42,28,45N26,4E23
1873,9,8,5,3,0,48N 4,0W45
1859,9,3,11,51,28,43N55,2E 8
1884,3,17,22,53,16,46N49,1E41
1885,12,9,13,40,40,46N18,4E50
1888,7,26,7,52,32,46N17,1E52
1887,10,11,11,3,56,50N18,2E46
1859,3,15,1,38,32,43N18,5E22
1859,12,22,9,35,16,49N 7,6E11
1874,8,8,16,51,40,49N26,2E 5
1860,10,5,1,53,16,46N49,1E41
1815,5,6,19,50,40,48N50,2E20
1896,7,24,12,50,40,45N39,0E10
1908,5,27,4,50,40,43N14,0E 5
1832,5,27,2,49,20,48N33,2E40
1802,5,12,6,39,52,47N19,5E 2
1913,2,13,9,0,0,46N 9,1W10
1888,7,14,10,55,40,46N18,4E50
1928,8,13,5,30,0,45N26,4E23
1823,2,21,13,57,36,44N50,0W34
1846,6,29,1,40,56,47N40,2W44
1867,7,19,1,9,52,47N19,5E 2
1877,2,24,1,57,4,45N11,0E44
1889,9,3,20,48,56,50N18,2E46
1924,2,3,18,0,0,46N19,0W27
1828,10,26,9,36,20,45N34,5E55
1913,10,24,23,0,0,48N50,2E20
1927,5,4,2,0,0,48N50,2E11
1812,1,13,1,42,28,45N26,4E23
1881,8,29,1,46,40,46N34,3E20
1878,12,6,1,42,36,43N51,4E21
1927,8,2,21,0,0,43N18,5E22
1817,10,3,7,45,40,47N48,3E35
1902,12,9,6,50,40,45N50,1E15
1867,10,14,3,54,40,44N 1,1E20
1922,5,11,13,0,0,50N39,3E 5
1887,5,24,6,15,16,49N 1,1E11
1883,8,9,3,57,4,45N11,0E44
1859,4,9,11,7,24,47N54,1E54
1883,7,15,9,57,28,44N12,0E38
1842,12,17,21,15,32,49N34,3E37
1872,1,18,0,50,40,48N50,2E20
1869,11,26,16,51,40,49N26,2E 5
1911,1,21,2,20,40,47N13,1W35
1864,12,11,3,55,40,49N26,1E 5
1841,5,7,5,24,0,48N27,1E30
1859,4,2,5,11,0,48N31,2W45
1862,2,25,1,40,24,44N56,4E54
1940,4,13,2,0,0,43N42,7E16
1867,7,9,0,40,40,46N18,4E50
1907,5,18,10,50,40,48N57,4E22
1869,1,16,6,16,24,48N 0,4W 6
1898,9,12,14,20,40,41N55,8E45
1889,5,7,10,3,0,48N 4,0W45
1879,10,4,20,10,56,47N40,2W44
1863,7,14,8,11,0,48N31,2W45
1853,4,27,9,52,24,47N54,1E54
1890,7,11,7,55,40,49N26,1E 5
1875,6,2,13,31,24,48N 0,4W 6
1882,5,3,2,50,40,48N50,2E20
1855,10,7,2,35,16,49N 7,6E11
1814,1,29,17,11,0,48N31,2W45
1926,3,14,13,0,0,47N40,2W44
1867,7,22,23,34,20,49N 7,1W 5
1868,5,6,8,50,40,48N50,2E20
1870,6,18,14,50,40,48N50,2E20
1836,11,29,17,57,4,45N11,0E44
1842,2,12,11,31,28,49N11,0W22
1912,9,14,3,0,0,48N50,2E11
1882,7,8,6,55,40,49N26,1E 5
1898,11,4,9,50,40,50N18,2E46
1915,11,14,7,30,0,49N 7,1W 5
1883,4,17,20,51,40,49N26,2E 5
1931,10,14,12,0,0,49N34,3E37
1874,1,13,22,42,28,45N26,4E23
1884,8,1,22,53,40,42N58,1E35
1908,11,28,1,0,0,50N50,4E20
1929,1,13,13,15,0,48N42,6E12
1870,11,29,18,29,0,48N35,7E45
1900,8,11,7,50,40,48N50,2E11
1801,2,1,9,50,40,48N50,2E20
1857,2,28,0,42,32,48N57,4E22
1855,8,9,18,55,40,49N26,1E 5
1850,1,14,23,34,40,46N 9,1W10
1913,2,3,18,0,0,44N21,2E34
1835,1,10,15,1,28,49N11,0W22
1870,12,10,9,45,8,51N 3,3E43
1882,9,29,4,1,28,49N11,0W22
1883,9,23,18,37,8,45N11,5E43
1892,6,9,21,20,40,43N18,5E22
1918,9,27,11,0,0,49N11,0W22
1893,1,20,10,50,40,48N27,1E30
1898,10,11,11,50,40,43N12,2E21
1871,5,8,13,45,32,49N34,3E37
1877,3,2,9,54,16,43N37,1E26
1916,12,1,4,30,0,46N19,0W27
1862,6,2,1,46,40,46N34,3E20
1876,12,8,19,47,40,45N47,3E 5
1842,3,18,6,50,40,48N50,2E20
1830,5,20,2,55,40,49N26,1E 5
1901,11,3,15,50,40,48N50,2E20
1915,8,29,17,0,0,44N 1,1E20
1883,4,11,7,36,28,48N50,2E 8
1889,12,7,9,50,40,48N50,2E20
1913,11,16,2,0,0,44N27,1E26
1910,1,25,14,50,40,45N16,1E46
1866,12,1,22,49,0,36N35,2E45
1928,3,5,3,5,0,49N34,3E37
1882,11,18,12,50,40,48N50,2E20
1918,4,3,17,0,0,46N19,0W27
1808,6,22,19,35,52,47N15,6E 2
1810,2,20,21,45,32,49N34,3E37
1894,8,24,9,20,40,47N40,2W44
1896,12,7,10,50,40,48N42,6E12
1881,3,23,2,51,16,48N50,2E11
1882,4,25,20,1,48,46N19,0W27
1887,8,22,5,9,52,47N19,5E 2
1879,11,20,1,39,52,47N19,5E 2
1909,7,10,5,50,40,42N58,1E35
1883,7,25,18,50,4,48N47,2E29
1905,3,31,2,50,40,43N18,0W22
1907,10,21,9,50,40,49N34,3E37
1874,1,10,16,35,24,47N37,6E 9
1909,10,1,22,50,40,43N51,4E21
1850,8,5,7,55,40,49N26,1E 5
1885,10,11,3,57,36,44N50,0W34
1885,7,26,19,55,40,49N26,1E 5
1896,4,5,22,50,40,43N18,5E22
1868,4,20,1,38,32,43N18,5E22
1879,12,9,13,16,40,46N34,3E20
1877,12,24,9,30,56,43N42,7E16
1900,4,12,10,5,40,49N26,1E 5
1904,11,11,6,30,40,48N47,2E29
1895,11,22,3,50,40,46N40,1W25
1841,5,21,2,57,36,44N50,0W34
1883,1,29,22,38,32,43N18,5E22
1908,8,29,17,20,40,37N 0,7E45
1908,3,14,22,50,40,46N 9,1W10
1797,1,21,2,8,32,43N18,5E22
1887,9,15,5,50,48,49N54,2E18
1796,5,8,19,38,32,43N18,5E22
1858,8,10,22,42,36,43N51,4E21
1870,8,1,11,5,40,46N40,1W25
1848,2,16,9,1,28,49N11,0W22
1897,9,1,10,50,40,43N55,2E 8
1830,9,8,14,38,32,43N18,5E22
1920,3,29,21,0,0,46N19,0W27
1879,11,14,12,50,36,43N12,2E21
1913,9,1,17,0,0,43N57,4E50
1825,4,30,1,6,20,47N13,1W35
1825,6,23,4,55,0,45N50,1E15
1895,4,20,1,50,40,48N50,2E20
1876,11,22,18,57,36,44N50,0W34
1887,8,3,1,25,0,41N55,8E45
1888,3,13,5,50,40,48N50,2E20
1903,11,29,2,5,40,48N 7,1W40
1905,4,1,10,50,40,45N11,5E43
1910,6,21,10,50,40,44N56,2E26
1907,4,3,0,50,40,47N 5,2E23
1810,12,11,10,50,40,48N50,2E20
1820,2,20,10,47,40,50N39,3E 5
1901,5,15,22,50,40,48N50,2E11
1906,2,20,14,50,40,43N12,2E21
1865,8,25,17,42,32,48N57,4E22
1925,10,31,1,0,0,48N50,2E20
1806,3,20,7,39,52,47N19,5E 2
1876,11,15,7,50,40,48N50,2E20
1883,2,16,20,15,40,47N48,3E35
1859,12,15,6,47,40,45N47,3E 5
1900,4,15,22,50,40,50N39,3E 5
1851,7,31,9,34,8,43N32,6E28
1892,5,8,14,50,40,50N39,3E 5
1907,5,20,5,50,40,44N12,0E38
1880,6,6,4,18,20,42N42,2E55
1933,3,6,12,0,0,48N47,2E29
1895,2,28,16,50,40,43N18,5E22
1829,9,17,22,50,40,48N50,2E20
1883,10,9,12,35,16,49N 7,6E11
1899,12,10,10,50,40,36N30,6E15
1839,8,9,17,42,32,48N57,4E22
1906,8,28,20,50,40,47N24,0E42
1899,9,24,0,50,40,49N46,4E44
1856,4,21,7,42,36,43N51,4E21
1884,12,2,17,42,36,43N51,4E21
1888,12,2,21,51,28,43N55,2E 8
1887,12,25,17,41,4,49N46,4E44
1873,1,7,10,52,24,47N54,1E54
1896,3,7,6,50,40,43N18,5E22
1858,3,28,1,40,40,45N46,4E50
1885,4,24,5,37,8,45N11,5E43
1941,7,26,7,30,0,45N11,0E44
1909,6,3,12,50,40,47N38,6E52
1899,7,4,11,20,40,47N13,1W35
1882,1,22,9,35,52,47N15,6E 2
1901,9,8,5,50,40,48N50,2E 8
1882,10,18,22,12,36,44N50,0W34
1869,12,13,13,39,52,47N19,5E 2
1900,2,23,8,50,40,47N48,3E35
1923,3,5,11,30,0,48N50,2E11
1892,3,13,15,50,40,43N18,0W22
1890,9,9,22,42,36,43N51,4E21
1907,8,17,17,50,40,43N55,2E 8
1874,8,4,20,46,40,46N34,3E20
1924,1,26,12,15,0,46N49,1E41
1915,9,19,5,30,0,44N50,0W34
1895,10,2,17,50,40,48N33,2E40
1892,5,18,0,50,40,44N44,4E36
1851,2,3,11,16,24,48N 0,4W 6
1854,4,29,0,35,12,48N42,6E12
1848,12,30,16,5,40,46N40,1W25
1886,11,5,10,18,20,42N42,2E55
1925,9,14,22,20,0,48N35,7E45
1814,6,1,7,37,8,45N11,5E43
1829,7,8,22,36,0,44N33,6E 0
1811,7,16,13,10,40,43N57,4E50
1877,11,21,22,29,20,45N39,0E10
1849,5,20,14,57,36,44N50,0W34
1887,5,7,0,47,40,45N47,3E 5
1840,10,10,0,54,40,44N 1,1E20
1900,2,4,18,50,40,48N50,2E11
1872,1,2,4,49,20,48N33,2E40
1901,6,13,8,50,40,48N33,2E40
1862,5,1,11,50,40,48N50,2E20
1809,1,15,17,35,52,47N15,6E 2
1871,7,10,23,20,40,48N50,2E20
1917,6,14,21,0,0,46N40,1W25
1924,3,6,8,0,0,43N55,2E 8
1900,6,22,3,50,40,43N42,7E16
1912,7,2,15,0,0,42N42,2E55
1810,2,10,5,42,36,43N51,4E21
1910,1,29,6,20,40,48N 0,4W 6
1903,2,21,3,50,40,49N26,1E 5
1803,2,17,17,39,8,46N12,5E13
1846,9,16,9,57,4,45N11,0E44
1860,2,11,5,57,4,45N11,0E44
1903,6,18,16,40,40,48N47,2E29
1891,3,2,2,58,40,46N35,0E20
1861,3,31,12,37,8,45N11,5E43
1813,10,23,18,40,40,50N20,4E50
1903,11,15,16,50,40,44N56,4E54
1830,3,15,3,57,36,44N50,0W34
1929,1,24,12,0,0,48N42,6E12
1864,12,28,5,1,28,49N11,0W22
1858,8,29,1,11,28,48N50,2E 8
1904,8,6,5,50,40,47N40,2W44
1823,2,28,6,11,0,48N31,2W45
1864,2,22,9,3,0,48N 4,0W45
1815,1,1,13,44,28,43N37,3E53
1889,9,13,8,50,36,43N12,2E21
1873,12,29,17,40,40,46N18,4E50
1806,2,14,15,40,40,45N46,4E50
1839,12,18,3,11,0,48N31,2W45
1907,4,6,21,50,40,42N42,2E55
1849,2,4,1,49,0,36N35,2E45
1867,9,21,7,48,56,50N18,2E46
1854,10,20,5,41,4,49N46,4E44
1886,7,15,3,57,36,44N50,0W34
1930,3,21,11,30,0,45N46,4E50
1922,8,18,6,30,0,48N 0,4W 6
1907,12,4,22,50,40,47N40,2W44
1912,1,19,22,0,0,48N31,2W45
1914,5,4,10,0,0,35N40,0W30
1831,1,30,2,50,40,48N50,2E20
1866,1,29,1,47,24,46N59,3E 9
1903,7,8,3,5,40,47N24,0E42
1846,12,29,8,53,16,46N49,1E41
1885,8,26,11,44,28,45N 3,3E53
1868,4,1,16,38,32,43N18,5E22
1922,9,24,7,30,0,45N50,1E15
1925,1,5,23,0,0,49N26,1E 5
1818,8,8,4,38,32,43N18,5E22
1871,9,23,23,5,52,47N15,6E 2
1877,1,20,5,50,40,48N50,2E20
1913,10,27,8,0,0,46N35,0E20
1912,1,18,14,0,0,45N26,4E23
1911,1,22,8,50,40,43N18,5E22
1897,3,9,0,50,40,43N18,5E22
1926,6,21,9,0,0,43N42,7E16
1907,10,22,17,50,40,36N47,3E 0
1830,4,21,5,6,20,47N13,1W35
1871,6,4,3,38,32,43N18,5E22
1922,8,26,21,0,0,44N56,4E54
1935,6,21,10,0,0,44N27,1E26
1804,12,23,10,48,56,50N18,2E46
1900,6,29,9,5,40,45N46,4E50
1891,9,18,21,20,40,46N19,0W27
1876,5,19,5,51,16,48N50,2E11
1861,1,15,6,38,32,43N18,5E22
1899,8,9,10,20,40,49N26,1E 5
1858,4,3,8,47,40,50N39,3E 5
1811,2,19,6,52,32,46N17,1E52
1827,10,8,0,50,40,48N36,2E20
1897,1,13,4,20,40,47N13,1W35
1905,6,21,18,35,40,48N50,2E20
1883,7,20,10,35,40,46N40,1W25
1909,9,25,5,50,40,44N56,4E54
1898,10,31,6,20,40,42N42,2E55
1877,5,26,2,30,36,48N 5,7E21
1841,1,21,8,29,0,48N35,7E45
1884,2,23,0,35,12,48N42,6E12
1867,8,23,8,51,16,48N50,2E11
1894,2,17,0,50,40,45N11,5E43
1873,1,29,16,6,20,47N13,1W35
1875,3,20,14,1,28,43N18,0W22
1878,1,14,4,16,24,48N 0,4W 6
1917,6,25,11,0,0,45N11,0E44
1913,2,23,21,0,0,44N12,0E38
1875,4,21,9,10,40,49N26,1E 5
1918,5,4,4,0,0,47N37,6E 9
1837,4,18,1,50,40,48N50,2E20
1889,2,2,8,52,56,45N16,1E46
1814,12,27,3,10,56,47N40,2W44
1842,8,13,1,1,28,49N11,0W22
1847,11,2,22,4,20,49N 7,1W 5
1874,1,15,1,42,36,43N51,4E21
1869,8,21,0,40,40,49N26,1E 5
1903,9,9,1,50,40,43N57,4E50
1800,12,23,17,53,40,42N58,1E35
1897,8,2,2,50,40,48N50,2E11
1806,4,15,23,46,24,48N 0,4W 6
1868,7,28,20,35,12,48N42,6E12
1868,6,12,11,38,32,43N18,5E22
1880,4,19,13,59,20,45N39,0E10
1804,1,26,18,50,40,48N50,2E20
1839,3,16,3,50,40,48N50,2E20
1854,4,16,10,14,40,43N14,0E 5
1828,4,21,15,41,4,49N46,4E44
1922,5,27,16,40,0,48N50,2E 8
1795,8,30,18,35,16,49N 7,6E11
1881,5,1,6,47,40,45N47,3E 5
1877,5,9,9,25,0,45N50,1E15
1874,5,18,14,55,0,45N50,1E15
1891,6,18,5,50,40,45N50,1E15
1833,10,8,6,21,28,48N50,2E 8
1874,4,1,14,40,40,46N18,4E50
1795,5,10,20,54,40,47N35,1E20
1914,9,30,20,0,0,45N39,0E10
1801,4,11,0,47,24,46N59,3E 9
1874,1,19,6,50,40,48N50,2E20
1904,5,25,6,20,40,45N39,0E10
1903,8,15,6,50,40,48N 1,0E12
1867,6,5,9,1,28,43N18,0W22
1803,3,17,23,2,8,47N28,0W32
1889,3,17,16,52,56,45N16,1E46
1913,5,18,16,0,0,43N12,2E21
1885,9,24,14,12,44,50N48,4E19
1809,7,29,1,39,28,48N 7,5E 8
1939,8,2,3,0,0,47N48,3E35
1819,11,19,8,55,40,49N26,1E 5
1924,5,7,6,10,0,50N39,3E 5
1871,10,30,18,44,28,43N37,3E53
1832,6,11,9,44,28,45N 3,3E53
1874,7,3,9,57,36,44N50,0W34
1907,5,4,3,50,40,50N39,3E 5
1934,1,24,22,0,0,48N42,6E12
1883,9,10,0,51,16,48N50,2E11
1886,12,21,0,34,8,43N32,6E28
1894,1,8,22,20,40,48N 1,0E12
1913,8,4,17,0,0,43N42,7E16
1844,3,30,20,35,16,49N 7,6E11
1828,2,8,12,6,20,47N13,1W35
1900,11,17,4,50,40,45N39,0E10
1813,10,11,15,52,24,47N54,1E54
1898,9,18,8,20,40,48N55,2E30
1920,3,10,5,30,0,48N50,2E11
1913,5,25,3,45,0,48N50,2E11
1797,3,27,21,57,12,47N24,0E42
1882,11,22,19,50,40,48N50,2E20
1838,11,7,3,11,0,48N31,2W45
1902,4,4,5,50,40,48N36,2E20
1899,11,17,10,50,40,44N27,1E26
1848,2,25,2,30,56,43N42,7E16
1920,2,15,6,0,0,47N15,6E 2
1888,5,25,5,38,32,43N18,5E22
1906,8,5,9,15,0,50N50,4E22
1893,1,25,15,50,40,50N18,2E46
1903,6,8,8,0,0,50N50,4E20
1866,9,8,21,21,28,48N50,2E 8
1927,10,12,11,40,0,49N26,2E 5
1840,4,2,22,50,40,48N50,2E20
1884,8,20,12,40,4,40N30,17E30
1878,2,4,3,25,4,45N24,11E 0
1902,5,8,18,0,0,44N24,7E15
1908,5,2,3,0,0,45N48,9E 0
1900,1,2,8,0,0,37N30,15E 0
1889,3,10,12,10,4,39N24,9E 0
1891,4,19,11,10,4,44N30,11E 0
1889,2,8,14,10,4,45N24,11E 0
1884,7,5,5,40,4,44N42,12E30
1872,12,3,1,40,4,45N24,11E 0
1902,1,3,18,30,0,37N30,15E 0
1897,8,5,2,45,0,43N42,11E30
1877,8,12,6,40,4,43N42,11E30
1880,7,2,14,10,4,44N24,7E15
1899,1,23,7,5,0,45N 0,8E 0
1892,2,4,3,12,4,43N24,13E15
1891,7,16,14,40,4,45N30,12E 0
1905,5,16,5,0,0,43N24,13E15
1896,5,21,9,0,0,44N24,7E15
1896,3,21,6,15,0,43N42,11E 0
1892,7,18,0,10,4,43N18,11E45
1890,11,8,21,40,4,45N12,11E 0
1904,11,25,2,30,0,43N42,11E30
1878,5,12,-1,40,4,45N48,9E15
1907,7,24,19,0,0,37N 0,15E30
1885,12,7,5,10,4,45N24,12E15
1884,1,1,5,10,4,38N 0,15E30
1888,8,9,11,10,4,45N30,12E30
1871,1,19,21,10,4,37N 0,15E30
1875,6,7,11,55,4,41N36,15E30
1899,12,23,22,0,0,43N 0,13E 0
1895,7,30,5,0,0,41N12,17E 0
1902,1,21,14,15,0,38N 6,15E30
1877,11,6,20,40,4,46N 0,13E30
1885,9,1,2,10,4,38N 0,15E30
1891,11,1,8,10,4,43N42,11E30
1885,3,15,8,25,4,37N 0,14E45
1897,10,19,4,30,0,38N 6,15E30
1884,7,4,20,10,4,43N42,11E30
1886,1,15,6,10,4,44N24,12E15
1876,7,29,3,10,4,43N42,11E30
1878,8,10,11,40,4,44N12,12E30
1882,6,12,6,40,4,43N 0,13E 0
1895,10,3,19,20,0,45N36,12E45
1906,6,29,2,30,0,45N30,9E15
1895,3,18,2,30,0,40N18,10E 0
1887,5,12,15,35,4,43N42,10E30
1884,1,3,14,40,4,44N 0,10E15
1866,2,25,13,6,0,42N24,13E30
1883,12,17,15,40,4,42N18,14E15
1863,3,12,7,2,0,42N24,14E30
1920,10,19,1,0,0,46N 0,13E30
1896,8,22,0,0,0,43N42,11E30
1907,6,10,10,40,0,44N36,11E15
1906,9,11,0,10,0,41N30,13E 0
1892,12,17,7,10,4,42N30,13E 0
1883,7,21,6,40,4,38N 0,13E30
1891,1,2,7,40,4,46N 0,13E30
1884,11,22,6,10,4,43N 0,13E 0
1888,3,30,15,25,4,40N54,14E 0
1894,8,30,10,0,0,46N 0,13E30
1907,3,6,4,15,0,44N42,12E30
1876,12,20,17,25,4,43N18,11E45
1897,11,11,10,0,0,46N 0,13E30
1901,10,12,12,30,0,40N54,14E 0
1893,8,31,17,40,4,41N12,17E 0
1900,10,26,1,0,0,44N12,12E30
1900,6,3,5,30,0,42N24,13E30
1894,4,12,21,45,0,46N 0,12E 0
1891,10,27,5,10,4,41N18,15E 0
1910,9,18,22,30,0,45N 0,8E 0
1900,2,7,11,0,0,44N24,12E15
1878,4,18,14,10,4,43N36,9E30
1883,11,19,10,10,4,43N42,11E30
1898,4,21,-1,30,0,43N 0,13E45
1891,10,30,7,10,4,43N 0,13E 0
1902,8,28,17,50,0,45N30,11E 0
1891,7,2,19,40,4,44N30,11E 0
1871,12,6,3,10,4,45N 0,12E15
1902,9,11,10,0,0,45N30,12E30
1891,10,14,22,14,4,40N54,14E 0
1877,7,15,20,10,4,45N12,11E 0
1887,5,18,14,50,4,45N 0,8E 0
1884,10,29,6,40,4,44N42,12E30
1867,12,25,4,10,4,37N30,15E 0
1898,7,13,22,45,0,41N36,13E15
1900,7,24,12,15,0,37N 0,14E45
1899,8,2,6,0,0,44N30,11E 0
1902,8,24,21,5,0,45N12,11E 0
1877,9,2,13,55,4,44N30,11E 0
1893,4,11,1,40,4,43N42,11E30
1898,12,15,2,0,0,39N 0,17E30
1891,10,18,17,10,4,40N42,15E15
1896,12,5,17,7,0,38N 0,13E30
1899,6,8,2,30,0,43N18,11E45
1898,6,9,22,0,0,43N42,11E30
1889,9,22,0,10,4,45N 0,9E 0
1908,5,21,16,0,0,43N42,13E45
1866,5,16,14,54,0,45N 0,9E 0
1875,5,3,16,22,4,42N24,13E30
1899,12,22,3,30,0,45N 0,8E 0
1900,4,11,18,30,0,45N30,9E15
1894,1,18,11,0,0,43N42,11E30
1892,2,3,3,40,4,38N 0,12E30
1893,4,19,11,20,4,45N24,11E 0
1902,7,30,8,15,0,45N30,9E15
1907,2,2,20,30,0,45N 0,9E 0
1881,7,11,9,20,4,45N24,11E 0
1907,5,30,9,30,0,38N 0,13E30
1897,7,17,22,20,0,45N 0,9E45
1868,7,19,12,10,4,40N30,15E45
1875,9,3,20,10,4,45N12,11E 0
1896,2,11,5,0,0,44N24,7E15
1886,1,20,21,10,4,43N36,9E30
1873,11,13,19,40,4,44N30,11E 0
1884,6,21,9,25,4,43N42,13E45
1893,2,27,9,0,4,41N18,15E 0
1893,2,19,12,10,4,43N30,12E 0
1877,2,21,16,40,4,42N18,14E15
1900,9,4,10,0,0,38N 6,15E30
1887,7,17,4,10,4,44N24,9E 0
1914,1,22,19,0,0,39N24,9E 0
1879,5,11,1,10,4,45N 0,8E 0
1897,7,6,6,30,0,37N12,13E30
1885,7,15,10,40,4,38N 6,15E30
1898,6,4,1,0,0,44N48,10E45
1892,2,25,2,12,4,41N36,15E30
1886,2,8,5,15,4,42N42,14E 0
1882,1,27,2,10,4,43N 0,13E 0
1896,10,10,15,0,0,37N30,14E15
1887,7,29,19,10,4,43N42,13E45
1870,10,10,7,10,4,42N18,14E15
1879,10,31,11,0,4,45N 0,9E45
1898,4,24,16,0,0,38N 6,15E30
1899,9,15,16,0,0,45N30,9E 0
1876,5,4,9,10,4,44N24,12E15
1893,1,20,21,30,4,45N12,9E 0
1874,2,28,3,40,4,42N24,12E 0
1898,1,8,3,0,0,44N24,9E 0
1887,11,30,12,10,4,37N30,14E 0
1883,4,7,10,55,4,44N30,11E 0
1872,12,19,3,10,4,44N54,8E30
1911,9,6,19,0,0,45N48,9E 0
1886,12,3,3,40,4,45N12,9E 0
1885,1,2,6,15,4,40N24,18E45
1890,1,10,7,10,4,44N24,12E15
1882,9,11,3,10,4,37N30,14E15
1886,4,14,15,0,4,38N 0,13E30
1888,5,30,4,10,4,37N30,15E 0
1883,1,6,10,10,4,37N30,15E 0
1893,5,9,2,10,4,45N 0,8E 0
1903,8,12,0,20,0,40N36,16E45
1901,9,1,10,50,0,40N36,16E45
1888,3,25,10,20,4,42N30,13E 0
1900,5,1,1,0,0,42N24,13E30
1875,9,5,12,10,4,45N24,11E 0
1886,6,15,18,25,4,43N42,11E 0
1883,7,10,17,10,4,45N 0,8E 0
1879,4,7,20,40,4,43N42,11E30
1895,7,11,16,0,0,41N 0,15E 0
1892,10,13,10,10,4,45N48,9E 0
1895,5,13,0,10,0,45N36,12E45
1884,2,14,9,55,4,45N30,12E30
1900,3,15,5,40,0,42N24,13E30
1896,9,9,10,0,0,43N30,12E 0
1891,11,3,2,10,4,45N36,12E45
1871,11,26,8,40,4,37N30,15E 0
1877,5,11,19,10,4,44N48,10E45
1895,11,28,21,5,0,39N18,16E30
1891,3,7,16,10,4,42N24,13E30
1908,5,10,20,0,0,43N42,11E30
1899,12,21,13,0,0,44N 0,13E 0
1898,5,1,3,30,0,43N42,13E45
1905,6,9,-1,35,0,43N42,10E30
1908,7,27,19,40,0,45N30,9E15
1892,8,14,-1,10,4,43N42,13E45
1887,1,25,16,10,4,45N24,12E15
1882,8,10,0,10,4,45N30,12E30
1876,1,25,1,40,4,43N42,8E 0
1882,6,14,10,35,4,40N30,17E30
1898,2,6,4,30,0,45N30,9E15
1893,4,20,1,30,4,40N42,15E15
1889,10,26,15,40,4,37N30,15E 0
1886,11,16,21,30,4,40N30,17E30
1894,7,11,3,30,0,43N42,11E30
1896,9,29,11,30,0,44N36,10E45
1892,3,30,17,20,4,45N24,11E 0
1899,9,10,11,0,0,44N54,8E30
1912,10,25,14,0,0,44N30,11E 0
1885,10,17,1,40,4,45N24,11E 0
1879,2,1,11,40,4,44N30,11E 0
1887,5,1,2,40,4,38N 0,15E30
1883,8,23,3,10,4,43N42,13E45
1890,8,31,19,47,0,51N13,3E15
1914,2,17,23,0,0,51N14,4E30
1898,12,13,1,0,0,50N51,4E15
1879,1,24,4,12,0,51N14,4E30
1890,3,26,5,12,0,51N14,4E30
1867,12,16,10,42,0,51N14,4E30
1893,10,27,17,30,0,51N14,4E30
1900,3,31,1,0,0,50N50,4E20
1891,6,22,6,45,0,51N 5,3E45
1875,4,27,18,42,0,51N14,4E30
1832,12,13,23,42,0,50N23,4E30
1824,4,16,2,45,0,51N 5,3E45
1834,8,17,2,47,0,51N13,3E15
1863,6,6,22,38,0,50N39,5E30
1838,2,14,22,42,0,51N14,4E30
1828,2,27,15,45,0,51N 5,3E45
1886,2,28,22,43,0,50N51,4E15
1885,4,22,9,38,0,50N47,5E30
1799,3,5,7,42,0,50N20,4E30
1878,7,5,0,43,0,50N51,4E15
1846,11,16,5,45,0,51N 5,3E45
1906,9,25,14,30,0,50N39,5E30
1898,12,4,17,0,0,50N23,4E30
1869,8,11,4,38,0,50N47,5E30
1892,12,10,16,0,0,50N23,4E30
1885,1,19,10,43,0,50N51,4E15
1895,10,18,16,30,0,51N13,3E15
1834,9,30,4,42,0,51N14,4E30
1892,8,1,21,0,0,50N51,4E15
1859,9,20,10,45,0,51N 5,3E45
1847,5,10,22,45,0,51N 5,3E45
1827,2,22,5,38,0,50N39,5E30
1877,2,21,9,43,0,50N51,4E15
1899,5,12,7,30,0,50N51,4E15
1815,12,8,3,47,0,51N13,3E15
1802,6,3,15,47,0,51N13,3E15
1874,7,14,5,43,0,50N51,4E15
1870,5,14,14,47,0,51N13,3E15
1873,10,5,4,38,0,50N39,5E30
1885,10,24,11,43,0,50N51,4E15
1876,1,31,6,43,0,50N51,4E15
1877,11,14,6,17,0,51N13,3E15
1816,5,30,10,12,48,52N 6,4E18
1893,4,17,17,0,0,51N14,4E30
1883,4,15,14,38,0,50N39,5E30
1878,11,25,5,38,0,50N39,5E30
1812,12,3,7,12,0,51N14,4E30
1907,4,1,1,0,0,51N14,4E30
1852,11,24,9,45,0,51N 5,3E45
1847,3,18,22,42,0,50N20,4E30
1834,6,21,0,42,0,51N14,4E30
1850,6,24,6,45,0,51N 5,3E45
1861,2,3,20,43,0,50N51,4E15
1902,3,9,8,0,0,51N13,3E15
1890,10,23,18,15,0,51N 5,3E45
1886,11,19,9,50,40,48N50,2E20
1906,2,24,5,0,0,50N39,5E30
1808,12,6,3,36,4,50N54,5E59
1879,8,23,8,43,0,50N51,4E15
1825,2,10,20,38,0,50N39,5E30
1890,12,7,2,38,0,50N39,5E30
1907,12,15,20,0,0,50N51,4E15
1883,2,21,6,43,0,50N51,4E15
1854,10,8,22,42,0,51N14,4E30
1831,9,30,17,38,0,50N39,5E30
1872,1,9,21,42,0,50N23,4E30
1823,9,12,13,45,0,51N 5,3E45
1808,7,15,16,42,0,50N20,4E30
1808,9,25,4,45,0,51N 5,3E45
1895,6,1,17,0,0,51N 5,3E45
1857,4,15,11,43,0,50N51,4E15
1868,3,16,22,42,0,50N20,4E30
1854,2,14,17,13,0,50N51,4E15
1911,1,28,22,0,0,50N39,5E30
1875,9,15,0,45,0,51N 5,3E45
1891,3,6,6,42,0,50N23,4E30
1889,3,17,2,43,0,50N51,4E15
1881,8,31,9,43,0,50N51,4E15
1879,9,5,16,42,0,51N14,4E30
1854,5,27,17,12,0,51N14,4E30
1862,5,5,2,42,0,51N14,4E30
1872,1,22,10,43,0,50N51,4E15
1829,6,7,18,42,0,50N23,4E30
1874,4,14,18,38,0,50N39,5E30
1870,1,22,5,43,0,50N51,4E15
1898,10,20,8,10,0,50N51,4E15
1834,5,20,22,8,0,50N39,5E30
1891,3,14,22,8,0,50N39,5E30
1811,7,19,0,38,0,50N39,5E30
1828,2,26,21,45,0,51N 5,3E45
1898,2,26,20,0,0,51N 5,3E45
1883,12,30,16,27,0,51N14,4E30
1898,4,3,12,0,0,50N51,4E15
1858,1,7,19,43,0,50N51,4E15
1884,7,31,19,42,0,50N23,4E30
1875,4,23,16,45,0,51N 5,3E45
1900,7,20,2,0,0,51N14,4E30
1842,12,17,11,42,0,51N14,4E30
1863,3,17,4,43,0,50N51,4E15
1898,5,21,3,0,0,50N51,4E15
1902,6,19,11,0,0,50N23,4E30
1908,7,10,17,0,0,50N39,5E30
1868,5,23,17,38,0,50N39,5E30
1861,1,1,9,38,0,50N47,5E30
1881,9,8,6,43,0,50N51,4E15
1846,4,1,0,0,0,51N 5,3E45
1879,6,2,2,45,0,51N 5,3E45
1825,1,28,14,42,0,51N14,4E30
1879,2,10,1,43,0,50N51,4E15
1834,5,31,1,45,0,51N 5,3E45
1843,10,12,13,45,0,51N 5,3E45
1880,7,19,3,42,0,50N23,4E30
1848,1,20,22,17,0,51N13,3E15
1805,9,30,8,13,0,50N51,4E15
1909,12,30,18,0,0,50N39,5E30
1910,10,13,10,0,0,50N51,4E15
1818,11,10,7,27,0,51N14,4E30
1896,4,18,22,15,0,51N 5,3E45
1900,8,27,10,0,0,51N14,4E30
1919,10,27,16,0,0,50N23,4E30
1895,11,29,23,0,0,50N39,5E30
1809,12,16,0,38,0,50N39,5E30
1920,9,1,11,30,0,51N14,4E30
1895,3,30,3,0,0,51N14,4E30
1890,1,10,3,42,0,51N14,4E30
1827,10,5,21,42,0,50N23,4E30
1853,9,6,3,12,0,51N14,4E30
1817,10,17,17,43,0,50N51,4E15
1886,12,20,6,42,0,50N20,4E30
1802,2,27,4,27,0,50N23,4E30
1844,3,23,15,43,0,50N51,4E15
1895,3,4,19,0,0,50N51,4E15
1820,3,5,10,38,0,50N39,5E30
1861,10,21,21,45,0,51N 5,3E45
1901,5,5,22,0,0,51N14,4E30
1862,4,3,11,45,0,51N 5,3E45
1900,3,12,3,0,0,50N39,5E30
1907,6,28,17,0,0,50N23,4E30
1896,3,20,16,0,0,50N39,5E30
1887,11,15,19,42,0,50N20,4E30
1862,8,29,8,15,0,51N 5,3E45
1892,4,6,2,43,0,50N51,4E15
1930,7,6,6,30,0,51N14,4E30
1913,9,16,19,0,0,50N51,4E15
1833,8,10,12,12,0,50N23,4E30
1804,6,22,4,12,0,50N23,4E30
1899,1,11,6,0,0,51N13,3E15
1828,6,12,6,42,0,50N23,4E30
1872,3,25,22,42,0,51N14,4E30
1907,12,25,2,30,0,50N51,4E15
1899,5,24,14,15,0,50N20,4E30
1891,11,30,23,30,0,51N 5,3E45
1866,12,27,5,38,0,50N39,5E30
1891,7,25,9,43,0,50N51,4E15
1897,9,16,4,30,0,51N14,4E30
1851,12,19,17,43,0,50N51,4E15
1898,6,2,3,0,0,50N51,4E15
1876,9,21,4,42,0,51N14,4E30
1811,1,1,3,45,0,51N 5,3E45
1873,5,9,10,42,0,51N14,4E30
1879,2,7,17,43,0,50N51,4E15
1901,3,9,10,0,0,50N51,4E15
1886,2,7,1,42,0,50N23,4E30
1827,3,3,17,43,0,50N51,4E15
1832,4,19,11,27,0,50N23,4E30
1896,12,13,23,0,0,50N23,4E30
1834,1,4,13,45,0,51N 5,3E45
1902,11,29,11,0,0,50N39,5E30
1885,1,22,21,15,0,51N 5,3E45
1882,10,31,18,43,0,50N51,4E15
1879,5,23,1,38,0,50N39,5E30
1818,4,2,19,12,0,50N23,4E30
1879,5,20,9,39,0,50N 2,5E15
1887,7,8,7,45,0,51N 5,3E45
1882,5,7,9,42,0,51N14,4E30
1884,7,17,22,38,0,50N39,5E30
1856,10,27,2,17,0,51N13,3E15
1855,7,16,1,42,0,50N23,4E30
1837,12,6,15,45,0,51N 5,3E45
1895,12,19,20,0,0,51N 5,3E45
1913,5,22,2,45,0,50N51,4E15
1883,8,7,12,12,0,51N14,4E30
1825,3,28,3,42,0,51N14,4E30
1920,3,5,15,0,0,51N 5,3E45
1898,12,19,8,0,0,50N39,5E30
1846,2,14,21,45,0,51N 5,3E45
1824,11,8,22,42,0,51N14,4E30
1861,12,8,22,43,0,50N51,4E15
1819,4,13,17,45,0,51N 5,3E45
1889,6,24,11,57,0,51N14,4E30
1903,2,13,0,10,0,50N39,5E30
1809,7,21,3,47,0,51N13,3E15
1851,10,7,18,43,0,50N51,4E15
1893,2,5,1,0,0,50N 2,5E15
1913,12,5,16,0,0,50N51,4E15
1831,10,16,16,43,0,50N51,4E15
1908,1,23,10,20,0,50N39,5E30
1850,5,10,13,15,0,51N 5,3E45
1871,10,3,9,47,0,51N13,3E15
1874,3,5,0,38,0,50N39,5E30
1838,2,9,4,43,0,50N51,4E15
1879,2,24,6,43,0,50N51,4E15
1881,10,11,2,42,0,50N20,4E30
1888,9,8,1,43,0,50N51,4E15
1897,3,13,8,0,0,50N23,4E30
1819,8,9,23,13,0,50N51,4E15
1856,8,6,6,45,0,51N 5,3E45
1886,7,5,22,42,0,51N14,4E30
1885,5,17,22,43,0,50N51,4E15
1869,1,1,8,38,0,50N39,5E30
1908,7,2,9,0,0,50N51,4E15
1901,1,8,3,0,0,50N51,4E15
1895,7,8,23,0,0,51N14,4E30
1927,3,12,1,0,0,50N23,4E30
1869,6,10,19,43,0,50N51,4E15
1901,4,8,12,0,0,50N51,4E15
1853,12,18,12,42,0,50N23,4E30
1855,5,21,21,12,0,51N14,4E30
1866,2,7,23,12,0,51N14,4E30
1857,2,25,19,47,0,51N13,3E15
1861,4,19,11,47,0,51N13,3E15
1872,5,12,20,43,0,50N51,4E15
1840,11,25,8,47,0,51N13,3E15
1857,6,2,21,47,0,51N13,3E15
1810,8,19,2,42,0,51N14,4E30
1836,11,10,1,15,0,51N 5,3E45
1826,4,25,16,41,28,52N22,4E38
1822,5,29,14,45,0,51N29,3E45
1836,10,26,2,6,48,53N12,5E48
1814,9,13,15,41,28,52N22,4E38
1870,9,29,13,41,28,52N22,4E38
1887,5,10,19,42,8,52N 5,4E28
1893,10,28,2,5,40,52N31,6E 5
1836,10,8,0,45,0,51N29,3E45
1913,3,2,8,40,28,52N 5,4E28
1833,1,7,2,36,48,53N12,5E48
1869,11,23,19,42,8,52N 5,4E28
1814,9,25,17,11,28,52N22,4E38
1874,1,14,9,41,28,52N22,4E38
1822,11,19,19,41,28,52N22,4E38
1880,9,17,1,6,48,53N12,5E48
1886,1,2,8,35,40,52N31,6E 5
1896,7,16,10,41,28,52N22,4E38
1817,2,6,6,33,44,53N13,6E34
1820,4,25,12,36,48,53N12,5E48
1821,8,14,6,36,48,53N12,5E48
1875,2,1,22,36,24,51N59,5E54
1907,11,17,4,42,8,52N 5,4E28
1906,4,18,9,9,28,52N 6,5E 8
1900,6,7,6,39,28,52N 6,5E 8
1887,10,1,14,41,28,52N22,4E38
1898,1,22,19,42,8,52N 5,4E28
1871,9,30,19,34,24,52N59,6E24
1823,11,14,17,42,8,52N 5,4E28
1859,2,13,9,41,28,52N22,4E38
1869,12,31,0,41,28,52N22,4E38
1888,12,15,22,42,8,52N 5,4E28
1901,3,13,17,41,28,52N22,4E38
1908,3,27,14,42,8,52N 5,4E28
1914,4,22,13,40,28,52N22,4E38
1900,2,10,20,36,48,53N12,5E48
1887,12,28,7,41,28,52N22,4E38
1906,9,4,12,12,8,52N 5,4E28
1825,6,3,18,36,48,53N12,5E48
1872,10,27,10,36,48,53N12,5E48
1910,3,9,4,10,28,52N 5,4E28
1883,3,19,9,33,44,53N13,6E34
1906,8,3,2,33,44,53N13,6E34
1879,10,28,7,39,28,52N 6,5E 8
1848,6,13,7,41,28,52N22,4E38
1878,7,22,3,36,48,53N12,5E48
1903,7,9,16,42,8,52N 5,4E28
1911,1,15,0,40,28,52N 5,4E28
1901,8,28,14,41,28,52N22,4E38
1890,12,31,15,37,20,50N51,5E40
1886,12,1,21,37,20,50N51,5E40
1883,5,19,16,11,28,52N22,4E38
1899,7,21,18,6,24,51N59,5E54
1878,5,14,18,12,8,52N 5,4E28
1902,1,25,11,21,24,51N59,5E54
1907,9,30,2,6,24,51N59,5E54
1879,1,19,8,38,44,51N42,5E19
1887,7,16,10,9,28,52N 6,5E 8
1922,1,31,11,40,28,52N 5,4E28
1817,10,31,20,3,44,53N13,6E34
1883,4,6,5,12,8,52N 5,4E28
1898,5,2,18,42,8,52N 5,4E28
1833,11,14,18,11,28,52N22,4E38
1888,12,20,9,38,44,51N42,5E19
1886,11,9,20,2,8,52N 5,4E28
1880,9,10,5,39,28,52N 6,5E 8
1897,9,18,3,41,28,52N22,4E38
1917,3,8,2,10,28,53N12,5E48
1865,3,10,13,36,48,53N12,5E48
1898,11,12,1,42,8,52N 5,4E28
1898,10,20,12,6,24,51N59,5E54
1888,10,25,5,41,28,52N22,4E38
1885,2,18,2,42,8,52N 5,4E28
1868,10,6,22,12,8,52N 5,4E28
1899,8,8,0,41,28,52N22,4E38
1896,1,25,8,41,28,52N22,4E38
1876,10,31,2,35,40,52N31,6E 5
1882,8,16,7,39,28,52N 6,5E 8
1888,5,23,22,11,28,52N22,4E38
1895,2,4,19,51,24,51N59,5E54
1885,4,21,16,42,8,52N 5,4E28
1882,7,13,0,37,20,50N51,5E40
1882,4,29,23,6,48,53N12,5E48
1891,12,11,15,15,0,51N29,3E45
1895,10,8,19,41,28,52N22,4E38
1868,9,7,16,36,24,51N59,5E54
1911,5,20,9,10,28,51N29,3E45
1903,1,25,4,3,44,53N13,6E34
1898,7,25,16,36,48,53N12,5E48
1867,1,13,13,42,8,52N 5,4E28
1825,5,8,17,38,44,51N42,5E19
1812,11,21,21,38,44,51N42,5E19
1825,3,20,1,36,48,53N12,5E48
1901,2,7,12,35,40,52N31,6E 5
1856,12,21,18,41,28,52N22,4E38
1881,1,14,6,41,28,52N22,4E38
1891,5,25,12,36,48,53N12,5E48
1884,11,11,5,42,8,52N 5,4E28
1881,2,16,2,41,28,52N22,4E38
1916,12,16,4,40,28,50N51,5E40
1840,11,10,2,36,48,53N12,5E48
1897,4,29,4,36,24,51N59,5E54
1883,11,30,2,41,28,52N22,4E38
1893,1,11,4,11,28,52N22,4E38
1873,5,14,3,36,24,51N59,5E54
1892,3,2,3,42,8,52N 5,4E28
1898,10,17,17,6,48,53N12,5E48
1880,3,3,4,42,8,52N 5,4E28
1882,5,27,12,9,28,52N 6,5E 8
1818,6,23,2,41,28,52N22,4E38
1918,7,5,23,40,28,51N42,5E19
1904,5,22,1,34,24,52N59,6E24
1896,8,17,9,33,44,53N13,6E34
1907,4,26,13,6,48,53N12,5E48
1892,10,27,4,41,28,52N22,4E38
1885,4,21,6,39,28,52N 6,5E 8
1886,1,23,17,15,0,51N29,3E45
1882,3,22,14,42,8,52N 5,4E28
1906,1,6,7,33,44,53N13,6E34
1894,1,10,17,36,24,51N59,5E54
1881,7,10,14,42,8,52N 5,4E28
1868,3,4,9,40,4,44N24,7E15
1898,5,22,0,20,0,40N54,14E 0
1902,6,17,22,10,0,40N42,15E15
1871,10,19,20,40,4,43N42,13E45
1906,1,27,2,15,0,46N 0,12E 0
1918,5,9,11,0,0,38N 6,15E30
1914,6,27,8,40,0,44N48,10E45
1909,12,29,3,30,0,45N 0,8E 0
1890,2,4,16,10,4,37N30,15E 0
1907,11,20,13,30,0,45N 0,12E15
1918,10,26,17,0,0,45N 0,12E15
1890,1,5,19,25,4,42N24,13E30
1880,6,19,0,10,4,42N18,14E15
1919,1,14,6,0,0,45N 0,12E15
1883,12,15,19,40,4,40N36,16E45
1877,9,15,4,55,4,45N30,9E 0
1892,7,28,4,10,4,43N30,12E 0
1901,5,12,14,20,0,45N12,11E 0
1889,10,25,12,10,4,38N 0,12E30
1900,2,11,9,30,0,45N24,12E15
1875,8,20,16,25,4,45N12,11E 0
1888,3,4,17,10,4,45N 0,8E 0
1866,2,15,13,54,0,45N12,9E 0
1892,9,11,14,10,4,44N42,12E30
1888,1,7,13,10,4,41N12,17E 0
1870,9,25,11,10,4,41N36,14E45
1897,9,27,10,30,0,45N48,9E15
1867,9,29,19,40,4,44N 0,13E 0
1886,10,13,11,50,4,44N30,11E 0
1889,8,21,9,10,4,44N24,9E 0
1909,11,28,21,30,0,43N42,11E30
1888,7,10,18,40,4,45N 0,12E15
1886,9,7,1,40,4,44N30,11E 0
1880,12,14,7,10,4,44N 0,13E 0
1874,2,7,8,10,4,42N30,13E 0
1886,3,4,8,10,4,44N12,12E30
1891,2,17,4,20,4,43N18,11E45
1889,1,8,10,10,4,45N 0,9E 0
1891,3,24,10,40,4,45N12,11E 0
1887,8,14,20,40,4,45N30,9E15
1885,1,9,22,10,4,44N12,12E30
1881,4,15,16,10,4,38N 0,12E30
1884,5,12,2,40,4,44N 0,11E15
1898,12,23,7,30,0,45N 0,12E15
1871,6,1,7,10,4,44N30,11E 0
1891,3,11,0,40,4,40N48,8E30
1857,10,25,4,45,0,40N24,18E45
1889,10,17,8,10,4,45N48,9E 0
1862,1,11,19,47,0,44N48,10E45
1901,7,22,20,0,0,40N54,14E 0
1880,1,2,8,10,4,41N36,13E15
1884,3,19,3,10,4,44N 0,10E15
1897,9,27,12,30,0,46N12,12E 0
1879,12,27,22,40,4,45N 0,8E 0
1869,7,17,19,10,4,45N36,12E45
1878,10,4,10,10,4,41N36,13E15
1868,9,18,5,40,4,45N 0,8E 0
1903,8,23,22,45,0,45N30,11E 0
1897,2,20,-1,55,0,44N30,11E 0
1869,12,29,22,10,4,43N 0,13E45
1896,9,8,9,5,0,45N12,9E 0
1887,8,12,2,10,4,44N42,12E30
1873,10,18,3,10,4,45N12,11E 0
1890,2,2,16,40,4,39N 0,17E30
1871,12,31,14,10,4,45N36,12E45
1870,3,23,13,10,4,45N30,9E15
1886,5,15,19,10,4,44N 0,11E15
1895,9,3,15,30,0,45N 0,12E15
1891,7,12,4,10,4,43N42,10E30
1890,2,11,0,40,4,41N36,13E15
1878,9,23,20,10,4,45N30,11E 0
1878,2,3,11,55,4,44N 0,13E 0
1875,11,6,20,10,4,37N12,13E30
1887,2,13,2,20,4,44N30,11E 0
1885,8,31,14,25,4,45N12,11E 0
1876,1,6,18,40,4,45N12,9E 0
1869,3,9,13,40,4,45N30,9E15
1891,2,12,11,40,4,40N30,15E45
1898,11,3,16,0,0,37N30,15E 0
1899,10,22,18,45,0,45N 0,8E 0
1891,7,14,14,10,4,38N 0,15E30
1903,9,22,22,0,0,41N12,17E 0
1895,9,23,12,0,0,45N 0,9E 0
1885,1,8,21,40,4,44N12,12E30
1873,1,5,14,10,4,41N12,17E 0
1891,5,3,10,10,4,44N12,12E30
1865,3,13,18,28,0,43N42,8E 0
1891,1,17,17,10,4,40N54,14E 0
1874,12,12,4,10,4,45N24,8E30
1884,3,1,6,10,4,45N24,12E15
1888,2,19,1,50,4,44N24,9E 0
1894,8,4,9,30,0,38N 0,15E30
1899,7,29,5,55,0,45N 0,9E 0
1905,10,24,4,0,0,41N 6,14E30
1901,10,22,5,45,0,43N42,13E45
1896,2,6,9,0,0,45N30,12E 0
1888,12,30,11,10,4,41N36,15E30
1887,2,16,5,10,4,45N24,8E30
1881,2,11,13,40,4,45N 0,9E 0
1894,10,30,1,40,0,40N30,17E30
1893,5,21,6,25,4,39N24,9E 0
1895,9,19,14,30,0,45N24,8E30
1903,11,8,11,0,0,43N42,10E30
1869,4,27,17,10,4,44N48,10E45
1878,6,22,-1,10,4,45N 0,8E 0
1869,7,28,1,10,4,43N 0,13E45
1872,9,21,21,25,4,43N30,12E 0
1887,4,12,11,10,4,45N12,11E 0
1895,11,10,16,30,0,45N30,9E15
1887,8,4,22,10,4,45N12,11E 0
1901,1,26,0,0,0,40N36,18E 0
1880,6,27,2,10,4,43N30,12E 0
1883,9,25,4,25,4,43N 0,13E 0
1903,10,11,0,0,0,43N42,11E30
1886,9,5,15,50,4,44N12,12E30
1868,11,17,2,10,4,43N42,11E30
1895,10,9,4,45,0,41N 0,15E 0
1885,9,28,-1,40,4,43N24,13E15
1877,9,26,10,10,4,45N48,9E15
1854,8,23,17,0,0,37N30,15E 0
1881,8,27,9,30,4,45N30,9E15
1904,3,5,6,30,0,38N 0,15E30
1913,10,23,2,0,0,43N 0,13E 0
1920,4,11,14,0,0,40N30,15E45
1866,7,13,20,5,0,43N42,13E45
1900,4,21,4,0,0,39N 0,17E30
1899,11,2,15,25,0,40N24,18E45
1882,11,17,3,10,4,43N 0,13E45
1914,7,30,8,25,0,45N 0,12E15
1914,2,4,5,0,0,42N24,13E30
1882,6,19,15,10,4,44N 0,11E15
1909,8,2,2,0,0,40N54,14E 0
1914,2,22,14,40,0,41N 0,15E 0
1857,4,25,3,7,0,42N24,13E15
1902,5,16,20,30,0,45N30,12E 0
1885,3,19,10,40,4,45N24,12E15
1900,7,25,14,30,0,44N30,11E 0
1908,5,12,22,10,0,40N54,14E 0
1915,11,26,13,30,0,41N 0,15E 0
1881,7,10,22,10,4,45N30,12E30
1893,9,14,15,40,4,42N24,13E30
1890,4,9,9,25,4,42N24,13E15
1909,9,2,13,0,0,38N 0,15E30
1876,5,23,2,10,4,45N30,9E15
1902,9,2,20,0,0,42N24,13E30
1898,11,24,7,0,0,41N36,13E15
1868,1,15,1,10,4,40N24,18E45
1891,3,9,5,40,4,40N36,18E 0
1916,8,21,21,30,0,43N 0,13E45
1892,1,2,5,10,4,41N 0,15E 0
1866,6,10,14,55,0,44N18,8E45
1893,9,12,16,10,4,45N30,9E15
1893,10,31,4,10,4,45N30,9E15
1866,6,4,16,58,0,41N36,15E30
1877,5,10,18,25,4,40N30,15E45
1891,4,13,13,10,4,45N 0,12E15
1903,1,5,0,0,0,40N54,14E 0
1882,7,3,16,10,4,45N30,12E 0
1875,3,25,1,14,4,40N30,15E45
1889,5,1,1,10,4,42N18,14E15
1890,11,24,2,10,4,38N 0,15E30
1897,9,15,14,0,0,45N24,11E 0
1914,7,7,16,0,0,38N 0,15E30
1892,5,19,5,10,4,41N12,17E 0
1885,11,23,7,10,4,43N42,13E45
1896,6,16,2,40,0,42N18,14E15
1901,2,10,5,0,0,45N 0,12E15
1873,9,26,5,25,4,44N30,11E 0
1891,4,18,12,40,4,37N30,15E 0
1898,1,25,13,0,0,42N24,13E30
1889,1,13,8,0,4,41N36,14E45
1904,9,24,8,0,0,44N42,12E30
1866,1,15,5,17,0,44N48,10E45
1921,3,13,22,30,0,37N 0,14E45
1885,7,6,0,10,4,45N12,11E 0
1902,2,22,6,40,0,46N 0,13E30
1876,8,26,11,10,4,40N36,16E45
1885,4,26,0,10,4,40N30,15E45
1878,9,27,11,40,4,44N30,11E 0
1891,10,9,-1,40,4,43N 0,13E45
1883,5,7,17,25,4,43N 0,13E45
1892,2,8,7,50,4,39N 0,17E30
1895,5,2,22,30,0,43N42,10E30
1886,9,24,20,10,4,43N42,11E30
1882,2,8,15,10,4,44N36,11E15
1889,1,25,22,40,4,44N42,12E30
1899,2,21,1,0,0,40N30,15E45
1890,7,15,4,40,4,43N 0,13E45
1875,3,16,9,40,4,45N 0,9E 0
1908,2,26,20,0,0,39N 0,17E30
1876,5,14,9,10,4,45N 0,8E 0
1881,11,14,21,10,4,45N24,12E15
1878,7,21,6,10,4,44N36,11E15
1901,4,3,8,0,0,45N30,12E30
1880,10,15,12,10,4,42N24,13E15
1916,9,1,-1,0,0,41N12,17E 0
1881,4,28,9,10,4,45N24,12E15
1884,11,14,4,10,4,41N36,15E30
1881,8,16,1,40,4,40N48,8E30
1893,12,26,14,5,0,39N 0,17E30
1881,4,9,6,40,4,43N42,8E 0
1898,3,7,14,30,0,39N 0,17E30
1894,1,2,4,17,0,45N 0,12E15
1892,5,30,2,55,4,42N18,14E15
1909,2,25,6,5,0,45N 0,8E 0
1883,3,24,4,10,4,45N36,9E45
1897,12,13,22,0,0,45N12,11E 0
1889,10,26,21,10,4,42N24,13E30
1889,10,23,3,10,4,45N30,11E 0
1894,9,24,17,0,0,45N 0,12E15
1899,9,28,1,0,0,40N54,14E 0
1891,3,7,6,40,4,41N18,15E 0
1905,9,18,10,30,0,45N24,11E 0
1891,5,22,15,40,4,39N18,16E30
1885,1,8,2,10,4,41N36,15E30
1880,2,14,2,40,4,44N36,11E15
1895,12,9,4,30,0,45N12,9E 0
1887,2,27,17,40,4,44N30,11E 0
1870,6,23,12,10,4,45N12,11E 0
1884,10,9,21,10,4,45N30,9E 0
1907,3,28,14,30,0,44N42,12E30
1893,8,19,7,10,4,41N36,15E30
1908,10,2,21,7,0,45N 0,12E15
1878,3,5,4,10,4,45N 0,12E15
1898,6,4,2,45,0,39N 0,17E30
1905,3,9,17,20,0,44N36,11E15
1882,2,12,14,10,4,43N 0,13E 0
1869,6,6,9,10,4,45N 0,8E 0
1888,3,12,21,40,4,37N30,15E 0
1902,3,10,9,30,0,45N30,9E 0
1886,7,11,14,40,4,45N 0,12E15
1915,3,30,9,15,0,41N30,13E 0
1878,9,21,20,10,4,44N30,11E 0
1894,10,20,12,0,0,37N 0,14E45
1891,12,16,17,10,4,44N24,12E15
1882,9,8,0,15,4,42N18,14E15
1871,8,22,11,10,4,40N54,14E 0
1916,1,13,12,30,0,39N24,9E 0
1886,8,24,2,30,4,45N30,9E15
1886,10,31,1,10,4,38N 6,15E30
1901,7,9,20,0,0,39N 0,17E30
1900,10,29,6,0,0,39N 0,17E30
1879,3,15,16,30,4,45N24,8E30
1876,9,13,21,10,4,42N42,11E30
1884,8,24,1,30,4,41N36,13E15
1920,5,23,20,0,0,41N12,17E 0
1881,8,7,7,10,4,43N30,12E 0
1867,8,17,19,40,4,43N 0,13E45
1896,1,1,5,30,0,38N 0,13E30
1891,3,31,11,40,4,43N42,10E30
1896,4,23,10,0,0,45N30,12E30
1878,10,30,22,40,4,43N 0,13E 0
1905,8,30,0,0,0,44N24,12E15
1900,3,15,14,0,0,45N 0,9E 0
1881,8,31,13,40,4,45N30,9E15
1884,6,9,16,40,4,41N12,17E 0
1903,12,16,1,30,0,45N 0,12E15
1896,3,28,0,45,0,37N 0,14E45
1898,11,24,4,15,0,43N18,11E45
1894,2,5,13,10,0,39N 0,17E30
1872,10,23,2,10,4,40N30,17E30
1874,4,25,1,10,4,44N24,12E15
1874,3,6,0,40,4,43N24,13E15
1902,9,14,13,0,0,45N48,9E15
1888,7,24,22,55,4,37N12,13E30
1870,5,7,3,25,4,44N42,12E30
1879,1,19,1,10,4,44N 0,10E30
1886,3,6,22,25,4,44N30,11E 0
1872,7,15,5,10,4,45N 0,12E15
1900,1,13,0,0,0,38N 0,15E30
1894,11,7,18,0,0,44N 0,11E15
1899,6,26,12,0,0,43N24,13E15
1887,8,20,4,10,4,39N18,16E30
1879,10,18,17,40,4,42N24,14E30
1880,9,13,15,10,4,40N30,15E45
1901,12,10,22,30,0,40N18,10E 0
1902,10,15,5,10,0,41N36,15E30
1901,2,18,6,30,0,45N30,9E15
1887,11,23,1,15,4,43N24,13E15
1889,3,14,12,25,4,41N36,15E30
1888,12,5,16,40,4,44N30,11E 0
1885,3,16,8,10,4,44N 0,10E30
1881,11,2,6,25,4,45N24,11E 0
1869,10,30,15,10,4,44N30,11E 0
1889,1,19,15,55,4,45N30,12E30
1874,10,15,22,25,4,44N 0,13E 0
1918,5,19,19,0,0,45N 0,12E15
1921,2,17,14,0,0,45N 0,12E15
1894,12,13,2,0,0,43N42,13E45
1895,4,22,0,0,0,45N12,11E 0
1899,8,3,21,0,0,44N30,11E 0
1884,2,1,0,10,4,45N 0,12E15
1874,6,19,10,40,4,45N 0,9E45
1901,10,12,1,45,0,43N42,13E45
1870,4,24,11,10,4,44N42,12E30
1902,11,25,6,45,0,44N30,11E 0
1884,2,20,20,10,4,45N 0,9E 0
1874,10,19,21,10,4,44N48,10E45
1879,8,24,21,0,4,45N 0,8E 0
1919,12,14,13,20,0,44N42,12E30
1867,3,27,7,10,4,41N 0,15E 0
1901,12,2,2,30,0,39N24,9E 0
1886,11,25,20,25,4,44N30,11E 0
1878,6,12,9,55,4,44N42,12E30
1879,3,31,11,10,4,44N24,7E15
1882,12,10,15,40,4,44N30,11E 0
1882,12,17,18,5,4,45N12,11E 0
1891,7,15,3,10,4,44N36,11E15
1882,7,16,0,50,4,44N 0,11E15
1868,11,8,0,10,4,44N24,7E15
1881,12,19,4,25,4,45N24,11E 0
1893,1,3,9,10,4,45N 0,9E 0
1860,7,11,0,58,0,38N 6,15E30
1879,6,3,5,25,4,44N12,12E30
1881,9,25,19,10,4,44N12,12E30
1892,5,28,10,10,4,38N 0,13E30
1892,8,9,5,42,4,45N12,11E 0
1894,10,9,9,15,0,42N24,13E30
1867,10,28,12,10,4,42N24,13E30
1884,9,15,16,10,4,45N 0,8E 0
1870,8,27,1,10,4,43N 0,13E45
1885,1,11,21,40,4,44N12,12E30
1888,5,19,16,10,4,45N 0,12E15
1905,6,17,16,12,0,45N 0,8E 0
1911,12,26,18,0,0,44N12,12E30
1891,2,8,6,10,4,44N24,12E15
1890,5,24,4,10,4,44N42,12E30
1886,9,14,5,10,4,46N 0,12E 0
1877,4,13,4,10,4,44N 0,11E15
1898,9,14,3,30,0,46N 0,12E 0
1899,9,19,4,5,0,40N36,16E45
1878,7,26,4,10,4,44N30,11E 0
1874,11,11,21,10,4,45N24,11E 0
1879,1,31,5,38,4,41N 0,15E 0
1888,7,8,20,10,4,45N 0,9E45
1881,5,8,2,40,4,40N30,15E45
1900,9,10,13,50,0,38N 0,15E30
1899,1,1,0,0,0,42N42,11E30
1911,6,24,7,0,0,45N 0,8E 0
1896,8,12,5,10,0,40N48,8E30
1886,7,24,11,10,4,41N12,17E 0
1900,5,31,1,30,0,45N12,11E 0
1888,10,24,10,10,4,41N12,17E 0
1892,11,4,9,40,4,44N48,10E45
1902,8,17,-1,30,0,44N24,9E 0
1884,2,5,15,10,4,45N30,11E 0
1869,12,24,13,10,4,44N30,11E 0
1867,1,13,17,10,4,44N54,8E30
1865,7,12,1,59,0,40N42,15E15
1898,2,6,18,10,0,41N12,17E 0
1896,9,25,16,0,0,44N18,8E45
1905,1,15,9,0,0,44N54,8E30
1890,2,3,0,40,4,45N 0,12E15
1886,4,30,9,40,4,45N 0,12E15
1886,1,3,10,10,4,37N30,15E 0
1898,1,9,18,0,0,44N42,12E30
1882,7,8,13,10,4,38N 0,15E30
1918,11,25,18,0,0,43N42,11E 0
1884,9,6,19,10,4,42N18,14E15
1899,2,1,13,0,0,44N30,11E 0
1916,9,24,-1,30,0,40N48,8E30
1921,3,31,20,30,0,40N18,10E 0
1883,8,31,12,10,4,44N24,12E15
1886,11,17,13,20,4,43N24,13E15
1926,7,7,4,30,0,45N 0,8E 0
1881,10,28,1,20,4,41N 0,15E 0
1890,7,11,7,40,4,42N24,13E30
1894,3,1,12,0,0,39N 0,17E30
1897,1,1,4,0,0,40N30,17E30
1892,4,4,11,10,4,45N 0,9E 0
1888,2,28,11,10,4,41N36,13E15
1893,12,1,2,15,0,45N 0,12E15
1906,6,9,13,0,0,46N12,10E 0
1905,10,21,9,30,0,44N54,8E30
1894,12,9,10,0,0,45N30,12E30
1881,1,3,17,10,4,44N36,11E15
1889,6,18,0,20,4,45N 0,9E 0
1892,12,12,15,10,4,39N 0,17E30
1867,6,2,0,10,4,44N18,8E45
1890,9,12,6,25,4,41N36,15E30
1895,8,7,3,0,0,40N30,17E30
1875,7,8,0,10,4,45N 0,12E15
1880,12,3,11,30,4,45N30,12E 0
1866,10,28,15,31,0,44N24,7E15
1890,8,24,17,10,4,40N54,14E 0
1908,11,3,19,0,0,40N36,18E 0
1913,7,24,8,30,0,44N12,12E30
1885,3,13,0,10,4,42N24,12E 0
1894,1,24,3,30,0,41N30,13E 0
1884,3,3,5,10,4,44N48,10E45
1915,6,16,11,20,0,45N30,12E 0
1879,10,3,22,25,4,41N36,14E45
1867,7,19,20,40,4,44N54,8E30
1901,7,5,8,40,0,38N 0,15E30
1902,3,19,9,0,0,45N24,8E30
1891,3,5,21,40,4,40N30,15E45
1903,2,8,9,30,0,41N36,15E30
1902,7,11,9,30,0,43N42,11E30
1890,10,6,6,10,4,37N30,15E 0
1870,6,3,8,10,4,44N30,11E 0
1891,1,13,13,20,4,41N36,14E45
1886,2,17,9,30,4,41N30,13E 0
1894,3,24,10,0,0,45N36,12E45
1880,12,10,11,20,4,45N24,11E 0
1875,6,3,5,25,4,44N36,11E15
1894,6,15,11,15,0,41N 0,15E 0
1895,10,30,18,0,0,46N 0,13E30
1910,7,25,4,0,0,45N30,9E15
1913,7,13,0,30,0,42N18,14E15
1890,6,29,11,40,4,45N 0,8E 0
1862,1,7,14,8,0,43N 0,13E 0
1906,9,22,15,0,0,37N 0,15E30
1873,8,7,10,10,4,43N36,9E30
1899,12,16,1,0,0,42N24,13E15
1886,11,22,0,10,4,41N36,15E30
1919,9,11,1,30,0,42N24,13E30
1902,8,5,0,0,0,40N42,15E15
1905,1,15,5,15,0,39N24,9E 0
1878,10,15,18,25,4,43N 0,13E45
1892,2,24,21,10,4,40N30,15E45
1910,4,19,4,0,0,45N24,11E 0
1876,8,26,13,40,4,45N30,12E 0
1899,10,9,5,0,0,45N30,9E15
1890,5,3,10,5,4,43N42,8E 0
1895,1,11,14,0,0,44N30,11E 0
1868,11,9,8,10,4,44N36,10E45
1887,6,21,3,15,4,44N36,11E15
1887,1,8,18,40,4,40N54,14E 0
1900,11,7,13,30,0,41N12,17E 0
1903,12,5,3,0,0,43N42,10E30
1894,1,14,5,0,0,45N30,12E30
1879,7,17,1,25,4,45N24,11E 0
1874,7,3,7,10,4,45N12,11E 0
1872,1,14,13,40,4,44N30,11E 0
1894,5,24,5,0,0,45N30,9E15
1875,1,2,8,10,4,45N30,9E15
1922,6,26,2,0,0,45N 0,12E15
1889,5,27,11,10,4,45N 0,12E15
1902,2,14,13,0,0,43N42,11E30
1875,12,3,5,40,4,44N 0,11E15
1854,1,11,11,6,0,37N12,13E30
1900,9,12,5,0,0,46N 0,13E30
1906,4,27,15,0,0,44N24,12E15
1882,1,26,11,10,4,43N42,11E30
1885,4,29,20,10,4,43N 0,13E 0
1887,8,12,6,10,4,44N36,10E45
1907,2,1,5,30,0,44N30,11E 0
1914,7,29,5,0,0,45N 0,12E15
1888,4,12,8,25,4,44N12,12E30
1877,8,23,12,10,4,44N30,11E 0
1896,8,4,1,30,0,45N48,9E15
1873,11,1,18,10,4,45N24,11E 0
1901,10,27,4,15,0,44N12,12E30
1903,5,28,17,0,0,45N30,9E15
1914,3,6,5,0,0,45N 0,12E15
1892,1,10,6,10,4,44N30,11E 0
1895,1,12,17,0,0,39N 0,17E30
1894,4,21,19,0,0,44N 0,10E30
1907,4,10,5,15,0,45N 0,12E15
1881,9,27,9,30,4,41N36,15E30
1900,4,14,16,15,0,43N42,11E 0
1883,3,9,12,40,4,45N 0,8E 0
1900,10,10,22,40,0,44N30,11E 0
1882,1,29,6,40,4,45N48,9E 0
1902,9,20,5,15,0,44N36,10E45
1892,1,3,12,40,4,46N 0,13E30
1887,12,19,22,30,0,51N30,7E30
1887,7,27,15,0,0,51N30,7E30
1870,11,12,2,0,0,51N30,7E30
1849,7,6,18,0,0,51N30,7E30
1879,2,23,8,20,0,52N 0,10E 0
1873,5,12,5,54,0,48N30,9E 0
1882,4,8,20,24,0,48N30,9E 0
1869,10,10,5,23,0,50N30,9E15
1898,3,18,2,30,0,50N30,9E15
1880,5,23,1,53,0,50N30,9E15
1868,10,15,5,24,0,48N30,9E 0
1878,11,26,2,54,40,53N 5,8E50
1870,10,28,4,24,0,48N30,9E 0
1875,2,5,15,32,0,49N20,7E 0
1866,8,24,4,45,0,51N 5,3E45
1856,7,26,0,15,0,51N 5,3E45
1893,10,10,1,0,0,51N 5,3E45
1853,2,25,0,39,0,50N 2,5E15
1875,12,28,10,42,0,51N14,4E30
1893,6,26,18,30,0,51N 5,3E45
1821,3,8,19,15,0,51N 5,3E45
1890,6,10,4,42,0,50N20,4E30
1891,10,19,20,43,0,50N51,4E15
1870,5,31,7,47,0,51N13,3E15
1862,5,1,0,0,0,51N 5,3E45
1854,11,1,5,15,0,51N 5,3E45
1902,8,17,3,30,0,50N39,5E30
1835,2,1,14,42,0,51N14,4E30
1849,3,7,15,38,0,50N47,5E30
1901,3,27,19,0,0,50N47,5E30
1845,2,1,9,45,0,51N 5,3E45
1905,1,4,6,0,0,50N51,4E15
1892,6,24,1,0,0,50N51,4E15
1889,5,23,3,8,0,50N39,5E30
1909,12,2,5,0,0,50N39,5E30
1910,1,3,7,30,0,50N20,4E30
1891,10,7,5,3,0,50N51,4E15
1882,1,4,15,38,0,50N39,5E30
1810,3,18,6,38,0,50N39,5E30
1886,10,16,9,8,0,50N39,5E30
1859,5,19,12,38,0,50N39,5E30
1906,8,8,1,0,0,51N13,3E15
1902,11,10,0,0,0,50N51,4E15
1905,4,16,7,0,0,50N51,4E15
1904,9,26,4,0,0,50N51,4E15
1873,1,28,16,43,0,50N51,4E15
1883,11,27,8,39,0,50N 2,5E15
1905,1,13,14,0,0,50N51,4E15
1883,9,2,19,43,0,50N51,4E15
1889,9,30,16,42,0,50N23,4E30
1898,9,28,20,0,0,51N14,4E30
1875,1,7,17,13,0,50N51,4E15
1911,1,7,6,30,0,50N51,4E15
1843,12,9,5,42,0,50N23,4E30
1882,8,31,17,43,0,50N51,4E15
1899,6,3,2,0,0,50N39,5E30
1874,6,7,22,38,0,50N47,5E30
1895,6,22,17,0,0,50N51,4E15
1892,3,19,7,12,0,50N23,4E30
1897,2,6,5,0,0,51N14,4E30
1896,8,21,10,0,0,51N13,3E15
1890,8,26,19,42,0,51N14,4E30
1884,6,7,3,43,0,50N51,4E15
1894,2,7,17,0,0,50N23,4E30
1861,6,14,14,42,0,50N23,4E30
1871,5,26,13,39,0,50N 2,5E15
1888,8,17,7,39,0,50N 2,5E15
1880,1,14,2,39,0,50N 2,5E15
1876,7,10,19,43,0,50N51,4E15
1905,10,22,5,0,0,51N14,4E30
1890,12,19,16,43,0,50N51,4E15
1804,1,30,14,43,0,50N51,4E15
1885,7,11,1,38,0,50N47,5E30
1883,3,25,16,38,0,50N39,5E30
1810,5,1,13,42,0,50N20,4E30
1877,5,21,6,43,0,50N51,4E15
1906,7,26,14,30,0,50N51,4E15
1904,10,6,11,0,0,50N39,5E30
1862,7,26,7,38,0,50N47,5E30
1910,11,27,11,0,0,50N51,4E15
1883,1,18,7,42,0,50N23,4E30
1860,5,14,8,42,0,50N20,4E30
1874,4,15,2,38,0,50N47,5E30
1891,10,17,18,42,0,50N23,4E30
1900,3,8,20,0,0,50N39,5E30
1875,1,18,4,42,0,51N14,4E30
1901,8,19,8,0,0,50N51,4E15
1901,11,30,23,0,0,51N 5,3E45
1853,12,20,6,43,0,50N51,4E15
1876,1,2,6,42,0,50N20,4E30
1879,9,15,5,12,0,51N14,4E30
1836,12,15,6,43,0,50N51,4E15
1896,11,18,17,0,0,50N20,4E30
1863,12,21,10,45,0,51N 5,3E45
1891,6,6,12,30,0,51N 5,3E45
1833,1,17,0,42,0,50N20,4E30
1902,5,15,4,0,0,50N51,4E15
1862,9,19,7,8,0,50N47,5E30
1877,6,14,22,38,0,50N39,5E30
1903,4,4,2,0,0,51N13,3E15
1875,4,24,7,42,0,51N14,4E30
1886,10,29,8,42,0,50N20,4E30
1896,10,11,23,30,0,50N51,4E15
1831,12,12,7,42,0,51N14,4E30
1894,7,25,22,0,0,50N51,4E15
1900,11,2,1,30,0,50N51,4E15
1902,4,11,11,0,0,51N 5,3E45
1895,6,24,22,0,0,50N51,4E15
1893,1,24,2,0,0,50N39,5E30
1889,4,6,22,43,0,50N51,4E15
1872,2,14,5,39,0,50N 2,5E15
1901,12,22,13,0,0,50N39,5E30
1892,10,29,16,0,0,50N39,5E30
1837,5,10,9,45,0,51N 5,3E45
1872,2,25,1,43,0,50N51,4E15
1889,3,30,1,42,0,51N14,4E30
1890,8,12,16,39,0,50N 2,5E15
1875,11,8,17,38,0,50N39,5E30
1901,9,18,12,0,0,50N23,4E30
1885,11,9,22,15,0,51N29,3E45
1871,8,22,10,41,28,52N22,4E38
1897,8,10,16,42,8,52N 5,4E28
1895,3,8,19,39,28,52N 6,5E 8
1874,10,27,10,12,8,52N 5,4E28
1844,7,6,16,38,44,51N42,5E19
1887,6,22,7,42,8,52N 5,4E28
1880,6,13,19,42,8,52N 5,4E28
1884,12,20,8,51,48,53N12,5E48
1880,2,12,23,3,44,53N13,6E34
1876,9,16,14,11,28,52N22,4E38
1877,7,17,10,41,28,52N22,4E38
1861,11,1,22,33,44,53N13,6E34
1906,5,16,2,15,0,51N29,3E45
1903,7,21,12,36,48,53N12,5E48
1873,6,26,12,41,28,52N22,4E38
1913,10,7,23,10,28,52N 5,4E28
1880,9,4,5,42,8,52N 5,4E28
1889,7,3,12,7,20,50N51,5E40
1902,4,2,14,36,24,51N59,5E54
1871,12,13,1,12,8,52N 5,4E28
1911,8,14,21,40,28,52N 5,4E28
1879,2,13,2,36,48,53N12,5E48
1884,10,25,4,39,28,52N 6,5E 8
1872,9,5,9,36,24,51N59,5E54
1870,8,7,22,39,28,52N 6,5E 8
1874,5,12,5,41,28,52N22,4E38
1901,9,6,0,35,40,52N31,6E 5
1905,12,10,10,41,28,52N22,4E38
1831,10,19,20,38,44,51N42,5E19
1904,1,25,13,41,28,52N22,4E38
1899,3,22,10,41,28,52N22,4E38
1813,12,29,20,36,48,53N12,5E48
1819,3,1,5,34,24,52N59,6E24
1891,7,31,9,35,40,52N31,6E 5
1847,1,14,22,42,8,52N 5,4E28
1882,12,4,5,42,8,52N 5,4E28
1917,12,21,14,40,28,52N22,4E38
1889,10,16,12,36,24,51N59,5E54
1868,12,15,6,36,48,53N12,5E48
1883,5,10,22,42,8,52N 5,4E28
1897,2,2,5,0,0,51N29,3E45
1881,3,9,4,37,20,50N51,5E40
1905,5,29,17,41,28,52N22,4E38
1911,5,31,20,40,28,52N 5,4E28
1893,8,2,3,42,8,52N 5,4E28
1900,5,17,6,6,24,51N59,5E54
1861,9,15,1,41,28,52N22,4E38
1887,2,23,11,8,44,51N42,5E19
1902,2,10,6,42,8,52N 5,4E28
1883,10,20,0,41,28,52N22,4E38
1884,3,9,15,42,8,52N 5,4E28
1869,9,22,2,41,28,52N22,4E38
1885,10,7,17,37,20,50N51,5E40
1896,7,5,8,36,48,53N12,5E48
1882,6,7,13,42,8,52N 5,4E28
1895,1,18,4,9,28,52N 6,5E 8
1888,9,13,6,33,44,53N13,6E34
1891,5,25,5,11,28,52N22,4E38
1910,4,4,10,10,28,53N12,5E48
1898,5,29,0,38,44,51N42,5E19
1884,11,13,1,42,8,52N 5,4E28
1881,2,24,4,8,44,51N42,5E19
1893,7,31,7,41,28,52N22,4E38
1818,5,22,13,12,8,52N 5,4E28
1892,7,29,22,42,8,52N 5,4E28
1872,5,9,19,6,48,53N12,5E48
1880,5,6,19,38,44,51N42,5E19
1906,4,17,5,42,8,52N 5,4E28
1813,1,26,18,41,28,52N22,4E38
1879,2,5,18,39,28,52N 6,5E 8
1892,5,9,2,39,28,52N 6,5E 8
1915,6,24,1,40,28,52N 5,4E28
1830,10,16,5,36,48,53N12,5E48
1881,5,8,16,41,28,52N22,4E38
1917,4,27,8,10,28,51N29,3E45
1912,2,5,5,40,28,52N 6,5E 8
1901,2,5,18,33,44,53N13,6E34
1830,1,8,0,36,24,51N59,5E54
1906,12,25,16,41,28,52N22,4E38
1833,10,15,1,36,48,53N12,5E48
1881,5,22,21,41,28,52N22,4E38
1862,11,20,18,37,20,50N51,5E40
1881,5,26,4,38,44,51N42,5E19
1905,6,8,20,39,28,52N 6,5E 8
1878,6,27,13,45,0,51N29,3E45
1898,10,6,3,41,28,52N22,4E38
1886,2,27,17,38,44,51N42,5E19
1889,8,28,18,8,44,51N42,5E19
# End of data from Volume A
